ISO-10303-21;
HEADER;
/* Generated by software containing ST-Developer
 * from STEP Tools, Inc. (www.steptools.com) 
 */

FILE_DESCRIPTION(
/* description */ (''),
/* implementation_level */ '2;1');

FILE_NAME(
/* name */ 'TopPeice.step',
/* time_stamp */ '2026-10-07T09:02:40+10:30',
/* author */ (''),
/* organization */ (''),
/* preprocessor_version */ 'ST-DEVELOPER v20.2',
/* originating_system */ 'Autodesk Translation Framework v15.15.0.0',
/* authorisation */ '');

FILE_SCHEMA (('AUTOMOTIVE_DESIGN { 1 0 10303 214 3 1 1 }'));
ENDSEC;

DATA;
#10=MECHANICAL_DESIGN_GEOMETRIC_PRESENTATION_REPRESENTATION('',(#21,#22,
#23,#24,#25),#4986);
#11=SHAPE_REPRESENTATION_RELATIONSHIP('SRR','None',#4993,#12);
#12=ADVANCED_BREP_SHAPE_REPRESENTATION('',(#26,#27,#28,#29,#30),#4985);
#13=(
BOUNDED_CURVE()
B_SPLINE_CURVE(5,(#4408,#4409,#4410,#4411,#4412,#4413,#4414,#4415,#4416,
#4417,#4418,#4419,#4420,#4421,#4422,#4423,#4424,#4425,#4426,#4427,#4428,
#4429,#4430,#4431,#4432,#4433,#4434,#4435,#4436,#4437,#4438,#4439,#4440,
#4441,#4442,#4443,#4444,#4445,#4446,#4447,#4448,#4449,#4450,#4451,#4452,
#4453,#4454,#4455,#4456,#4457,#4458,#4459,#4460,#4461,#4462,#4463,#4464,
#4465,#4466,#4467,#4468,#4469,#4470,#4471,#4472),.UNSPECIFIED.,.T.,.F.)
B_SPLINE_CURVE_WITH_KNOTS((6,1,1,1,1,1,1,1,1,1,1,1,1,1,1,1,1,1,1,1,1,1,
1,1,1,1,1,1,1,1,1,1,1,1,1,1,1,1,1,1,1,1,1,1,1,1,1,1,1,1,1,1,1,1,1,1,1,1,
1,1,6),(0.,0.0166666666666667,0.0333333333333333,0.05,0.0666666666666667,
0.0833333333333333,0.1,0.116666666666667,0.133333333333333,0.15,0.166666666666667,
0.183333333333333,0.2,0.216666666666667,0.233333333333333,0.25,0.266666666666667,
0.283333333333333,0.3,0.316666666666667,0.333333333333333,0.35,0.366666666666667,
0.383333333333333,0.4,0.416666666666667,0.433333333333333,0.45,0.466666666666667,
0.483333333333333,0.5,0.516666666666667,0.533333333333333,0.55,0.566666666666667,
0.583333333333333,0.6,0.616666666666667,0.633333333333334,0.65,0.666666666666667,
0.683333333333334,0.700000000000001,0.716666666666667,0.733333333333334,
0.750000000000001,0.766666666666667,0.783333333333334,0.800000000000001,
0.816666666666668,0.833333333333334,0.850000000000001,0.866666666666668,
0.883333333333334,0.900000000000001,0.916666666666668,0.933333333333335,
0.950000000000001,0.966666666666668,0.983333333333335,1.),.UNSPECIFIED.)
CURVE()
GEOMETRIC_REPRESENTATION_ITEM()
RATIONAL_B_SPLINE_CURVE((1.,1.,1.,1.,1.,1.,1.,1.,1.,1.,1.,1.,1.,1.,1.,1.,
1.,1.,1.,1.,1.,1.,1.,1.,1.,1.,1.,1.,1.,1.,1.,1.,1.,1.,1.,1.,1.,1.,1.,1.,
1.,1.,1.,1.,1.,1.,1.,1.,1.,1.,1.,1.,1.,1.,1.,1.,1.,1.,1.,1.,1.,1.,1.,1.,
1.))
REPRESENTATION_ITEM('')
);
#14=(
BOUNDED_CURVE()
B_SPLINE_CURVE(5,(#4475,#4476,#4477,#4478,#4479,#4480,#4481,#4482,#4483,
#4484,#4485,#4486,#4487,#4488,#4489,#4490,#4491,#4492,#4493,#4494,#4495,
#4496,#4497,#4498,#4499,#4500,#4501,#4502,#4503,#4504,#4505,#4506,#4507,
#4508,#4509,#4510,#4511,#4512,#4513,#4514,#4515,#4516,#4517,#4518,#4519,
#4520,#4521,#4522,#4523,#4524,#4525,#4526,#4527,#4528,#4529,#4530,#4531,
#4532,#4533,#4534,#4535,#4536,#4537,#4538,#4539),.UNSPECIFIED.,.T.,.F.)
B_SPLINE_CURVE_WITH_KNOTS((6,1,1,1,1,1,1,1,1,1,1,1,1,1,1,1,1,1,1,1,1,1,
1,1,1,1,1,1,1,1,1,1,1,1,1,1,1,1,1,1,1,1,1,1,1,1,1,1,1,1,1,1,1,1,1,1,1,1,
1,1,6),(0.,0.0166666666666667,0.0333333333333333,0.05,0.0666666666666667,
0.0833333333333333,0.1,0.116666666666667,0.133333333333333,0.15,0.166666666666667,
0.183333333333333,0.2,0.216666666666667,0.233333333333333,0.25,0.266666666666667,
0.283333333333333,0.3,0.316666666666667,0.333333333333333,0.35,0.366666666666667,
0.383333333333333,0.4,0.416666666666667,0.433333333333333,0.45,0.466666666666667,
0.483333333333333,0.5,0.516666666666667,0.533333333333333,0.55,0.566666666666667,
0.583333333333333,0.6,0.616666666666667,0.633333333333334,0.65,0.666666666666667,
0.683333333333334,0.700000000000001,0.716666666666667,0.733333333333334,
0.750000000000001,0.766666666666667,0.783333333333334,0.800000000000001,
0.816666666666668,0.833333333333334,0.850000000000001,0.866666666666668,
0.883333333333334,0.900000000000001,0.916666666666668,0.933333333333335,
0.950000000000001,0.966666666666668,0.983333333333335,1.),.UNSPECIFIED.)
CURVE()
GEOMETRIC_REPRESENTATION_ITEM()
RATIONAL_B_SPLINE_CURVE((1.,1.,1.,1.,1.,1.,1.,1.,1.,1.,1.,1.,1.,1.,1.,1.,
1.,1.,1.,1.,1.,1.,1.,1.,1.,1.,1.,1.,1.,1.,1.,1.,1.,1.,1.,1.,1.,1.,1.,1.,
1.,1.,1.,1.,1.,1.,1.,1.,1.,1.,1.,1.,1.,1.,1.,1.,1.,1.,1.,1.,1.,1.,1.,1.,
1.))
REPRESENTATION_ITEM('')
);
#15=(
BOUNDED_CURVE()
B_SPLINE_CURVE(5,(#4714,#4715,#4716,#4717,#4718,#4719,#4720,#4721,#4722,
#4723,#4724,#4725,#4726,#4727,#4728,#4729,#4730,#4731,#4732,#4733,#4734,
#4735),.UNSPECIFIED.,.F.,.F.)
B_SPLINE_CURVE_WITH_KNOTS((6,1,1,1,1,1,1,1,1,1,1,1,1,1,1,1,1,6),(0.443055076228508,
0.466666666666667,0.5,0.533333333333333,0.566666666666667,0.6,0.633333333333333,
0.666666666666667,0.7,0.733333333333333,0.766666666666667,0.8,0.833333333333333,
0.866666666666667,0.9,0.933333333333333,0.966666666666667,1.),
 .UNSPECIFIED.)
CURVE()
GEOMETRIC_REPRESENTATION_ITEM()
RATIONAL_B_SPLINE_CURVE((1.,1.,1.,1.,1.,1.,1.,1.,1.,1.,1.,1.,1.,1.,1.,1.,
1.,1.,1.,1.,1.,1.))
REPRESENTATION_ITEM('')
);
#16=(
BOUNDED_CURVE()
B_SPLINE_CURVE(5,(#4737,#4738,#4739,#4740,#4741,#4742,#4743,#4744,#4745,
#4746,#4747,#4748,#4749,#4750,#4751,#4752,#4753,#4754,#4755,#4756,#4757,
#4758),.UNSPECIFIED.,.F.,.F.)
B_SPLINE_CURVE_WITH_KNOTS((6,1,1,1,1,1,1,1,1,1,1,1,1,1,1,1,1,6),(-1.,-0.966666666666667,
-0.933333333333333,-0.9,-0.866666666666667,-0.833333333333333,-0.8,-0.766666666666667,
-0.733333333333333,-0.7,-0.666666666666667,-0.633333333333333,-0.6,-0.566666666666667,
-0.533333333333333,-0.5,-0.466666666666667,-0.443055076228508),
 .UNSPECIFIED.)
CURVE()
GEOMETRIC_REPRESENTATION_ITEM()
RATIONAL_B_SPLINE_CURVE((1.,1.,1.,1.,1.,1.,1.,1.,1.,1.,1.,1.,1.,1.,1.,1.,
1.,1.,1.,1.,1.,1.))
REPRESENTATION_ITEM('')
);
#17=(
BOUNDED_CURVE()
B_SPLINE_CURVE(5,(#4815,#4816,#4817,#4818,#4819,#4820,#4821,#4822,#4823,
#4824,#4825,#4826,#4827,#4828,#4829),.UNSPECIFIED.,.F.,.F.)
B_SPLINE_CURVE_WITH_KNOTS((6,1,1,1,1,1,1,1,1,1,6),(0.,0.1,0.2,0.3,0.4,0.5,
0.6,0.7,0.8,0.9,1.),.UNSPECIFIED.)
CURVE()
GEOMETRIC_REPRESENTATION_ITEM()
RATIONAL_B_SPLINE_CURVE((1.,1.,1.,1.,1.,1.,1.,1.,1.,1.,1.,1.,1.,1.,1.))
REPRESENTATION_ITEM('')
);
#18=(
BOUNDED_CURVE()
B_SPLINE_CURVE(5,(#4831,#4832,#4833,#4834,#4835,#4836,#4837,#4838,#4839,
#4840,#4841,#4842,#4843,#4844,#4845),.UNSPECIFIED.,.F.,.F.)
B_SPLINE_CURVE_WITH_KNOTS((6,1,1,1,1,1,1,1,1,1,6),(0.,0.1,0.2,0.3,0.4,0.5,
0.6,0.7,0.8,0.9,1.),.UNSPECIFIED.)
CURVE()
GEOMETRIC_REPRESENTATION_ITEM()
RATIONAL_B_SPLINE_CURVE((1.,1.,1.,1.,1.,1.,1.,1.,1.,1.,1.,1.,1.,1.,1.))
REPRESENTATION_ITEM('')
);
#19=(
BOUNDED_CURVE()
B_SPLINE_CURVE(5,(#4913,#4914,#4915,#4916,#4917,#4918,#4919,#4920,#4921,
#4922,#4923,#4924,#4925,#4926,#4927,#4928,#4929,#4930,#4931,#4932,#4933,
#4934,#4935,#4936,#4937,#4938,#4939,#4940,#4941,#4942),.UNSPECIFIED.,.F.,
 .F.)
B_SPLINE_CURVE_WITH_KNOTS((6,1,1,1,1,1,1,1,1,1,1,1,1,1,1,1,1,1,1,1,1,1,
1,1,1,6),(0.448789760183446,0.466666666666666,0.488888888888889,0.511111111111111,
0.533333333333333,0.555555555555555,0.577777777777778,0.6,0.622222222222222,
0.644444444444444,0.666666666666667,0.688888888888889,0.711111111111111,
0.733333333333333,0.755555555555556,0.777777777777778,0.8,0.822222222222222,
0.844444444444445,0.866666666666667,0.888888888888889,0.911111111111111,
0.933333333333334,0.955555555555556,0.977777777777778,1.),.UNSPECIFIED.)
CURVE()
GEOMETRIC_REPRESENTATION_ITEM()
RATIONAL_B_SPLINE_CURVE((1.,1.,1.,1.,1.,1.,1.,1.,1.,1.,1.,1.,1.,1.,1.,1.,
1.,1.,1.,1.,1.,1.,1.,1.,1.,1.,1.,1.,1.,1.))
REPRESENTATION_ITEM('')
);
#20=(
BOUNDED_CURVE()
B_SPLINE_CURVE(5,(#4943,#4944,#4945,#4946,#4947,#4948,#4949,#4950,#4951,
#4952,#4953,#4954,#4955,#4956,#4957,#4958,#4959,#4960,#4961,#4962,#4963,
#4964,#4965,#4966,#4967,#4968,#4969,#4970,#4971,#4972),.UNSPECIFIED.,.F.,
 .F.)
B_SPLINE_CURVE_WITH_KNOTS((6,1,1,1,1,1,1,1,1,1,1,1,1,1,1,1,1,1,1,1,1,1,
1,1,1,6),(0.448789760183465,0.466666666666666,0.488888888888889,0.511111111111111,
0.533333333333333,0.555555555555555,0.577777777777778,0.6,0.622222222222222,
0.644444444444444,0.666666666666667,0.688888888888889,0.711111111111111,
0.733333333333333,0.755555555555556,0.777777777777778,0.8,0.822222222222222,
0.844444444444445,0.866666666666667,0.888888888888889,0.911111111111111,
0.933333333333334,0.955555555555556,0.977777777777778,1.),.UNSPECIFIED.)
CURVE()
GEOMETRIC_REPRESENTATION_ITEM()
RATIONAL_B_SPLINE_CURVE((1.,1.,1.,1.,1.,1.,1.,1.,1.,1.,1.,1.,1.,1.,1.,1.,
1.,1.,1.,1.,1.,1.,1.,1.,1.,1.,1.,1.,1.,1.))
REPRESENTATION_ITEM('')
);
#21=STYLED_ITEM('',(#5003),#26);
#22=STYLED_ITEM('',(#5003),#27);
#23=STYLED_ITEM('',(#5003),#28);
#24=STYLED_ITEM('',(#5003),#29);
#25=STYLED_ITEM('',(#5003),#30);
#26=MANIFOLD_SOLID_BREP('top peice',#2794);
#27=MANIFOLD_SOLID_BREP('shark1',#2795);
#28=MANIFOLD_SOLID_BREP('shark2',#2796);
#29=MANIFOLD_SOLID_BREP('shark3',#2797);
#30=MANIFOLD_SOLID_BREP('shark4',#2798);
#31=FACE_BOUND('',#1034,.T.);
#32=FACE_BOUND('',#1035,.T.);
#33=FACE_BOUND('',#1036,.T.);
#34=FACE_BOUND('',#1037,.T.);
#35=FACE_BOUND('',#1038,.T.);
#36=FACE_BOUND('',#1039,.T.);
#37=FACE_BOUND('',#1040,.T.);
#38=FACE_BOUND('',#1041,.T.);
#39=FACE_BOUND('',#1042,.T.);
#40=FACE_BOUND('',#1043,.T.);
#41=FACE_BOUND('',#1044,.T.);
#42=FACE_BOUND('',#1045,.T.);
#43=FACE_BOUND('',#1046,.T.);
#44=FACE_BOUND('',#1047,.T.);
#45=FACE_BOUND('',#1060,.T.);
#46=FACE_BOUND('',#1061,.T.);
#47=FACE_BOUND('',#1062,.T.);
#48=FACE_BOUND('',#1063,.T.);
#49=FACE_BOUND('',#1064,.T.);
#50=FACE_BOUND('',#1065,.T.);
#51=FACE_BOUND('',#1066,.T.);
#52=FACE_BOUND('',#1067,.T.);
#53=FACE_BOUND('',#1068,.T.);
#54=FACE_BOUND('',#1069,.T.);
#55=FACE_BOUND('',#1070,.T.);
#56=FACE_BOUND('',#1071,.T.);
#57=FACE_BOUND('',#1072,.T.);
#58=FACE_BOUND('',#1073,.T.);
#59=FACE_BOUND('',#1194,.T.);
#60=FACE_BOUND('',#1195,.T.);
#61=FACE_BOUND('',#1196,.T.);
#62=FACE_BOUND('',#1198,.T.);
#63=FACE_BOUND('',#1199,.T.);
#64=FACE_BOUND('',#1200,.T.);
#65=PLANE('',#2820);
#66=PLANE('',#2821);
#67=PLANE('',#2835);
#68=PLANE('',#2842);
#69=PLANE('',#2848);
#70=PLANE('',#2853);
#71=PLANE('',#2854);
#72=PLANE('',#2855);
#73=PLANE('',#2856);
#74=PLANE('',#2857);
#75=PLANE('',#2858);
#76=PLANE('',#2859);
#77=PLANE('',#2860);
#78=PLANE('',#2861);
#79=PLANE('',#2862);
#80=PLANE('',#2863);
#81=PLANE('',#2864);
#82=PLANE('',#2865);
#83=PLANE('',#2866);
#84=PLANE('',#2867);
#85=PLANE('',#2868);
#86=PLANE('',#2869);
#87=PLANE('',#2870);
#88=PLANE('',#2871);
#89=PLANE('',#2872);
#90=PLANE('',#2873);
#91=PLANE('',#2874);
#92=PLANE('',#2875);
#93=PLANE('',#2876);
#94=PLANE('',#2878);
#95=PLANE('',#2879);
#96=PLANE('',#2880);
#97=PLANE('',#2881);
#98=PLANE('',#2882);
#99=PLANE('',#2883);
#100=PLANE('',#2884);
#101=PLANE('',#2885);
#102=PLANE('',#2888);
#103=PLANE('',#2889);
#104=PLANE('',#2890);
#105=PLANE('',#2891);
#106=PLANE('',#2892);
#107=PLANE('',#2893);
#108=PLANE('',#2894);
#109=PLANE('',#2895);
#110=PLANE('',#2897);
#111=PLANE('',#2898);
#112=PLANE('',#2899);
#113=PLANE('',#2900);
#114=PLANE('',#2901);
#115=PLANE('',#2902);
#116=PLANE('',#2903);
#117=PLANE('',#2904);
#118=PLANE('',#2905);
#119=PLANE('',#2906);
#120=PLANE('',#2907);
#121=PLANE('',#2908);
#122=PLANE('',#2909);
#123=PLANE('',#2910);
#124=PLANE('',#2911);
#125=PLANE('',#2912);
#126=PLANE('',#2913);
#127=PLANE('',#2914);
#128=PLANE('',#2915);
#129=PLANE('',#2916);
#130=PLANE('',#2917);
#131=PLANE('',#2918);
#132=PLANE('',#2919);
#133=PLANE('',#2920);
#134=PLANE('',#2921);
#135=PLANE('',#2922);
#136=PLANE('',#2923);
#137=PLANE('',#2924);
#138=PLANE('',#2925);
#139=PLANE('',#2926);
#140=PLANE('',#2927);
#141=PLANE('',#2928);
#142=PLANE('',#2929);
#143=PLANE('',#2930);
#144=PLANE('',#2931);
#145=PLANE('',#2932);
#146=PLANE('',#2933);
#147=PLANE('',#2934);
#148=PLANE('',#2935);
#149=PLANE('',#2936);
#150=PLANE('',#2937);
#151=PLANE('',#2938);
#152=PLANE('',#2942);
#153=PLANE('',#2943);
#154=PLANE('',#2944);
#155=PLANE('',#2945);
#156=PLANE('',#2946);
#157=PLANE('',#2947);
#158=PLANE('',#2948);
#159=PLANE('',#2949);
#160=PLANE('',#2950);
#161=PLANE('',#2951);
#162=PLANE('',#2952);
#163=PLANE('',#2953);
#164=PLANE('',#2954);
#165=PLANE('',#2955);
#166=PLANE('',#2956);
#167=PLANE('',#2957);
#168=PLANE('',#2958);
#169=PLANE('',#2959);
#170=PLANE('',#2960);
#171=PLANE('',#2961);
#172=PLANE('',#2962);
#173=PLANE('',#2963);
#174=PLANE('',#2964);
#175=PLANE('',#2965);
#176=PLANE('',#2966);
#177=PLANE('',#2967);
#178=PLANE('',#2968);
#179=PLANE('',#2969);
#180=PLANE('',#2970);
#181=PLANE('',#2971);
#182=PLANE('',#2975);
#183=PLANE('',#2976);
#184=LINE('',#3676,#529);
#185=LINE('',#3677,#530);
#186=LINE('',#3680,#531);
#187=LINE('',#3683,#532);
#188=LINE('',#3686,#533);
#189=LINE('',#3687,#534);
#190=LINE('',#3690,#535);
#191=LINE('',#3694,#536);
#192=LINE('',#3698,#537);
#193=LINE('',#3704,#538);
#194=LINE('',#3706,#539);
#195=LINE('',#3708,#540);
#196=LINE('',#3709,#541);
#197=LINE('',#3712,#542);
#198=LINE('',#3714,#543);
#199=LINE('',#3716,#544);
#200=LINE('',#3717,#545);
#201=LINE('',#3724,#546);
#202=LINE('',#3726,#547);
#203=LINE('',#3728,#548);
#204=LINE('',#3729,#549);
#205=LINE('',#3732,#550);
#206=LINE('',#3734,#551);
#207=LINE('',#3736,#552);
#208=LINE('',#3737,#553);
#209=LINE('',#3742,#554);
#210=LINE('',#3744,#555);
#211=LINE('',#3746,#556);
#212=LINE('',#3747,#557);
#213=LINE('',#3750,#558);
#214=LINE('',#3752,#559);
#215=LINE('',#3754,#560);
#216=LINE('',#3755,#561);
#217=LINE('',#3758,#562);
#218=LINE('',#3760,#563);
#219=LINE('',#3762,#564);
#220=LINE('',#3763,#565);
#221=LINE('',#3766,#566);
#222=LINE('',#3768,#567);
#223=LINE('',#3770,#568);
#224=LINE('',#3771,#569);
#225=LINE('',#3774,#570);
#226=LINE('',#3776,#571);
#227=LINE('',#3778,#572);
#228=LINE('',#3779,#573);
#229=LINE('',#3782,#574);
#230=LINE('',#3784,#575);
#231=LINE('',#3786,#576);
#232=LINE('',#3787,#577);
#233=LINE('',#3803,#578);
#234=LINE('',#3806,#579);
#235=LINE('',#3809,#580);
#236=LINE('',#3811,#581);
#237=LINE('',#3830,#582);
#238=LINE('',#3831,#583);
#239=LINE('',#3833,#584);
#240=LINE('',#3834,#585);
#241=LINE('',#3851,#586);
#242=LINE('',#3853,#587);
#243=LINE('',#3854,#588);
#244=LINE('',#3858,#589);
#245=LINE('',#3860,#590);
#246=LINE('',#3862,#591);
#247=LINE('',#3863,#592);
#248=LINE('',#3866,#593);
#249=LINE('',#3868,#594);
#250=LINE('',#3870,#595);
#251=LINE('',#3871,#596);
#252=LINE('',#3874,#597);
#253=LINE('',#3876,#598);
#254=LINE('',#3878,#599);
#255=LINE('',#3879,#600);
#256=LINE('',#3882,#601);
#257=LINE('',#3884,#602);
#258=LINE('',#3886,#603);
#259=LINE('',#3887,#604);
#260=LINE('',#3890,#605);
#261=LINE('',#3892,#606);
#262=LINE('',#3894,#607);
#263=LINE('',#3895,#608);
#264=LINE('',#3898,#609);
#265=LINE('',#3900,#610);
#266=LINE('',#3902,#611);
#267=LINE('',#3903,#612);
#268=LINE('',#3908,#613);
#269=LINE('',#3910,#614);
#270=LINE('',#3912,#615);
#271=LINE('',#3913,#616);
#272=LINE('',#3916,#617);
#273=LINE('',#3918,#618);
#274=LINE('',#3920,#619);
#275=LINE('',#3921,#620);
#276=LINE('',#3928,#621);
#277=LINE('',#3930,#622);
#278=LINE('',#3932,#623);
#279=LINE('',#3933,#624);
#280=LINE('',#3936,#625);
#281=LINE('',#3938,#626);
#282=LINE('',#3940,#627);
#283=LINE('',#3941,#628);
#284=LINE('',#3945,#629);
#285=LINE('',#3946,#630);
#286=LINE('',#3948,#631);
#287=LINE('',#3950,#632);
#288=LINE('',#3953,#633);
#289=LINE('',#3954,#634);
#290=LINE('',#3956,#635);
#291=LINE('',#3958,#636);
#292=LINE('',#3961,#637);
#293=LINE('',#3962,#638);
#294=LINE('',#3964,#639);
#295=LINE('',#3966,#640);
#296=LINE('',#3969,#641);
#297=LINE('',#3970,#642);
#298=LINE('',#3972,#643);
#299=LINE('',#3974,#644);
#300=LINE('',#3977,#645);
#301=LINE('',#3978,#646);
#302=LINE('',#3980,#647);
#303=LINE('',#3982,#648);
#304=LINE('',#3985,#649);
#305=LINE('',#3986,#650);
#306=LINE('',#3988,#651);
#307=LINE('',#3990,#652);
#308=LINE('',#3993,#653);
#309=LINE('',#3995,#654);
#310=LINE('',#3996,#655);
#311=LINE('',#3998,#656);
#312=LINE('',#4000,#657);
#313=LINE('',#4003,#658);
#314=LINE('',#4004,#659);
#315=LINE('',#4006,#660);
#316=LINE('',#4008,#661);
#317=LINE('',#4011,#662);
#318=LINE('',#4013,#663);
#319=LINE('',#4015,#664);
#320=LINE('',#4016,#665);
#321=LINE('',#4018,#666);
#322=LINE('',#4020,#667);
#323=LINE('',#4023,#668);
#324=LINE('',#4024,#669);
#325=LINE('',#4026,#670);
#326=LINE('',#4028,#671);
#327=LINE('',#4031,#672);
#328=LINE('',#4036,#673);
#329=LINE('',#4038,#674);
#330=LINE('',#4040,#675);
#331=LINE('',#4041,#676);
#332=LINE('',#4044,#677);
#333=LINE('',#4046,#678);
#334=LINE('',#4047,#679);
#335=LINE('',#4050,#680);
#336=LINE('',#4052,#681);
#337=LINE('',#4053,#682);
#338=LINE('',#4056,#683);
#339=LINE('',#4058,#684);
#340=LINE('',#4059,#685);
#341=LINE('',#4062,#686);
#342=LINE('',#4064,#687);
#343=LINE('',#4065,#688);
#344=LINE('',#4068,#689);
#345=LINE('',#4070,#690);
#346=LINE('',#4071,#691);
#347=LINE('',#4074,#692);
#348=LINE('',#4076,#693);
#349=LINE('',#4077,#694);
#350=LINE('',#4080,#695);
#351=LINE('',#4082,#696);
#352=LINE('',#4083,#697);
#353=LINE('',#4086,#698);
#354=LINE('',#4088,#699);
#355=LINE('',#4089,#700);
#356=LINE('',#4092,#701);
#357=LINE('',#4094,#702);
#358=LINE('',#4095,#703);
#359=LINE('',#4098,#704);
#360=LINE('',#4100,#705);
#361=LINE('',#4101,#706);
#362=LINE('',#4104,#707);
#363=LINE('',#4106,#708);
#364=LINE('',#4107,#709);
#365=LINE('',#4110,#710);
#366=LINE('',#4112,#711);
#367=LINE('',#4113,#712);
#368=LINE('',#4116,#713);
#369=LINE('',#4118,#714);
#370=LINE('',#4119,#715);
#371=LINE('',#4122,#716);
#372=LINE('',#4124,#717);
#373=LINE('',#4125,#718);
#374=LINE('',#4128,#719);
#375=LINE('',#4130,#720);
#376=LINE('',#4131,#721);
#377=LINE('',#4134,#722);
#378=LINE('',#4136,#723);
#379=LINE('',#4137,#724);
#380=LINE('',#4140,#725);
#381=LINE('',#4142,#726);
#382=LINE('',#4143,#727);
#383=LINE('',#4146,#728);
#384=LINE('',#4148,#729);
#385=LINE('',#4149,#730);
#386=LINE('',#4152,#731);
#387=LINE('',#4154,#732);
#388=LINE('',#4155,#733);
#389=LINE('',#4158,#734);
#390=LINE('',#4160,#735);
#391=LINE('',#4161,#736);
#392=LINE('',#4164,#737);
#393=LINE('',#4166,#738);
#394=LINE('',#4167,#739);
#395=LINE('',#4170,#740);
#396=LINE('',#4172,#741);
#397=LINE('',#4173,#742);
#398=LINE('',#4176,#743);
#399=LINE('',#4178,#744);
#400=LINE('',#4179,#745);
#401=LINE('',#4182,#746);
#402=LINE('',#4184,#747);
#403=LINE('',#4185,#748);
#404=LINE('',#4188,#749);
#405=LINE('',#4190,#750);
#406=LINE('',#4191,#751);
#407=LINE('',#4194,#752);
#408=LINE('',#4196,#753);
#409=LINE('',#4197,#754);
#410=LINE('',#4200,#755);
#411=LINE('',#4202,#756);
#412=LINE('',#4203,#757);
#413=LINE('',#4206,#758);
#414=LINE('',#4208,#759);
#415=LINE('',#4209,#760);
#416=LINE('',#4212,#761);
#417=LINE('',#4214,#762);
#418=LINE('',#4215,#763);
#419=LINE('',#4218,#764);
#420=LINE('',#4220,#765);
#421=LINE('',#4221,#766);
#422=LINE('',#4224,#767);
#423=LINE('',#4226,#768);
#424=LINE('',#4227,#769);
#425=LINE('',#4230,#770);
#426=LINE('',#4232,#771);
#427=LINE('',#4233,#772);
#428=LINE('',#4236,#773);
#429=LINE('',#4238,#774);
#430=LINE('',#4239,#775);
#431=LINE('',#4242,#776);
#432=LINE('',#4244,#777);
#433=LINE('',#4245,#778);
#434=LINE('',#4248,#779);
#435=LINE('',#4250,#780);
#436=LINE('',#4251,#781);
#437=LINE('',#4254,#782);
#438=LINE('',#4256,#783);
#439=LINE('',#4257,#784);
#440=LINE('',#4260,#785);
#441=LINE('',#4262,#786);
#442=LINE('',#4263,#787);
#443=LINE('',#4265,#788);
#444=LINE('',#4266,#789);
#445=LINE('',#4273,#790);
#446=LINE('',#4474,#791);
#447=LINE('',#4543,#792);
#448=LINE('',#4545,#793);
#449=LINE('',#4547,#794);
#450=LINE('',#4548,#795);
#451=LINE('',#4551,#796);
#452=LINE('',#4553,#797);
#453=LINE('',#4554,#798);
#454=LINE('',#4557,#799);
#455=LINE('',#4559,#800);
#456=LINE('',#4560,#801);
#457=LINE('',#4562,#802);
#458=LINE('',#4563,#803);
#459=LINE('',#4567,#804);
#460=LINE('',#4569,#805);
#461=LINE('',#4571,#806);
#462=LINE('',#4572,#807);
#463=LINE('',#4575,#808);
#464=LINE('',#4577,#809);
#465=LINE('',#4578,#810);
#466=LINE('',#4581,#811);
#467=LINE('',#4583,#812);
#468=LINE('',#4584,#813);
#469=LINE('',#4587,#814);
#470=LINE('',#4589,#815);
#471=LINE('',#4590,#816);
#472=LINE('',#4592,#817);
#473=LINE('',#4593,#818);
#474=LINE('',#4597,#819);
#475=LINE('',#4599,#820);
#476=LINE('',#4601,#821);
#477=LINE('',#4602,#822);
#478=LINE('',#4605,#823);
#479=LINE('',#4607,#824);
#480=LINE('',#4608,#825);
#481=LINE('',#4611,#826);
#482=LINE('',#4613,#827);
#483=LINE('',#4614,#828);
#484=LINE('',#4617,#829);
#485=LINE('',#4619,#830);
#486=LINE('',#4620,#831);
#487=LINE('',#4623,#832);
#488=LINE('',#4625,#833);
#489=LINE('',#4626,#834);
#490=LINE('',#4629,#835);
#491=LINE('',#4631,#836);
#492=LINE('',#4632,#837);
#493=LINE('',#4635,#838);
#494=LINE('',#4637,#839);
#495=LINE('',#4638,#840);
#496=LINE('',#4641,#841);
#497=LINE('',#4643,#842);
#498=LINE('',#4644,#843);
#499=LINE('',#4647,#844);
#500=LINE('',#4649,#845);
#501=LINE('',#4650,#846);
#502=LINE('',#4653,#847);
#503=LINE('',#4655,#848);
#504=LINE('',#4656,#849);
#505=LINE('',#4659,#850);
#506=LINE('',#4661,#851);
#507=LINE('',#4662,#852);
#508=LINE('',#4665,#853);
#509=LINE('',#4667,#854);
#510=LINE('',#4668,#855);
#511=LINE('',#4759,#856);
#512=LINE('',#4762,#857);
#513=LINE('',#4764,#858);
#514=LINE('',#4765,#859);
#515=LINE('',#4768,#860);
#516=LINE('',#4770,#861);
#517=LINE('',#4771,#862);
#518=LINE('',#4774,#863);
#519=LINE('',#4776,#864);
#520=LINE('',#4777,#865);
#521=LINE('',#4780,#866);
#522=LINE('',#4782,#867);
#523=LINE('',#4783,#868);
#524=LINE('',#4846,#869);
#525=LINE('',#4849,#870);
#526=LINE('',#4851,#871);
#527=LINE('',#4852,#872);
#528=LINE('',#4979,#873);
#529=VECTOR('',#2991,10.);
#530=VECTOR('',#2992,10.);
#531=VECTOR('',#2995,10.);
#532=VECTOR('',#2998,10.);
#533=VECTOR('',#3001,10.);
#534=VECTOR('',#3002,10.);
#535=VECTOR('',#3005,10.);
#536=VECTOR('',#3008,10.);
#537=VECTOR('',#3011,10.);
#538=VECTOR('',#3016,10.);
#539=VECTOR('',#3017,10.);
#540=VECTOR('',#3018,10.);
#541=VECTOR('',#3019,10.);
#542=VECTOR('',#3020,10.);
#543=VECTOR('',#3021,10.);
#544=VECTOR('',#3022,10.);
#545=VECTOR('',#3023,10.);
#546=VECTOR('',#3028,10.);
#547=VECTOR('',#3029,10.);
#548=VECTOR('',#3030,10.);
#549=VECTOR('',#3031,10.);
#550=VECTOR('',#3032,10.);
#551=VECTOR('',#3033,10.);
#552=VECTOR('',#3034,10.);
#553=VECTOR('',#3035,10.);
#554=VECTOR('',#3038,10.);
#555=VECTOR('',#3039,10.);
#556=VECTOR('',#3040,10.);
#557=VECTOR('',#3041,10.);
#558=VECTOR('',#3042,10.);
#559=VECTOR('',#3043,10.);
#560=VECTOR('',#3044,10.);
#561=VECTOR('',#3045,10.);
#562=VECTOR('',#3046,10.);
#563=VECTOR('',#3047,10.);
#564=VECTOR('',#3048,10.);
#565=VECTOR('',#3049,10.);
#566=VECTOR('',#3050,10.);
#567=VECTOR('',#3051,10.);
#568=VECTOR('',#3052,10.);
#569=VECTOR('',#3053,10.);
#570=VECTOR('',#3054,10.);
#571=VECTOR('',#3055,10.);
#572=VECTOR('',#3056,10.);
#573=VECTOR('',#3057,10.);
#574=VECTOR('',#3058,10.);
#575=VECTOR('',#3059,10.);
#576=VECTOR('',#3060,10.);
#577=VECTOR('',#3061,10.);
#578=VECTOR('',#3070,10.);
#579=VECTOR('',#3073,10.);
#580=VECTOR('',#3076,10.);
#581=VECTOR('',#3079,10.);
#582=VECTOR('',#3090,10.);
#583=VECTOR('',#3091,10.);
#584=VECTOR('',#3094,10.);
#585=VECTOR('',#3095,10.);
#586=VECTOR('',#3106,10.);
#587=VECTOR('',#3109,10.);
#588=VECTOR('',#3110,10.);
#589=VECTOR('',#3113,10.);
#590=VECTOR('',#3114,10.);
#591=VECTOR('',#3115,10.);
#592=VECTOR('',#3116,10.);
#593=VECTOR('',#3117,10.);
#594=VECTOR('',#3118,10.);
#595=VECTOR('',#3119,10.);
#596=VECTOR('',#3120,10.);
#597=VECTOR('',#3121,10.);
#598=VECTOR('',#3122,10.);
#599=VECTOR('',#3123,10.);
#600=VECTOR('',#3124,10.);
#601=VECTOR('',#3125,10.);
#602=VECTOR('',#3126,10.);
#603=VECTOR('',#3127,10.);
#604=VECTOR('',#3128,10.);
#605=VECTOR('',#3129,10.);
#606=VECTOR('',#3130,10.);
#607=VECTOR('',#3131,10.);
#608=VECTOR('',#3132,10.);
#609=VECTOR('',#3133,10.);
#610=VECTOR('',#3134,10.);
#611=VECTOR('',#3135,10.);
#612=VECTOR('',#3136,10.);
#613=VECTOR('',#3139,10.);
#614=VECTOR('',#3140,10.);
#615=VECTOR('',#3141,10.);
#616=VECTOR('',#3142,10.);
#617=VECTOR('',#3143,10.);
#618=VECTOR('',#3144,10.);
#619=VECTOR('',#3145,10.);
#620=VECTOR('',#3146,10.);
#621=VECTOR('',#3151,10.);
#622=VECTOR('',#3152,10.);
#623=VECTOR('',#3153,10.);
#624=VECTOR('',#3154,10.);
#625=VECTOR('',#3155,10.);
#626=VECTOR('',#3156,10.);
#627=VECTOR('',#3157,10.);
#628=VECTOR('',#3158,10.);
#629=VECTOR('',#3163,10.);
#630=VECTOR('',#3164,10.);
#631=VECTOR('',#3167,10.);
#632=VECTOR('',#3170,10.);
#633=VECTOR('',#3175,10.);
#634=VECTOR('',#3176,10.);
#635=VECTOR('',#3179,10.);
#636=VECTOR('',#3182,10.);
#637=VECTOR('',#3187,10.);
#638=VECTOR('',#3188,10.);
#639=VECTOR('',#3191,10.);
#640=VECTOR('',#3194,10.);
#641=VECTOR('',#3199,10.);
#642=VECTOR('',#3200,10.);
#643=VECTOR('',#3203,10.);
#644=VECTOR('',#3206,10.);
#645=VECTOR('',#3211,10.);
#646=VECTOR('',#3212,10.);
#647=VECTOR('',#3215,10.);
#648=VECTOR('',#3218,10.);
#649=VECTOR('',#3223,10.);
#650=VECTOR('',#3224,10.);
#651=VECTOR('',#3227,10.);
#652=VECTOR('',#3230,10.);
#653=VECTOR('',#3235,1.45);
#654=VECTOR('',#3238,10.);
#655=VECTOR('',#3239,10.);
#656=VECTOR('',#3242,10.);
#657=VECTOR('',#3245,10.);
#658=VECTOR('',#3250,10.);
#659=VECTOR('',#3251,10.);
#660=VECTOR('',#3254,10.);
#661=VECTOR('',#3257,10.);
#662=VECTOR('',#3262,1.45);
#663=VECTOR('',#3265,1.45);
#664=VECTOR('',#3268,10.);
#665=VECTOR('',#3269,10.);
#666=VECTOR('',#3272,10.);
#667=VECTOR('',#3275,10.);
#668=VECTOR('',#3280,10.);
#669=VECTOR('',#3281,10.);
#670=VECTOR('',#3284,10.);
#671=VECTOR('',#3287,10.);
#672=VECTOR('',#3292,1.45);
#673=VECTOR('',#3297,10.);
#674=VECTOR('',#3298,10.);
#675=VECTOR('',#3299,10.);
#676=VECTOR('',#3300,10.);
#677=VECTOR('',#3303,10.);
#678=VECTOR('',#3304,10.);
#679=VECTOR('',#3305,10.);
#680=VECTOR('',#3308,10.);
#681=VECTOR('',#3309,10.);
#682=VECTOR('',#3310,10.);
#683=VECTOR('',#3313,10.);
#684=VECTOR('',#3314,10.);
#685=VECTOR('',#3315,10.);
#686=VECTOR('',#3318,10.);
#687=VECTOR('',#3319,10.);
#688=VECTOR('',#3320,10.);
#689=VECTOR('',#3323,10.);
#690=VECTOR('',#3324,10.);
#691=VECTOR('',#3325,10.);
#692=VECTOR('',#3328,10.);
#693=VECTOR('',#3329,10.);
#694=VECTOR('',#3330,10.);
#695=VECTOR('',#3333,10.);
#696=VECTOR('',#3334,10.);
#697=VECTOR('',#3335,10.);
#698=VECTOR('',#3338,10.);
#699=VECTOR('',#3339,10.);
#700=VECTOR('',#3340,10.);
#701=VECTOR('',#3343,10.);
#702=VECTOR('',#3344,10.);
#703=VECTOR('',#3345,10.);
#704=VECTOR('',#3348,10.);
#705=VECTOR('',#3349,10.);
#706=VECTOR('',#3350,10.);
#707=VECTOR('',#3353,10.);
#708=VECTOR('',#3354,10.);
#709=VECTOR('',#3355,10.);
#710=VECTOR('',#3358,10.);
#711=VECTOR('',#3359,10.);
#712=VECTOR('',#3360,10.);
#713=VECTOR('',#3363,10.);
#714=VECTOR('',#3364,10.);
#715=VECTOR('',#3365,10.);
#716=VECTOR('',#3368,10.);
#717=VECTOR('',#3369,10.);
#718=VECTOR('',#3370,10.);
#719=VECTOR('',#3373,10.);
#720=VECTOR('',#3374,10.);
#721=VECTOR('',#3375,10.);
#722=VECTOR('',#3378,10.);
#723=VECTOR('',#3379,10.);
#724=VECTOR('',#3380,10.);
#725=VECTOR('',#3383,10.);
#726=VECTOR('',#3384,10.);
#727=VECTOR('',#3385,10.);
#728=VECTOR('',#3388,10.);
#729=VECTOR('',#3389,10.);
#730=VECTOR('',#3390,10.);
#731=VECTOR('',#3393,10.);
#732=VECTOR('',#3394,10.);
#733=VECTOR('',#3395,10.);
#734=VECTOR('',#3398,10.);
#735=VECTOR('',#3399,10.);
#736=VECTOR('',#3400,10.);
#737=VECTOR('',#3403,10.);
#738=VECTOR('',#3404,10.);
#739=VECTOR('',#3405,10.);
#740=VECTOR('',#3408,10.);
#741=VECTOR('',#3409,10.);
#742=VECTOR('',#3410,10.);
#743=VECTOR('',#3413,10.);
#744=VECTOR('',#3414,10.);
#745=VECTOR('',#3415,10.);
#746=VECTOR('',#3418,10.);
#747=VECTOR('',#3419,10.);
#748=VECTOR('',#3420,10.);
#749=VECTOR('',#3423,10.);
#750=VECTOR('',#3424,10.);
#751=VECTOR('',#3425,10.);
#752=VECTOR('',#3428,10.);
#753=VECTOR('',#3429,10.);
#754=VECTOR('',#3430,10.);
#755=VECTOR('',#3433,10.);
#756=VECTOR('',#3434,10.);
#757=VECTOR('',#3435,10.);
#758=VECTOR('',#3438,10.);
#759=VECTOR('',#3439,10.);
#760=VECTOR('',#3440,10.);
#761=VECTOR('',#3443,10.);
#762=VECTOR('',#3444,10.);
#763=VECTOR('',#3445,10.);
#764=VECTOR('',#3448,10.);
#765=VECTOR('',#3449,10.);
#766=VECTOR('',#3450,10.);
#767=VECTOR('',#3453,10.);
#768=VECTOR('',#3454,10.);
#769=VECTOR('',#3455,10.);
#770=VECTOR('',#3458,10.);
#771=VECTOR('',#3459,10.);
#772=VECTOR('',#3460,10.);
#773=VECTOR('',#3463,10.);
#774=VECTOR('',#3464,10.);
#775=VECTOR('',#3465,10.);
#776=VECTOR('',#3468,10.);
#777=VECTOR('',#3469,10.);
#778=VECTOR('',#3470,10.);
#779=VECTOR('',#3473,10.);
#780=VECTOR('',#3474,10.);
#781=VECTOR('',#3475,10.);
#782=VECTOR('',#3478,10.);
#783=VECTOR('',#3479,10.);
#784=VECTOR('',#3480,10.);
#785=VECTOR('',#3483,10.);
#786=VECTOR('',#3484,10.);
#787=VECTOR('',#3485,10.);
#788=VECTOR('',#3488,10.);
#789=VECTOR('',#3489,10.);
#790=VECTOR('',#3498,0.205375651697835);
#791=VECTOR('',#3505,10.);
#792=VECTOR('',#3508,10.);
#793=VECTOR('',#3509,10.);
#794=VECTOR('',#3510,10.);
#795=VECTOR('',#3511,10.);
#796=VECTOR('',#3514,10.);
#797=VECTOR('',#3515,10.);
#798=VECTOR('',#3516,10.);
#799=VECTOR('',#3519,10.);
#800=VECTOR('',#3520,10.);
#801=VECTOR('',#3521,10.);
#802=VECTOR('',#3524,10.);
#803=VECTOR('',#3525,10.);
#804=VECTOR('',#3528,10.);
#805=VECTOR('',#3529,10.);
#806=VECTOR('',#3530,10.);
#807=VECTOR('',#3531,10.);
#808=VECTOR('',#3534,10.);
#809=VECTOR('',#3535,10.);
#810=VECTOR('',#3536,10.);
#811=VECTOR('',#3539,10.);
#812=VECTOR('',#3540,10.);
#813=VECTOR('',#3541,10.);
#814=VECTOR('',#3544,10.);
#815=VECTOR('',#3545,10.);
#816=VECTOR('',#3546,10.);
#817=VECTOR('',#3549,10.);
#818=VECTOR('',#3550,10.);
#819=VECTOR('',#3553,10.);
#820=VECTOR('',#3554,10.);
#821=VECTOR('',#3555,10.);
#822=VECTOR('',#3556,10.);
#823=VECTOR('',#3559,10.);
#824=VECTOR('',#3560,10.);
#825=VECTOR('',#3561,10.);
#826=VECTOR('',#3564,10.);
#827=VECTOR('',#3565,10.);
#828=VECTOR('',#3566,10.);
#829=VECTOR('',#3569,10.);
#830=VECTOR('',#3570,10.);
#831=VECTOR('',#3571,10.);
#832=VECTOR('',#3574,10.);
#833=VECTOR('',#3575,10.);
#834=VECTOR('',#3576,10.);
#835=VECTOR('',#3579,10.);
#836=VECTOR('',#3580,10.);
#837=VECTOR('',#3581,10.);
#838=VECTOR('',#3584,10.);
#839=VECTOR('',#3585,10.);
#840=VECTOR('',#3586,10.);
#841=VECTOR('',#3589,10.);
#842=VECTOR('',#3590,10.);
#843=VECTOR('',#3591,10.);
#844=VECTOR('',#3594,10.);
#845=VECTOR('',#3595,10.);
#846=VECTOR('',#3596,10.);
#847=VECTOR('',#3599,10.);
#848=VECTOR('',#3600,10.);
#849=VECTOR('',#3601,10.);
#850=VECTOR('',#3604,10.);
#851=VECTOR('',#3605,10.);
#852=VECTOR('',#3606,10.);
#853=VECTOR('',#3609,10.);
#854=VECTOR('',#3610,10.);
#855=VECTOR('',#3611,10.);
#856=VECTOR('',#3612,10.);
#857=VECTOR('',#3615,10.);
#858=VECTOR('',#3616,10.);
#859=VECTOR('',#3617,10.);
#860=VECTOR('',#3620,10.);
#861=VECTOR('',#3621,10.);
#862=VECTOR('',#3622,10.);
#863=VECTOR('',#3625,10.);
#864=VECTOR('',#3626,10.);
#865=VECTOR('',#3627,10.);
#866=VECTOR('',#3630,10.);
#867=VECTOR('',#3631,10.);
#868=VECTOR('',#3632,10.);
#869=VECTOR('',#3633,10.);
#870=VECTOR('',#3636,10.);
#871=VECTOR('',#3637,10.);
#872=VECTOR('',#3638,10.);
#873=VECTOR('',#3647,0.227172412812662);
#874=CYLINDRICAL_SURFACE('',#2816,5.);
#875=CYLINDRICAL_SURFACE('',#2818,2.5);
#876=CYLINDRICAL_SURFACE('',#2832,5.);
#877=CYLINDRICAL_SURFACE('',#2833,2.5);
#878=CYLINDRICAL_SURFACE('',#2840,5.);
#879=CYLINDRICAL_SURFACE('',#2841,2.5);
#880=CYLINDRICAL_SURFACE('',#2846,5.);
#881=CYLINDRICAL_SURFACE('',#2847,2.5);
#882=CYLINDRICAL_SURFACE('',#2877,1.45);
#883=CYLINDRICAL_SURFACE('',#2886,1.45);
#884=CYLINDRICAL_SURFACE('',#2887,1.45);
#885=CYLINDRICAL_SURFACE('',#2896,1.45);
#886=CYLINDRICAL_SURFACE('',#2939,0.205375651697835);
#887=CYLINDRICAL_SURFACE('',#2972,0.227172412812662);
#888=FACE_OUTER_BOUND('',#1029,.T.);
#889=FACE_OUTER_BOUND('',#1030,.T.);
#890=FACE_OUTER_BOUND('',#1031,.T.);
#891=FACE_OUTER_BOUND('',#1032,.T.);
#892=FACE_OUTER_BOUND('',#1033,.T.);
#893=FACE_OUTER_BOUND('',#1048,.T.);
#894=FACE_OUTER_BOUND('',#1049,.T.);
#895=FACE_OUTER_BOUND('',#1050,.T.);
#896=FACE_OUTER_BOUND('',#1051,.T.);
#897=FACE_OUTER_BOUND('',#1052,.T.);
#898=FACE_OUTER_BOUND('',#1053,.T.);
#899=FACE_OUTER_BOUND('',#1054,.T.);
#900=FACE_OUTER_BOUND('',#1055,.T.);
#901=FACE_OUTER_BOUND('',#1056,.T.);
#902=FACE_OUTER_BOUND('',#1057,.T.);
#903=FACE_OUTER_BOUND('',#1058,.T.);
#904=FACE_OUTER_BOUND('',#1059,.T.);
#905=FACE_OUTER_BOUND('',#1074,.T.);
#906=FACE_OUTER_BOUND('',#1075,.T.);
#907=FACE_OUTER_BOUND('',#1076,.T.);
#908=FACE_OUTER_BOUND('',#1077,.T.);
#909=FACE_OUTER_BOUND('',#1078,.T.);
#910=FACE_OUTER_BOUND('',#1079,.T.);
#911=FACE_OUTER_BOUND('',#1080,.T.);
#912=FACE_OUTER_BOUND('',#1081,.T.);
#913=FACE_OUTER_BOUND('',#1082,.T.);
#914=FACE_OUTER_BOUND('',#1083,.T.);
#915=FACE_OUTER_BOUND('',#1084,.T.);
#916=FACE_OUTER_BOUND('',#1085,.T.);
#917=FACE_OUTER_BOUND('',#1086,.T.);
#918=FACE_OUTER_BOUND('',#1087,.T.);
#919=FACE_OUTER_BOUND('',#1088,.T.);
#920=FACE_OUTER_BOUND('',#1089,.T.);
#921=FACE_OUTER_BOUND('',#1090,.T.);
#922=FACE_OUTER_BOUND('',#1091,.T.);
#923=FACE_OUTER_BOUND('',#1092,.T.);
#924=FACE_OUTER_BOUND('',#1093,.T.);
#925=FACE_OUTER_BOUND('',#1094,.T.);
#926=FACE_OUTER_BOUND('',#1095,.T.);
#927=FACE_OUTER_BOUND('',#1096,.T.);
#928=FACE_OUTER_BOUND('',#1097,.T.);
#929=FACE_OUTER_BOUND('',#1098,.T.);
#930=FACE_OUTER_BOUND('',#1099,.T.);
#931=FACE_OUTER_BOUND('',#1100,.T.);
#932=FACE_OUTER_BOUND('',#1101,.T.);
#933=FACE_OUTER_BOUND('',#1102,.T.);
#934=FACE_OUTER_BOUND('',#1103,.T.);
#935=FACE_OUTER_BOUND('',#1104,.T.);
#936=FACE_OUTER_BOUND('',#1105,.T.);
#937=FACE_OUTER_BOUND('',#1106,.T.);
#938=FACE_OUTER_BOUND('',#1107,.T.);
#939=FACE_OUTER_BOUND('',#1108,.T.);
#940=FACE_OUTER_BOUND('',#1109,.T.);
#941=FACE_OUTER_BOUND('',#1110,.T.);
#942=FACE_OUTER_BOUND('',#1111,.T.);
#943=FACE_OUTER_BOUND('',#1112,.T.);
#944=FACE_OUTER_BOUND('',#1113,.T.);
#945=FACE_OUTER_BOUND('',#1114,.T.);
#946=FACE_OUTER_BOUND('',#1115,.T.);
#947=FACE_OUTER_BOUND('',#1116,.T.);
#948=FACE_OUTER_BOUND('',#1117,.T.);
#949=FACE_OUTER_BOUND('',#1118,.T.);
#950=FACE_OUTER_BOUND('',#1119,.T.);
#951=FACE_OUTER_BOUND('',#1120,.T.);
#952=FACE_OUTER_BOUND('',#1121,.T.);
#953=FACE_OUTER_BOUND('',#1122,.T.);
#954=FACE_OUTER_BOUND('',#1123,.T.);
#955=FACE_OUTER_BOUND('',#1124,.T.);
#956=FACE_OUTER_BOUND('',#1125,.T.);
#957=FACE_OUTER_BOUND('',#1126,.T.);
#958=FACE_OUTER_BOUND('',#1127,.T.);
#959=FACE_OUTER_BOUND('',#1128,.T.);
#960=FACE_OUTER_BOUND('',#1129,.T.);
#961=FACE_OUTER_BOUND('',#1130,.T.);
#962=FACE_OUTER_BOUND('',#1131,.T.);
#963=FACE_OUTER_BOUND('',#1132,.T.);
#964=FACE_OUTER_BOUND('',#1133,.T.);
#965=FACE_OUTER_BOUND('',#1134,.T.);
#966=FACE_OUTER_BOUND('',#1135,.T.);
#967=FACE_OUTER_BOUND('',#1136,.T.);
#968=FACE_OUTER_BOUND('',#1137,.T.);
#969=FACE_OUTER_BOUND('',#1138,.T.);
#970=FACE_OUTER_BOUND('',#1139,.T.);
#971=FACE_OUTER_BOUND('',#1140,.T.);
#972=FACE_OUTER_BOUND('',#1141,.T.);
#973=FACE_OUTER_BOUND('',#1142,.T.);
#974=FACE_OUTER_BOUND('',#1143,.T.);
#975=FACE_OUTER_BOUND('',#1144,.T.);
#976=FACE_OUTER_BOUND('',#1145,.T.);
#977=FACE_OUTER_BOUND('',#1146,.T.);
#978=FACE_OUTER_BOUND('',#1147,.T.);
#979=FACE_OUTER_BOUND('',#1148,.T.);
#980=FACE_OUTER_BOUND('',#1149,.T.);
#981=FACE_OUTER_BOUND('',#1150,.T.);
#982=FACE_OUTER_BOUND('',#1151,.T.);
#983=FACE_OUTER_BOUND('',#1152,.T.);
#984=FACE_OUTER_BOUND('',#1153,.T.);
#985=FACE_OUTER_BOUND('',#1154,.T.);
#986=FACE_OUTER_BOUND('',#1155,.T.);
#987=FACE_OUTER_BOUND('',#1156,.T.);
#988=FACE_OUTER_BOUND('',#1157,.T.);
#989=FACE_OUTER_BOUND('',#1158,.T.);
#990=FACE_OUTER_BOUND('',#1159,.T.);
#991=FACE_OUTER_BOUND('',#1160,.T.);
#992=FACE_OUTER_BOUND('',#1161,.T.);
#993=FACE_OUTER_BOUND('',#1162,.T.);
#994=FACE_OUTER_BOUND('',#1163,.T.);
#995=FACE_OUTER_BOUND('',#1164,.T.);
#996=FACE_OUTER_BOUND('',#1165,.T.);
#997=FACE_OUTER_BOUND('',#1166,.T.);
#998=FACE_OUTER_BOUND('',#1167,.T.);
#999=FACE_OUTER_BOUND('',#1168,.T.);
#1000=FACE_OUTER_BOUND('',#1169,.T.);
#1001=FACE_OUTER_BOUND('',#1170,.T.);
#1002=FACE_OUTER_BOUND('',#1171,.T.);
#1003=FACE_OUTER_BOUND('',#1172,.T.);
#1004=FACE_OUTER_BOUND('',#1173,.T.);
#1005=FACE_OUTER_BOUND('',#1174,.T.);
#1006=FACE_OUTER_BOUND('',#1175,.T.);
#1007=FACE_OUTER_BOUND('',#1176,.T.);
#1008=FACE_OUTER_BOUND('',#1177,.T.);
#1009=FACE_OUTER_BOUND('',#1178,.T.);
#1010=FACE_OUTER_BOUND('',#1179,.T.);
#1011=FACE_OUTER_BOUND('',#1180,.T.);
#1012=FACE_OUTER_BOUND('',#1181,.T.);
#1013=FACE_OUTER_BOUND('',#1182,.T.);
#1014=FACE_OUTER_BOUND('',#1183,.T.);
#1015=FACE_OUTER_BOUND('',#1184,.T.);
#1016=FACE_OUTER_BOUND('',#1185,.T.);
#1017=FACE_OUTER_BOUND('',#1186,.T.);
#1018=FACE_OUTER_BOUND('',#1187,.T.);
#1019=FACE_OUTER_BOUND('',#1188,.T.);
#1020=FACE_OUTER_BOUND('',#1189,.T.);
#1021=FACE_OUTER_BOUND('',#1190,.T.);
#1022=FACE_OUTER_BOUND('',#1191,.T.);
#1023=FACE_OUTER_BOUND('',#1192,.T.);
#1024=FACE_OUTER_BOUND('',#1193,.T.);
#1025=FACE_OUTER_BOUND('',#1197,.T.);
#1026=FACE_OUTER_BOUND('',#1201,.T.);
#1027=FACE_OUTER_BOUND('',#1202,.T.);
#1028=FACE_OUTER_BOUND('',#1203,.T.);
#1029=EDGE_LOOP('',(#1875,#1876,#1877,#1878));
#1030=EDGE_LOOP('',(#1879,#1880,#1881,#1882));
#1031=EDGE_LOOP('',(#1883,#1884,#1885,#1886));
#1032=EDGE_LOOP('',(#1887,#1888,#1889,#1890));
#1033=EDGE_LOOP('',(#1891,#1892,#1893,#1894,#1895,#1896,#1897,#1898));
#1034=EDGE_LOOP('',(#1899));
#1035=EDGE_LOOP('',(#1900,#1901,#1902,#1903));
#1036=EDGE_LOOP('',(#1904,#1905,#1906,#1907));
#1037=EDGE_LOOP('',(#1908));
#1038=EDGE_LOOP('',(#1909));
#1039=EDGE_LOOP('',(#1910,#1911,#1912,#1913));
#1040=EDGE_LOOP('',(#1914,#1915,#1916,#1917));
#1041=EDGE_LOOP('',(#1918));
#1042=EDGE_LOOP('',(#1919,#1920,#1921,#1922));
#1043=EDGE_LOOP('',(#1923,#1924,#1925,#1926));
#1044=EDGE_LOOP('',(#1927,#1928,#1929,#1930));
#1045=EDGE_LOOP('',(#1931,#1932,#1933,#1934));
#1046=EDGE_LOOP('',(#1935,#1936,#1937,#1938));
#1047=EDGE_LOOP('',(#1939,#1940,#1941,#1942));
#1048=EDGE_LOOP('',(#1943,#1944,#1945,#1946));
#1049=EDGE_LOOP('',(#1947,#1948,#1949,#1950));
#1050=EDGE_LOOP('',(#1951,#1952,#1953,#1954));
#1051=EDGE_LOOP('',(#1955,#1956,#1957,#1958));
#1052=EDGE_LOOP('',(#1959,#1960,#1961,#1962));
#1053=EDGE_LOOP('',(#1963,#1964,#1965,#1966));
#1054=EDGE_LOOP('',(#1967,#1968,#1969,#1970));
#1055=EDGE_LOOP('',(#1971,#1972,#1973,#1974));
#1056=EDGE_LOOP('',(#1975,#1976,#1977,#1978));
#1057=EDGE_LOOP('',(#1979,#1980,#1981,#1982));
#1058=EDGE_LOOP('',(#1983,#1984,#1985,#1986));
#1059=EDGE_LOOP('',(#1987,#1988,#1989,#1990,#1991,#1992,#1993,#1994));
#1060=EDGE_LOOP('',(#1995,#1996,#1997,#1998));
#1061=EDGE_LOOP('',(#1999,#2000,#2001,#2002));
#1062=EDGE_LOOP('',(#2003,#2004,#2005,#2006));
#1063=EDGE_LOOP('',(#2007,#2008,#2009,#2010));
#1064=EDGE_LOOP('',(#2011,#2012,#2013,#2014));
#1065=EDGE_LOOP('',(#2015,#2016,#2017,#2018));
#1066=EDGE_LOOP('',(#2019));
#1067=EDGE_LOOP('',(#2020,#2021,#2022,#2023));
#1068=EDGE_LOOP('',(#2024,#2025,#2026,#2027));
#1069=EDGE_LOOP('',(#2028));
#1070=EDGE_LOOP('',(#2029));
#1071=EDGE_LOOP('',(#2030,#2031,#2032,#2033));
#1072=EDGE_LOOP('',(#2034,#2035,#2036,#2037));
#1073=EDGE_LOOP('',(#2038));
#1074=EDGE_LOOP('',(#2039,#2040,#2041,#2042));
#1075=EDGE_LOOP('',(#2043,#2044,#2045,#2046));
#1076=EDGE_LOOP('',(#2047,#2048,#2049,#2050));
#1077=EDGE_LOOP('',(#2051,#2052,#2053,#2054));
#1078=EDGE_LOOP('',(#2055,#2056,#2057,#2058));
#1079=EDGE_LOOP('',(#2059,#2060,#2061,#2062));
#1080=EDGE_LOOP('',(#2063,#2064,#2065,#2066));
#1081=EDGE_LOOP('',(#2067,#2068,#2069,#2070));
#1082=EDGE_LOOP('',(#2071,#2072,#2073,#2074));
#1083=EDGE_LOOP('',(#2075,#2076,#2077,#2078));
#1084=EDGE_LOOP('',(#2079,#2080,#2081,#2082));
#1085=EDGE_LOOP('',(#2083,#2084,#2085,#2086));
#1086=EDGE_LOOP('',(#2087,#2088,#2089,#2090));
#1087=EDGE_LOOP('',(#2091,#2092,#2093,#2094));
#1088=EDGE_LOOP('',(#2095,#2096,#2097,#2098));
#1089=EDGE_LOOP('',(#2099,#2100,#2101,#2102));
#1090=EDGE_LOOP('',(#2103,#2104,#2105,#2106));
#1091=EDGE_LOOP('',(#2107,#2108,#2109,#2110));
#1092=EDGE_LOOP('',(#2111,#2112,#2113,#2114));
#1093=EDGE_LOOP('',(#2115,#2116,#2117,#2118));
#1094=EDGE_LOOP('',(#2119,#2120,#2121,#2122));
#1095=EDGE_LOOP('',(#2123,#2124,#2125,#2126));
#1096=EDGE_LOOP('',(#2127,#2128,#2129,#2130));
#1097=EDGE_LOOP('',(#2131,#2132,#2133,#2134));
#1098=EDGE_LOOP('',(#2135,#2136,#2137,#2138));
#1099=EDGE_LOOP('',(#2139,#2140,#2141,#2142));
#1100=EDGE_LOOP('',(#2143,#2144,#2145,#2146));
#1101=EDGE_LOOP('',(#2147,#2148,#2149,#2150));
#1102=EDGE_LOOP('',(#2151,#2152,#2153,#2154));
#1103=EDGE_LOOP('',(#2155,#2156,#2157,#2158));
#1104=EDGE_LOOP('',(#2159,#2160,#2161,#2162));
#1105=EDGE_LOOP('',(#2163,#2164,#2165,#2166));
#1106=EDGE_LOOP('',(#2167,#2168,#2169,#2170));
#1107=EDGE_LOOP('',(#2171,#2172,#2173,#2174));
#1108=EDGE_LOOP('',(#2175,#2176,#2177,#2178));
#1109=EDGE_LOOP('',(#2179,#2180,#2181,#2182));
#1110=EDGE_LOOP('',(#2183,#2184,#2185,#2186));
#1111=EDGE_LOOP('',(#2187,#2188,#2189,#2190));
#1112=EDGE_LOOP('',(#2191,#2192,#2193,#2194));
#1113=EDGE_LOOP('',(#2195,#2196,#2197,#2198));
#1114=EDGE_LOOP('',(#2199,#2200,#2201,#2202));
#1115=EDGE_LOOP('',(#2203,#2204,#2205,#2206));
#1116=EDGE_LOOP('',(#2207,#2208,#2209,#2210));
#1117=EDGE_LOOP('',(#2211,#2212,#2213,#2214));
#1118=EDGE_LOOP('',(#2215,#2216,#2217,#2218));
#1119=EDGE_LOOP('',(#2219,#2220,#2221,#2222));
#1120=EDGE_LOOP('',(#2223,#2224,#2225,#2226));
#1121=EDGE_LOOP('',(#2227,#2228,#2229,#2230));
#1122=EDGE_LOOP('',(#2231,#2232,#2233,#2234));
#1123=EDGE_LOOP('',(#2235,#2236,#2237,#2238));
#1124=EDGE_LOOP('',(#2239,#2240,#2241,#2242));
#1125=EDGE_LOOP('',(#2243,#2244,#2245,#2246));
#1126=EDGE_LOOP('',(#2247,#2248,#2249,#2250));
#1127=EDGE_LOOP('',(#2251,#2252,#2253,#2254));
#1128=EDGE_LOOP('',(#2255,#2256,#2257,#2258));
#1129=EDGE_LOOP('',(#2259,#2260,#2261,#2262));
#1130=EDGE_LOOP('',(#2263,#2264,#2265,#2266));
#1131=EDGE_LOOP('',(#2267,#2268,#2269,#2270));
#1132=EDGE_LOOP('',(#2271,#2272,#2273,#2274));
#1133=EDGE_LOOP('',(#2275,#2276,#2277,#2278));
#1134=EDGE_LOOP('',(#2279,#2280,#2281,#2282));
#1135=EDGE_LOOP('',(#2283,#2284,#2285,#2286));
#1136=EDGE_LOOP('',(#2287,#2288,#2289,#2290));
#1137=EDGE_LOOP('',(#2291,#2292,#2293,#2294));
#1138=EDGE_LOOP('',(#2295,#2296,#2297,#2298));
#1139=EDGE_LOOP('',(#2299,#2300,#2301,#2302));
#1140=EDGE_LOOP('',(#2303,#2304,#2305,#2306));
#1141=EDGE_LOOP('',(#2307,#2308,#2309,#2310));
#1142=EDGE_LOOP('',(#2311,#2312,#2313,#2314));
#1143=EDGE_LOOP('',(#2315,#2316,#2317,#2318));
#1144=EDGE_LOOP('',(#2319,#2320,#2321,#2322));
#1145=EDGE_LOOP('',(#2323,#2324,#2325,#2326));
#1146=EDGE_LOOP('',(#2327,#2328,#2329,#2330));
#1147=EDGE_LOOP('',(#2331,#2332,#2333,#2334));
#1148=EDGE_LOOP('',(#2335,#2336,#2337,#2338));
#1149=EDGE_LOOP('',(#2339,#2340,#2341,#2342));
#1150=EDGE_LOOP('',(#2343,#2344,#2345,#2346));
#1151=EDGE_LOOP('',(#2347,#2348,#2349,#2350));
#1152=EDGE_LOOP('',(#2351,#2352,#2353,#2354));
#1153=EDGE_LOOP('',(#2355,#2356,#2357,#2358));
#1154=EDGE_LOOP('',(#2359,#2360,#2361,#2362));
#1155=EDGE_LOOP('',(#2363,#2364,#2365,#2366));
#1156=EDGE_LOOP('',(#2367,#2368,#2369,#2370));
#1157=EDGE_LOOP('',(#2371,#2372,#2373,#2374));
#1158=EDGE_LOOP('',(#2375,#2376,#2377,#2378,#2379,#2380,#2381,#2382,#2383,
#2384,#2385,#2386,#2387,#2388,#2389,#2390,#2391,#2392,#2393,#2394,#2395,
#2396,#2397,#2398,#2399,#2400,#2401,#2402,#2403,#2404,#2405,#2406,#2407,
#2408,#2409,#2410,#2411,#2412,#2413));
#1159=EDGE_LOOP('',(#2414,#2415,#2416,#2417,#2418,#2419,#2420,#2421,#2422,
#2423,#2424,#2425,#2426,#2427,#2428,#2429,#2430,#2431,#2432,#2433,#2434,
#2435,#2436,#2437,#2438,#2439,#2440,#2441,#2442,#2443,#2444,#2445,#2446,
#2447,#2448,#2449,#2450,#2451,#2452));
#1160=EDGE_LOOP('',(#2453,#2454,#2455,#2456));
#1161=EDGE_LOOP('',(#2457));
#1162=EDGE_LOOP('',(#2458));
#1163=EDGE_LOOP('',(#2459,#2460,#2461,#2462));
#1164=EDGE_LOOP('',(#2463,#2464,#2465,#2466));
#1165=EDGE_LOOP('',(#2467,#2468,#2469,#2470));
#1166=EDGE_LOOP('',(#2471,#2472,#2473,#2474));
#1167=EDGE_LOOP('',(#2475,#2476,#2477,#2478));
#1168=EDGE_LOOP('',(#2479,#2480,#2481,#2482));
#1169=EDGE_LOOP('',(#2483,#2484,#2485,#2486));
#1170=EDGE_LOOP('',(#2487,#2488,#2489,#2490));
#1171=EDGE_LOOP('',(#2491,#2492,#2493,#2494));
#1172=EDGE_LOOP('',(#2495,#2496,#2497,#2498));
#1173=EDGE_LOOP('',(#2499,#2500,#2501,#2502));
#1174=EDGE_LOOP('',(#2503,#2504,#2505,#2506));
#1175=EDGE_LOOP('',(#2507,#2508,#2509,#2510));
#1176=EDGE_LOOP('',(#2511,#2512,#2513,#2514));
#1177=EDGE_LOOP('',(#2515,#2516,#2517,#2518));
#1178=EDGE_LOOP('',(#2519,#2520,#2521,#2522));
#1179=EDGE_LOOP('',(#2523,#2524,#2525,#2526));
#1180=EDGE_LOOP('',(#2527,#2528,#2529,#2530));
#1181=EDGE_LOOP('',(#2531,#2532,#2533,#2534));
#1182=EDGE_LOOP('',(#2535,#2536,#2537,#2538));
#1183=EDGE_LOOP('',(#2539,#2540,#2541,#2542));
#1184=EDGE_LOOP('',(#2543,#2544,#2545,#2546));
#1185=EDGE_LOOP('',(#2547,#2548,#2549,#2550));
#1186=EDGE_LOOP('',(#2551,#2552,#2553,#2554));
#1187=EDGE_LOOP('',(#2555,#2556,#2557,#2558));
#1188=EDGE_LOOP('',(#2559,#2560,#2561,#2562));
#1189=EDGE_LOOP('',(#2563,#2564,#2565,#2566));
#1190=EDGE_LOOP('',(#2567,#2568,#2569,#2570));
#1191=EDGE_LOOP('',(#2571,#2572,#2573,#2574));
#1192=EDGE_LOOP('',(#2575,#2576,#2577,#2578));
#1193=EDGE_LOOP('',(#2579,#2580,#2581,#2582,#2583,#2584,#2585,#2586,#2587,
#2588,#2589,#2590,#2591,#2592,#2593,#2594,#2595,#2596,#2597,#2598));
#1194=EDGE_LOOP('',(#2599,#2600,#2601,#2602,#2603));
#1195=EDGE_LOOP('',(#2604,#2605,#2606,#2607));
#1196=EDGE_LOOP('',(#2608));
#1197=EDGE_LOOP('',(#2609,#2610,#2611,#2612,#2613,#2614,#2615,#2616,#2617,
#2618,#2619,#2620,#2621,#2622,#2623,#2624,#2625,#2626,#2627,#2628));
#1198=EDGE_LOOP('',(#2629,#2630,#2631,#2632,#2633));
#1199=EDGE_LOOP('',(#2634,#2635,#2636,#2637));
#1200=EDGE_LOOP('',(#2638));
#1201=EDGE_LOOP('',(#2639,#2640,#2641,#2642));
#1202=EDGE_LOOP('',(#2643));
#1203=EDGE_LOOP('',(#2644));
#1204=CIRCLE('',#2812,2.5);
#1205=CIRCLE('',#2813,5.);
#1206=CIRCLE('',#2814,2.5);
#1207=CIRCLE('',#2815,2.5);
#1208=CIRCLE('',#2817,5.);
#1209=CIRCLE('',#2819,2.5);
#1210=CIRCLE('',#2822,5.);
#1211=CIRCLE('',#2823,5.);
#1212=CIRCLE('',#2824,5.);
#1213=CIRCLE('',#2825,1.45);
#1214=CIRCLE('',#2826,1.45);
#1215=CIRCLE('',#2827,1.45);
#1216=CIRCLE('',#2828,1.45);
#1217=CIRCLE('',#2829,5.);
#1218=CIRCLE('',#2830,2.5);
#1219=CIRCLE('',#2831,2.5);
#1220=CIRCLE('',#2834,2.5);
#1221=CIRCLE('',#2836,2.5);
#1222=CIRCLE('',#2837,5.);
#1223=CIRCLE('',#2838,2.5);
#1224=CIRCLE('',#2839,2.5);
#1225=CIRCLE('',#2843,5.);
#1226=CIRCLE('',#2844,2.5);
#1227=CIRCLE('',#2845,2.5);
#1228=CIRCLE('',#2849,1.45);
#1229=CIRCLE('',#2850,1.45);
#1230=CIRCLE('',#2851,1.45);
#1231=CIRCLE('',#2852,1.45);
#1232=CIRCLE('',#2940,0.205375651697835);
#1233=CIRCLE('',#2941,0.205375651697835);
#1234=CIRCLE('',#2973,0.227172412812662);
#1235=CIRCLE('',#2974,0.227172412812662);
#1236=VERTEX_POINT('',#3664);
#1237=VERTEX_POINT('',#3665);
#1238=VERTEX_POINT('',#3667);
#1239=VERTEX_POINT('',#3669);
#1240=VERTEX_POINT('',#3673);
#1241=VERTEX_POINT('',#3674);
#1242=VERTEX_POINT('',#3679);
#1243=VERTEX_POINT('',#3681);
#1244=VERTEX_POINT('',#3685);
#1245=VERTEX_POINT('',#3689);
#1246=VERTEX_POINT('',#3691);
#1247=VERTEX_POINT('',#3693);
#1248=VERTEX_POINT('',#3695);
#1249=VERTEX_POINT('',#3697);
#1250=VERTEX_POINT('',#3700);
#1251=VERTEX_POINT('',#3702);
#1252=VERTEX_POINT('',#3703);
#1253=VERTEX_POINT('',#3705);
#1254=VERTEX_POINT('',#3707);
#1255=VERTEX_POINT('',#3710);
#1256=VERTEX_POINT('',#3711);
#1257=VERTEX_POINT('',#3713);
#1258=VERTEX_POINT('',#3715);
#1259=VERTEX_POINT('',#3718);
#1260=VERTEX_POINT('',#3720);
#1261=VERTEX_POINT('',#3722);
#1262=VERTEX_POINT('',#3723);
#1263=VERTEX_POINT('',#3725);
#1264=VERTEX_POINT('',#3727);
#1265=VERTEX_POINT('',#3730);
#1266=VERTEX_POINT('',#3731);
#1267=VERTEX_POINT('',#3733);
#1268=VERTEX_POINT('',#3735);
#1269=VERTEX_POINT('',#3738);
#1270=VERTEX_POINT('',#3740);
#1271=VERTEX_POINT('',#3741);
#1272=VERTEX_POINT('',#3743);
#1273=VERTEX_POINT('',#3745);
#1274=VERTEX_POINT('',#3748);
#1275=VERTEX_POINT('',#3749);
#1276=VERTEX_POINT('',#3751);
#1277=VERTEX_POINT('',#3753);
#1278=VERTEX_POINT('',#3756);
#1279=VERTEX_POINT('',#3757);
#1280=VERTEX_POINT('',#3759);
#1281=VERTEX_POINT('',#3761);
#1282=VERTEX_POINT('',#3764);
#1283=VERTEX_POINT('',#3765);
#1284=VERTEX_POINT('',#3767);
#1285=VERTEX_POINT('',#3769);
#1286=VERTEX_POINT('',#3772);
#1287=VERTEX_POINT('',#3773);
#1288=VERTEX_POINT('',#3775);
#1289=VERTEX_POINT('',#3777);
#1290=VERTEX_POINT('',#3780);
#1291=VERTEX_POINT('',#3781);
#1292=VERTEX_POINT('',#3783);
#1293=VERTEX_POINT('',#3785);
#1294=VERTEX_POINT('',#3797);
#1295=VERTEX_POINT('',#3799);
#1296=VERTEX_POINT('',#3805);
#1297=VERTEX_POINT('',#3807);
#1298=VERTEX_POINT('',#3821);
#1299=VERTEX_POINT('',#3822);
#1300=VERTEX_POINT('',#3824);
#1301=VERTEX_POINT('',#3826);
#1302=VERTEX_POINT('',#3845);
#1303=VERTEX_POINT('',#3847);
#1304=VERTEX_POINT('',#3856);
#1305=VERTEX_POINT('',#3857);
#1306=VERTEX_POINT('',#3859);
#1307=VERTEX_POINT('',#3861);
#1308=VERTEX_POINT('',#3864);
#1309=VERTEX_POINT('',#3865);
#1310=VERTEX_POINT('',#3867);
#1311=VERTEX_POINT('',#3869);
#1312=VERTEX_POINT('',#3872);
#1313=VERTEX_POINT('',#3873);
#1314=VERTEX_POINT('',#3875);
#1315=VERTEX_POINT('',#3877);
#1316=VERTEX_POINT('',#3880);
#1317=VERTEX_POINT('',#3881);
#1318=VERTEX_POINT('',#3883);
#1319=VERTEX_POINT('',#3885);
#1320=VERTEX_POINT('',#3888);
#1321=VERTEX_POINT('',#3889);
#1322=VERTEX_POINT('',#3891);
#1323=VERTEX_POINT('',#3893);
#1324=VERTEX_POINT('',#3896);
#1325=VERTEX_POINT('',#3897);
#1326=VERTEX_POINT('',#3899);
#1327=VERTEX_POINT('',#3901);
#1328=VERTEX_POINT('',#3904);
#1329=VERTEX_POINT('',#3906);
#1330=VERTEX_POINT('',#3907);
#1331=VERTEX_POINT('',#3909);
#1332=VERTEX_POINT('',#3911);
#1333=VERTEX_POINT('',#3914);
#1334=VERTEX_POINT('',#3915);
#1335=VERTEX_POINT('',#3917);
#1336=VERTEX_POINT('',#3919);
#1337=VERTEX_POINT('',#3922);
#1338=VERTEX_POINT('',#3924);
#1339=VERTEX_POINT('',#3926);
#1340=VERTEX_POINT('',#3927);
#1341=VERTEX_POINT('',#3929);
#1342=VERTEX_POINT('',#3931);
#1343=VERTEX_POINT('',#3934);
#1344=VERTEX_POINT('',#3935);
#1345=VERTEX_POINT('',#3937);
#1346=VERTEX_POINT('',#3939);
#1347=VERTEX_POINT('',#3942);
#1348=VERTEX_POINT('',#4034);
#1349=VERTEX_POINT('',#4035);
#1350=VERTEX_POINT('',#4037);
#1351=VERTEX_POINT('',#4039);
#1352=VERTEX_POINT('',#4043);
#1353=VERTEX_POINT('',#4045);
#1354=VERTEX_POINT('',#4049);
#1355=VERTEX_POINT('',#4051);
#1356=VERTEX_POINT('',#4055);
#1357=VERTEX_POINT('',#4057);
#1358=VERTEX_POINT('',#4061);
#1359=VERTEX_POINT('',#4063);
#1360=VERTEX_POINT('',#4067);
#1361=VERTEX_POINT('',#4069);
#1362=VERTEX_POINT('',#4073);
#1363=VERTEX_POINT('',#4075);
#1364=VERTEX_POINT('',#4079);
#1365=VERTEX_POINT('',#4081);
#1366=VERTEX_POINT('',#4085);
#1367=VERTEX_POINT('',#4087);
#1368=VERTEX_POINT('',#4091);
#1369=VERTEX_POINT('',#4093);
#1370=VERTEX_POINT('',#4097);
#1371=VERTEX_POINT('',#4099);
#1372=VERTEX_POINT('',#4103);
#1373=VERTEX_POINT('',#4105);
#1374=VERTEX_POINT('',#4109);
#1375=VERTEX_POINT('',#4111);
#1376=VERTEX_POINT('',#4115);
#1377=VERTEX_POINT('',#4117);
#1378=VERTEX_POINT('',#4121);
#1379=VERTEX_POINT('',#4123);
#1380=VERTEX_POINT('',#4127);
#1381=VERTEX_POINT('',#4129);
#1382=VERTEX_POINT('',#4133);
#1383=VERTEX_POINT('',#4135);
#1384=VERTEX_POINT('',#4139);
#1385=VERTEX_POINT('',#4141);
#1386=VERTEX_POINT('',#4145);
#1387=VERTEX_POINT('',#4147);
#1388=VERTEX_POINT('',#4151);
#1389=VERTEX_POINT('',#4153);
#1390=VERTEX_POINT('',#4157);
#1391=VERTEX_POINT('',#4159);
#1392=VERTEX_POINT('',#4163);
#1393=VERTEX_POINT('',#4165);
#1394=VERTEX_POINT('',#4169);
#1395=VERTEX_POINT('',#4171);
#1396=VERTEX_POINT('',#4175);
#1397=VERTEX_POINT('',#4177);
#1398=VERTEX_POINT('',#4181);
#1399=VERTEX_POINT('',#4183);
#1400=VERTEX_POINT('',#4187);
#1401=VERTEX_POINT('',#4189);
#1402=VERTEX_POINT('',#4193);
#1403=VERTEX_POINT('',#4195);
#1404=VERTEX_POINT('',#4199);
#1405=VERTEX_POINT('',#4201);
#1406=VERTEX_POINT('',#4205);
#1407=VERTEX_POINT('',#4207);
#1408=VERTEX_POINT('',#4211);
#1409=VERTEX_POINT('',#4213);
#1410=VERTEX_POINT('',#4217);
#1411=VERTEX_POINT('',#4219);
#1412=VERTEX_POINT('',#4223);
#1413=VERTEX_POINT('',#4225);
#1414=VERTEX_POINT('',#4229);
#1415=VERTEX_POINT('',#4231);
#1416=VERTEX_POINT('',#4235);
#1417=VERTEX_POINT('',#4237);
#1418=VERTEX_POINT('',#4241);
#1419=VERTEX_POINT('',#4243);
#1420=VERTEX_POINT('',#4247);
#1421=VERTEX_POINT('',#4249);
#1422=VERTEX_POINT('',#4253);
#1423=VERTEX_POINT('',#4255);
#1424=VERTEX_POINT('',#4259);
#1425=VERTEX_POINT('',#4261);
#1426=VERTEX_POINT('',#4270);
#1427=VERTEX_POINT('',#4272);
#1428=VERTEX_POINT('',#4407);
#1429=VERTEX_POINT('',#4473);
#1430=VERTEX_POINT('',#4541);
#1431=VERTEX_POINT('',#4542);
#1432=VERTEX_POINT('',#4544);
#1433=VERTEX_POINT('',#4546);
#1434=VERTEX_POINT('',#4550);
#1435=VERTEX_POINT('',#4552);
#1436=VERTEX_POINT('',#4556);
#1437=VERTEX_POINT('',#4558);
#1438=VERTEX_POINT('',#4565);
#1439=VERTEX_POINT('',#4566);
#1440=VERTEX_POINT('',#4568);
#1441=VERTEX_POINT('',#4570);
#1442=VERTEX_POINT('',#4574);
#1443=VERTEX_POINT('',#4576);
#1444=VERTEX_POINT('',#4580);
#1445=VERTEX_POINT('',#4582);
#1446=VERTEX_POINT('',#4586);
#1447=VERTEX_POINT('',#4588);
#1448=VERTEX_POINT('',#4595);
#1449=VERTEX_POINT('',#4596);
#1450=VERTEX_POINT('',#4598);
#1451=VERTEX_POINT('',#4600);
#1452=VERTEX_POINT('',#4604);
#1453=VERTEX_POINT('',#4606);
#1454=VERTEX_POINT('',#4610);
#1455=VERTEX_POINT('',#4612);
#1456=VERTEX_POINT('',#4616);
#1457=VERTEX_POINT('',#4618);
#1458=VERTEX_POINT('',#4622);
#1459=VERTEX_POINT('',#4624);
#1460=VERTEX_POINT('',#4628);
#1461=VERTEX_POINT('',#4630);
#1462=VERTEX_POINT('',#4634);
#1463=VERTEX_POINT('',#4636);
#1464=VERTEX_POINT('',#4640);
#1465=VERTEX_POINT('',#4642);
#1466=VERTEX_POINT('',#4646);
#1467=VERTEX_POINT('',#4648);
#1468=VERTEX_POINT('',#4652);
#1469=VERTEX_POINT('',#4654);
#1470=VERTEX_POINT('',#4658);
#1471=VERTEX_POINT('',#4660);
#1472=VERTEX_POINT('',#4664);
#1473=VERTEX_POINT('',#4666);
#1474=VERTEX_POINT('',#4713);
#1475=VERTEX_POINT('',#4736);
#1476=VERTEX_POINT('',#4761);
#1477=VERTEX_POINT('',#4763);
#1478=VERTEX_POINT('',#4767);
#1479=VERTEX_POINT('',#4769);
#1480=VERTEX_POINT('',#4773);
#1481=VERTEX_POINT('',#4775);
#1482=VERTEX_POINT('',#4779);
#1483=VERTEX_POINT('',#4781);
#1484=VERTEX_POINT('',#4814);
#1485=VERTEX_POINT('',#4830);
#1486=VERTEX_POINT('',#4848);
#1487=VERTEX_POINT('',#4850);
#1488=VERTEX_POINT('',#4976);
#1489=VERTEX_POINT('',#4978);
#1490=EDGE_CURVE('',#1236,#1237,#1204,.T.);
#1491=EDGE_CURVE('',#1237,#1238,#1205,.T.);
#1492=EDGE_CURVE('',#1238,#1239,#1206,.T.);
#1493=EDGE_CURVE('',#1239,#1236,#1207,.T.);
#1494=EDGE_CURVE('',#1240,#1241,#1208,.T.);
#1495=EDGE_CURVE('',#1241,#1238,#184,.T.);
#1496=EDGE_CURVE('',#1237,#1240,#185,.T.);
#1497=EDGE_CURVE('',#1238,#1242,#186,.T.);
#1498=EDGE_CURVE('',#1243,#1242,#1209,.T.);
#1499=EDGE_CURVE('',#1243,#1239,#187,.T.);
#1500=EDGE_CURVE('',#1241,#1244,#188,.T.);
#1501=EDGE_CURVE('',#1242,#1244,#189,.T.);
#1502=EDGE_CURVE('',#1245,#1240,#190,.T.);
#1503=EDGE_CURVE('',#1246,#1245,#1210,.T.);
#1504=EDGE_CURVE('',#1247,#1246,#191,.T.);
#1505=EDGE_CURVE('',#1248,#1247,#1211,.T.);
#1506=EDGE_CURVE('',#1249,#1248,#192,.T.);
#1507=EDGE_CURVE('',#1244,#1249,#1212,.T.);
#1508=EDGE_CURVE('',#1250,#1250,#1213,.T.);
#1509=EDGE_CURVE('',#1251,#1252,#193,.T.);
#1510=EDGE_CURVE('',#1253,#1251,#194,.T.);
#1511=EDGE_CURVE('',#1254,#1253,#195,.T.);
#1512=EDGE_CURVE('',#1252,#1254,#196,.T.);
#1513=EDGE_CURVE('',#1255,#1256,#197,.T.);
#1514=EDGE_CURVE('',#1257,#1255,#198,.T.);
#1515=EDGE_CURVE('',#1258,#1257,#199,.T.);
#1516=EDGE_CURVE('',#1256,#1258,#200,.T.);
#1517=EDGE_CURVE('',#1259,#1259,#1214,.T.);
#1518=EDGE_CURVE('',#1260,#1260,#1215,.T.);
#1519=EDGE_CURVE('',#1261,#1262,#201,.T.);
#1520=EDGE_CURVE('',#1263,#1261,#202,.T.);
#1521=EDGE_CURVE('',#1264,#1263,#203,.T.);
#1522=EDGE_CURVE('',#1262,#1264,#204,.T.);
#1523=EDGE_CURVE('',#1265,#1266,#205,.T.);
#1524=EDGE_CURVE('',#1267,#1265,#206,.T.);
#1525=EDGE_CURVE('',#1268,#1267,#207,.T.);
#1526=EDGE_CURVE('',#1266,#1268,#208,.T.);
#1527=EDGE_CURVE('',#1269,#1269,#1216,.T.);
#1528=EDGE_CURVE('',#1270,#1271,#209,.T.);
#1529=EDGE_CURVE('',#1272,#1270,#210,.T.);
#1530=EDGE_CURVE('',#1273,#1272,#211,.T.);
#1531=EDGE_CURVE('',#1271,#1273,#212,.T.);
#1532=EDGE_CURVE('',#1274,#1275,#213,.T.);
#1533=EDGE_CURVE('',#1276,#1274,#214,.T.);
#1534=EDGE_CURVE('',#1277,#1276,#215,.T.);
#1535=EDGE_CURVE('',#1275,#1277,#216,.T.);
#1536=EDGE_CURVE('',#1278,#1279,#217,.T.);
#1537=EDGE_CURVE('',#1280,#1278,#218,.T.);
#1538=EDGE_CURVE('',#1281,#1280,#219,.T.);
#1539=EDGE_CURVE('',#1279,#1281,#220,.T.);
#1540=EDGE_CURVE('',#1282,#1283,#221,.T.);
#1541=EDGE_CURVE('',#1284,#1282,#222,.T.);
#1542=EDGE_CURVE('',#1285,#1284,#223,.T.);
#1543=EDGE_CURVE('',#1283,#1285,#224,.T.);
#1544=EDGE_CURVE('',#1286,#1287,#225,.T.);
#1545=EDGE_CURVE('',#1288,#1286,#226,.T.);
#1546=EDGE_CURVE('',#1289,#1288,#227,.T.);
#1547=EDGE_CURVE('',#1287,#1289,#228,.T.);
#1548=EDGE_CURVE('',#1290,#1291,#229,.T.);
#1549=EDGE_CURVE('',#1292,#1290,#230,.T.);
#1550=EDGE_CURVE('',#1293,#1292,#231,.T.);
#1551=EDGE_CURVE('',#1291,#1293,#232,.T.);
#1552=EDGE_CURVE('',#1242,#1294,#1217,.T.);
#1553=EDGE_CURVE('',#1294,#1295,#1218,.T.);
#1554=EDGE_CURVE('',#1295,#1243,#1219,.T.);
#1555=EDGE_CURVE('',#1249,#1294,#233,.T.);
#1556=EDGE_CURVE('',#1294,#1296,#234,.T.);
#1557=EDGE_CURVE('',#1297,#1296,#1220,.T.);
#1558=EDGE_CURVE('',#1297,#1295,#235,.T.);
#1559=EDGE_CURVE('',#1296,#1248,#236,.T.);
#1560=EDGE_CURVE('',#1298,#1299,#1221,.T.);
#1561=EDGE_CURVE('',#1299,#1300,#1222,.T.);
#1562=EDGE_CURVE('',#1300,#1301,#1223,.T.);
#1563=EDGE_CURVE('',#1301,#1298,#1224,.T.);
#1564=EDGE_CURVE('',#1245,#1300,#237,.T.);
#1565=EDGE_CURVE('',#1299,#1246,#238,.T.);
#1566=EDGE_CURVE('',#1236,#1301,#239,.T.);
#1567=EDGE_CURVE('',#1300,#1237,#240,.T.);
#1568=EDGE_CURVE('',#1296,#1302,#1225,.T.);
#1569=EDGE_CURVE('',#1302,#1303,#1226,.T.);
#1570=EDGE_CURVE('',#1303,#1297,#1227,.T.);
#1571=EDGE_CURVE('',#1247,#1302,#241,.T.);
#1572=EDGE_CURVE('',#1298,#1303,#242,.T.);
#1573=EDGE_CURVE('',#1302,#1299,#243,.T.);
#1574=EDGE_CURVE('',#1304,#1305,#244,.T.);
#1575=EDGE_CURVE('',#1305,#1306,#245,.T.);
#1576=EDGE_CURVE('',#1306,#1307,#246,.T.);
#1577=EDGE_CURVE('',#1307,#1304,#247,.T.);
#1578=EDGE_CURVE('',#1308,#1309,#248,.T.);
#1579=EDGE_CURVE('',#1309,#1310,#249,.T.);
#1580=EDGE_CURVE('',#1310,#1311,#250,.T.);
#1581=EDGE_CURVE('',#1311,#1308,#251,.T.);
#1582=EDGE_CURVE('',#1312,#1313,#252,.T.);
#1583=EDGE_CURVE('',#1313,#1314,#253,.T.);
#1584=EDGE_CURVE('',#1314,#1315,#254,.T.);
#1585=EDGE_CURVE('',#1315,#1312,#255,.T.);
#1586=EDGE_CURVE('',#1316,#1317,#256,.T.);
#1587=EDGE_CURVE('',#1317,#1318,#257,.T.);
#1588=EDGE_CURVE('',#1318,#1319,#258,.T.);
#1589=EDGE_CURVE('',#1319,#1316,#259,.T.);
#1590=EDGE_CURVE('',#1320,#1321,#260,.T.);
#1591=EDGE_CURVE('',#1321,#1322,#261,.T.);
#1592=EDGE_CURVE('',#1322,#1323,#262,.T.);
#1593=EDGE_CURVE('',#1323,#1320,#263,.T.);
#1594=EDGE_CURVE('',#1324,#1325,#264,.T.);
#1595=EDGE_CURVE('',#1325,#1326,#265,.T.);
#1596=EDGE_CURVE('',#1326,#1327,#266,.T.);
#1597=EDGE_CURVE('',#1327,#1324,#267,.T.);
#1598=EDGE_CURVE('',#1328,#1328,#1228,.T.);
#1599=EDGE_CURVE('',#1329,#1330,#268,.T.);
#1600=EDGE_CURVE('',#1330,#1331,#269,.T.);
#1601=EDGE_CURVE('',#1331,#1332,#270,.T.);
#1602=EDGE_CURVE('',#1332,#1329,#271,.T.);
#1603=EDGE_CURVE('',#1333,#1334,#272,.T.);
#1604=EDGE_CURVE('',#1334,#1335,#273,.T.);
#1605=EDGE_CURVE('',#1335,#1336,#274,.T.);
#1606=EDGE_CURVE('',#1336,#1333,#275,.T.);
#1607=EDGE_CURVE('',#1337,#1337,#1229,.T.);
#1608=EDGE_CURVE('',#1338,#1338,#1230,.T.);
#1609=EDGE_CURVE('',#1339,#1340,#276,.T.);
#1610=EDGE_CURVE('',#1340,#1341,#277,.T.);
#1611=EDGE_CURVE('',#1341,#1342,#278,.T.);
#1612=EDGE_CURVE('',#1342,#1339,#279,.T.);
#1613=EDGE_CURVE('',#1343,#1344,#280,.T.);
#1614=EDGE_CURVE('',#1344,#1345,#281,.T.);
#1615=EDGE_CURVE('',#1345,#1346,#282,.T.);
#1616=EDGE_CURVE('',#1346,#1343,#283,.T.);
#1617=EDGE_CURVE('',#1347,#1347,#1231,.T.);
#1618=EDGE_CURVE('',#1290,#1304,#284,.T.);
#1619=EDGE_CURVE('',#1292,#1307,#285,.T.);
#1620=EDGE_CURVE('',#1293,#1306,#286,.T.);
#1621=EDGE_CURVE('',#1291,#1305,#287,.T.);
#1622=EDGE_CURVE('',#1286,#1308,#288,.T.);
#1623=EDGE_CURVE('',#1288,#1311,#289,.T.);
#1624=EDGE_CURVE('',#1289,#1310,#290,.T.);
#1625=EDGE_CURVE('',#1287,#1309,#291,.T.);
#1626=EDGE_CURVE('',#1282,#1312,#292,.T.);
#1627=EDGE_CURVE('',#1284,#1315,#293,.T.);
#1628=EDGE_CURVE('',#1285,#1314,#294,.T.);
#1629=EDGE_CURVE('',#1283,#1313,#295,.T.);
#1630=EDGE_CURVE('',#1278,#1316,#296,.T.);
#1631=EDGE_CURVE('',#1280,#1319,#297,.T.);
#1632=EDGE_CURVE('',#1281,#1318,#298,.T.);
#1633=EDGE_CURVE('',#1279,#1317,#299,.T.);
#1634=EDGE_CURVE('',#1274,#1320,#300,.T.);
#1635=EDGE_CURVE('',#1276,#1323,#301,.T.);
#1636=EDGE_CURVE('',#1277,#1322,#302,.T.);
#1637=EDGE_CURVE('',#1275,#1321,#303,.T.);
#1638=EDGE_CURVE('',#1270,#1324,#304,.T.);
#1639=EDGE_CURVE('',#1272,#1327,#305,.T.);
#1640=EDGE_CURVE('',#1273,#1326,#306,.T.);
#1641=EDGE_CURVE('',#1271,#1325,#307,.T.);
#1642=EDGE_CURVE('',#1328,#1269,#308,.T.);
#1643=EDGE_CURVE('',#1265,#1329,#309,.T.);
#1644=EDGE_CURVE('',#1267,#1332,#310,.T.);
#1645=EDGE_CURVE('',#1268,#1331,#311,.T.);
#1646=EDGE_CURVE('',#1266,#1330,#312,.T.);
#1647=EDGE_CURVE('',#1261,#1333,#313,.T.);
#1648=EDGE_CURVE('',#1263,#1336,#314,.T.);
#1649=EDGE_CURVE('',#1264,#1335,#315,.T.);
#1650=EDGE_CURVE('',#1262,#1334,#316,.T.);
#1651=EDGE_CURVE('',#1337,#1260,#317,.T.);
#1652=EDGE_CURVE('',#1338,#1259,#318,.T.);
#1653=EDGE_CURVE('',#1255,#1339,#319,.T.);
#1654=EDGE_CURVE('',#1257,#1342,#320,.T.);
#1655=EDGE_CURVE('',#1258,#1341,#321,.T.);
#1656=EDGE_CURVE('',#1256,#1340,#322,.T.);
#1657=EDGE_CURVE('',#1251,#1343,#323,.T.);
#1658=EDGE_CURVE('',#1253,#1346,#324,.T.);
#1659=EDGE_CURVE('',#1254,#1345,#325,.T.);
#1660=EDGE_CURVE('',#1252,#1344,#326,.T.);
#1661=EDGE_CURVE('',#1347,#1250,#327,.T.);
#1662=EDGE_CURVE('',#1348,#1349,#328,.T.);
#1663=EDGE_CURVE('',#1349,#1350,#329,.T.);
#1664=EDGE_CURVE('',#1351,#1350,#330,.T.);
#1665=EDGE_CURVE('',#1348,#1351,#331,.T.);
#1666=EDGE_CURVE('',#1348,#1352,#332,.T.);
#1667=EDGE_CURVE('',#1353,#1351,#333,.T.);
#1668=EDGE_CURVE('',#1352,#1353,#334,.T.);
#1669=EDGE_CURVE('',#1354,#1352,#335,.T.);
#1670=EDGE_CURVE('',#1355,#1353,#336,.T.);
#1671=EDGE_CURVE('',#1354,#1355,#337,.T.);
#1672=EDGE_CURVE('',#1356,#1354,#338,.T.);
#1673=EDGE_CURVE('',#1357,#1355,#339,.T.);
#1674=EDGE_CURVE('',#1356,#1357,#340,.T.);
#1675=EDGE_CURVE('',#1358,#1356,#341,.T.);
#1676=EDGE_CURVE('',#1359,#1357,#342,.T.);
#1677=EDGE_CURVE('',#1358,#1359,#343,.T.);
#1678=EDGE_CURVE('',#1360,#1358,#344,.T.);
#1679=EDGE_CURVE('',#1361,#1359,#345,.T.);
#1680=EDGE_CURVE('',#1360,#1361,#346,.T.);
#1681=EDGE_CURVE('',#1362,#1360,#347,.T.);
#1682=EDGE_CURVE('',#1363,#1361,#348,.T.);
#1683=EDGE_CURVE('',#1362,#1363,#349,.T.);
#1684=EDGE_CURVE('',#1364,#1362,#350,.T.);
#1685=EDGE_CURVE('',#1365,#1363,#351,.T.);
#1686=EDGE_CURVE('',#1364,#1365,#352,.T.);
#1687=EDGE_CURVE('',#1366,#1364,#353,.T.);
#1688=EDGE_CURVE('',#1367,#1365,#354,.T.);
#1689=EDGE_CURVE('',#1366,#1367,#355,.T.);
#1690=EDGE_CURVE('',#1368,#1366,#356,.T.);
#1691=EDGE_CURVE('',#1369,#1367,#357,.T.);
#1692=EDGE_CURVE('',#1368,#1369,#358,.T.);
#1693=EDGE_CURVE('',#1370,#1368,#359,.T.);
#1694=EDGE_CURVE('',#1371,#1369,#360,.T.);
#1695=EDGE_CURVE('',#1370,#1371,#361,.T.);
#1696=EDGE_CURVE('',#1372,#1370,#362,.T.);
#1697=EDGE_CURVE('',#1373,#1371,#363,.T.);
#1698=EDGE_CURVE('',#1372,#1373,#364,.T.);
#1699=EDGE_CURVE('',#1374,#1372,#365,.T.);
#1700=EDGE_CURVE('',#1375,#1373,#366,.T.);
#1701=EDGE_CURVE('',#1374,#1375,#367,.T.);
#1702=EDGE_CURVE('',#1376,#1374,#368,.T.);
#1703=EDGE_CURVE('',#1377,#1375,#369,.T.);
#1704=EDGE_CURVE('',#1376,#1377,#370,.T.);
#1705=EDGE_CURVE('',#1378,#1376,#371,.T.);
#1706=EDGE_CURVE('',#1379,#1377,#372,.T.);
#1707=EDGE_CURVE('',#1378,#1379,#373,.T.);
#1708=EDGE_CURVE('',#1380,#1378,#374,.T.);
#1709=EDGE_CURVE('',#1381,#1379,#375,.T.);
#1710=EDGE_CURVE('',#1380,#1381,#376,.T.);
#1711=EDGE_CURVE('',#1382,#1380,#377,.T.);
#1712=EDGE_CURVE('',#1383,#1381,#378,.T.);
#1713=EDGE_CURVE('',#1382,#1383,#379,.T.);
#1714=EDGE_CURVE('',#1384,#1382,#380,.T.);
#1715=EDGE_CURVE('',#1385,#1383,#381,.T.);
#1716=EDGE_CURVE('',#1384,#1385,#382,.T.);
#1717=EDGE_CURVE('',#1386,#1384,#383,.T.);
#1718=EDGE_CURVE('',#1387,#1385,#384,.T.);
#1719=EDGE_CURVE('',#1386,#1387,#385,.T.);
#1720=EDGE_CURVE('',#1388,#1386,#386,.T.);
#1721=EDGE_CURVE('',#1389,#1387,#387,.T.);
#1722=EDGE_CURVE('',#1388,#1389,#388,.T.);
#1723=EDGE_CURVE('',#1390,#1388,#389,.T.);
#1724=EDGE_CURVE('',#1391,#1389,#390,.T.);
#1725=EDGE_CURVE('',#1390,#1391,#391,.T.);
#1726=EDGE_CURVE('',#1392,#1390,#392,.T.);
#1727=EDGE_CURVE('',#1393,#1391,#393,.T.);
#1728=EDGE_CURVE('',#1392,#1393,#394,.T.);
#1729=EDGE_CURVE('',#1394,#1392,#395,.T.);
#1730=EDGE_CURVE('',#1395,#1393,#396,.T.);
#1731=EDGE_CURVE('',#1394,#1395,#397,.T.);
#1732=EDGE_CURVE('',#1396,#1394,#398,.T.);
#1733=EDGE_CURVE('',#1397,#1395,#399,.T.);
#1734=EDGE_CURVE('',#1396,#1397,#400,.T.);
#1735=EDGE_CURVE('',#1398,#1396,#401,.T.);
#1736=EDGE_CURVE('',#1399,#1397,#402,.T.);
#1737=EDGE_CURVE('',#1398,#1399,#403,.T.);
#1738=EDGE_CURVE('',#1400,#1398,#404,.T.);
#1739=EDGE_CURVE('',#1401,#1399,#405,.T.);
#1740=EDGE_CURVE('',#1400,#1401,#406,.T.);
#1741=EDGE_CURVE('',#1402,#1400,#407,.T.);
#1742=EDGE_CURVE('',#1403,#1401,#408,.T.);
#1743=EDGE_CURVE('',#1402,#1403,#409,.T.);
#1744=EDGE_CURVE('',#1404,#1402,#410,.T.);
#1745=EDGE_CURVE('',#1405,#1403,#411,.T.);
#1746=EDGE_CURVE('',#1404,#1405,#412,.T.);
#1747=EDGE_CURVE('',#1406,#1404,#413,.T.);
#1748=EDGE_CURVE('',#1407,#1405,#414,.T.);
#1749=EDGE_CURVE('',#1406,#1407,#415,.T.);
#1750=EDGE_CURVE('',#1408,#1406,#416,.T.);
#1751=EDGE_CURVE('',#1409,#1407,#417,.T.);
#1752=EDGE_CURVE('',#1408,#1409,#418,.T.);
#1753=EDGE_CURVE('',#1410,#1408,#419,.T.);
#1754=EDGE_CURVE('',#1411,#1409,#420,.T.);
#1755=EDGE_CURVE('',#1410,#1411,#421,.T.);
#1756=EDGE_CURVE('',#1412,#1410,#422,.T.);
#1757=EDGE_CURVE('',#1413,#1411,#423,.T.);
#1758=EDGE_CURVE('',#1412,#1413,#424,.T.);
#1759=EDGE_CURVE('',#1414,#1412,#425,.T.);
#1760=EDGE_CURVE('',#1415,#1413,#426,.T.);
#1761=EDGE_CURVE('',#1414,#1415,#427,.T.);
#1762=EDGE_CURVE('',#1416,#1414,#428,.T.);
#1763=EDGE_CURVE('',#1417,#1415,#429,.T.);
#1764=EDGE_CURVE('',#1416,#1417,#430,.T.);
#1765=EDGE_CURVE('',#1418,#1416,#431,.T.);
#1766=EDGE_CURVE('',#1419,#1417,#432,.T.);
#1767=EDGE_CURVE('',#1418,#1419,#433,.T.);
#1768=EDGE_CURVE('',#1420,#1418,#434,.T.);
#1769=EDGE_CURVE('',#1421,#1419,#435,.T.);
#1770=EDGE_CURVE('',#1420,#1421,#436,.T.);
#1771=EDGE_CURVE('',#1422,#1420,#437,.T.);
#1772=EDGE_CURVE('',#1423,#1421,#438,.T.);
#1773=EDGE_CURVE('',#1422,#1423,#439,.T.);
#1774=EDGE_CURVE('',#1424,#1422,#440,.T.);
#1775=EDGE_CURVE('',#1425,#1423,#441,.T.);
#1776=EDGE_CURVE('',#1424,#1425,#442,.T.);
#1777=EDGE_CURVE('',#1349,#1424,#443,.T.);
#1778=EDGE_CURVE('',#1350,#1425,#444,.T.);
#1779=EDGE_CURVE('',#1426,#1426,#1232,.T.);
#1780=EDGE_CURVE('',#1426,#1427,#445,.T.);
#1781=EDGE_CURVE('',#1427,#1427,#1233,.T.);
#1782=EDGE_CURVE('',#1428,#1428,#13,.T.);
#1783=EDGE_CURVE('',#1428,#1429,#446,.T.);
#1784=EDGE_CURVE('',#1429,#1429,#14,.T.);
#1785=EDGE_CURVE('',#1430,#1431,#447,.T.);
#1786=EDGE_CURVE('',#1431,#1432,#448,.T.);
#1787=EDGE_CURVE('',#1433,#1432,#449,.T.);
#1788=EDGE_CURVE('',#1430,#1433,#450,.T.);
#1789=EDGE_CURVE('',#1434,#1430,#451,.T.);
#1790=EDGE_CURVE('',#1435,#1433,#452,.T.);
#1791=EDGE_CURVE('',#1434,#1435,#453,.T.);
#1792=EDGE_CURVE('',#1436,#1434,#454,.T.);
#1793=EDGE_CURVE('',#1437,#1435,#455,.T.);
#1794=EDGE_CURVE('',#1436,#1437,#456,.T.);
#1795=EDGE_CURVE('',#1431,#1436,#457,.T.);
#1796=EDGE_CURVE('',#1432,#1437,#458,.T.);
#1797=EDGE_CURVE('',#1438,#1439,#459,.T.);
#1798=EDGE_CURVE('',#1439,#1440,#460,.T.);
#1799=EDGE_CURVE('',#1441,#1440,#461,.T.);
#1800=EDGE_CURVE('',#1438,#1441,#462,.T.);
#1801=EDGE_CURVE('',#1442,#1438,#463,.T.);
#1802=EDGE_CURVE('',#1443,#1441,#464,.T.);
#1803=EDGE_CURVE('',#1442,#1443,#465,.T.);
#1804=EDGE_CURVE('',#1444,#1442,#466,.T.);
#1805=EDGE_CURVE('',#1445,#1443,#467,.T.);
#1806=EDGE_CURVE('',#1444,#1445,#468,.T.);
#1807=EDGE_CURVE('',#1446,#1444,#469,.T.);
#1808=EDGE_CURVE('',#1447,#1445,#470,.T.);
#1809=EDGE_CURVE('',#1446,#1447,#471,.T.);
#1810=EDGE_CURVE('',#1439,#1446,#472,.T.);
#1811=EDGE_CURVE('',#1440,#1447,#473,.T.);
#1812=EDGE_CURVE('',#1448,#1449,#474,.T.);
#1813=EDGE_CURVE('',#1448,#1450,#475,.T.);
#1814=EDGE_CURVE('',#1451,#1450,#476,.T.);
#1815=EDGE_CURVE('',#1449,#1451,#477,.T.);
#1816=EDGE_CURVE('',#1449,#1452,#478,.T.);
#1817=EDGE_CURVE('',#1453,#1451,#479,.T.);
#1818=EDGE_CURVE('',#1452,#1453,#480,.T.);
#1819=EDGE_CURVE('',#1452,#1454,#481,.T.);
#1820=EDGE_CURVE('',#1455,#1453,#482,.T.);
#1821=EDGE_CURVE('',#1454,#1455,#483,.T.);
#1822=EDGE_CURVE('',#1454,#1456,#484,.T.);
#1823=EDGE_CURVE('',#1457,#1455,#485,.T.);
#1824=EDGE_CURVE('',#1456,#1457,#486,.T.);
#1825=EDGE_CURVE('',#1456,#1458,#487,.T.);
#1826=EDGE_CURVE('',#1459,#1457,#488,.T.);
#1827=EDGE_CURVE('',#1458,#1459,#489,.T.);
#1828=EDGE_CURVE('',#1458,#1460,#490,.T.);
#1829=EDGE_CURVE('',#1461,#1459,#491,.T.);
#1830=EDGE_CURVE('',#1460,#1461,#492,.T.);
#1831=EDGE_CURVE('',#1460,#1462,#493,.T.);
#1832=EDGE_CURVE('',#1463,#1461,#494,.T.);
#1833=EDGE_CURVE('',#1462,#1463,#495,.T.);
#1834=EDGE_CURVE('',#1462,#1464,#496,.T.);
#1835=EDGE_CURVE('',#1465,#1463,#497,.T.);
#1836=EDGE_CURVE('',#1464,#1465,#498,.T.);
#1837=EDGE_CURVE('',#1464,#1466,#499,.T.);
#1838=EDGE_CURVE('',#1467,#1465,#500,.T.);
#1839=EDGE_CURVE('',#1466,#1467,#501,.T.);
#1840=EDGE_CURVE('',#1466,#1468,#502,.T.);
#1841=EDGE_CURVE('',#1469,#1467,#503,.T.);
#1842=EDGE_CURVE('',#1468,#1469,#504,.T.);
#1843=EDGE_CURVE('',#1468,#1470,#505,.T.);
#1844=EDGE_CURVE('',#1471,#1469,#506,.T.);
#1845=EDGE_CURVE('',#1470,#1471,#507,.T.);
#1846=EDGE_CURVE('',#1470,#1472,#508,.T.);
#1847=EDGE_CURVE('',#1473,#1471,#509,.T.);
#1848=EDGE_CURVE('',#1472,#1473,#510,.T.);
#1849=EDGE_CURVE('',#1472,#1474,#15,.T.);
#1850=EDGE_CURVE('',#1475,#1473,#16,.T.);
#1851=EDGE_CURVE('',#1474,#1475,#511,.T.);
#1852=EDGE_CURVE('',#1474,#1476,#512,.T.);
#1853=EDGE_CURVE('',#1477,#1475,#513,.T.);
#1854=EDGE_CURVE('',#1476,#1477,#514,.T.);
#1855=EDGE_CURVE('',#1476,#1478,#515,.T.);
#1856=EDGE_CURVE('',#1479,#1477,#516,.T.);
#1857=EDGE_CURVE('',#1478,#1479,#517,.T.);
#1858=EDGE_CURVE('',#1478,#1480,#518,.T.);
#1859=EDGE_CURVE('',#1481,#1479,#519,.T.);
#1860=EDGE_CURVE('',#1480,#1481,#520,.T.);
#1861=EDGE_CURVE('',#1480,#1482,#521,.T.);
#1862=EDGE_CURVE('',#1483,#1481,#522,.T.);
#1863=EDGE_CURVE('',#1482,#1483,#523,.T.);
#1864=EDGE_CURVE('',#1484,#1482,#17,.T.);
#1865=EDGE_CURVE('',#1485,#1483,#18,.T.);
#1866=EDGE_CURVE('',#1484,#1485,#524,.T.);
#1867=EDGE_CURVE('',#1484,#1486,#525,.T.);
#1868=EDGE_CURVE('',#1487,#1485,#526,.T.);
#1869=EDGE_CURVE('',#1486,#1487,#527,.T.);
#1870=EDGE_CURVE('',#1448,#1486,#19,.T.);
#1871=EDGE_CURVE('',#1450,#1487,#20,.T.);
#1872=EDGE_CURVE('',#1488,#1488,#1234,.T.);
#1873=EDGE_CURVE('',#1488,#1489,#528,.T.);
#1874=EDGE_CURVE('',#1489,#1489,#1235,.T.);
#1875=ORIENTED_EDGE('',*,*,#1490,.T.);
#1876=ORIENTED_EDGE('',*,*,#1491,.T.);
#1877=ORIENTED_EDGE('',*,*,#1492,.T.);
#1878=ORIENTED_EDGE('',*,*,#1493,.T.);
#1879=ORIENTED_EDGE('',*,*,#1494,.T.);
#1880=ORIENTED_EDGE('',*,*,#1495,.T.);
#1881=ORIENTED_EDGE('',*,*,#1491,.F.);
#1882=ORIENTED_EDGE('',*,*,#1496,.T.);
#1883=ORIENTED_EDGE('',*,*,#1492,.F.);
#1884=ORIENTED_EDGE('',*,*,#1497,.T.);
#1885=ORIENTED_EDGE('',*,*,#1498,.F.);
#1886=ORIENTED_EDGE('',*,*,#1499,.T.);
#1887=ORIENTED_EDGE('',*,*,#1495,.F.);
#1888=ORIENTED_EDGE('',*,*,#1500,.T.);
#1889=ORIENTED_EDGE('',*,*,#1501,.F.);
#1890=ORIENTED_EDGE('',*,*,#1497,.F.);
#1891=ORIENTED_EDGE('',*,*,#1494,.F.);
#1892=ORIENTED_EDGE('',*,*,#1502,.F.);
#1893=ORIENTED_EDGE('',*,*,#1503,.F.);
#1894=ORIENTED_EDGE('',*,*,#1504,.F.);
#1895=ORIENTED_EDGE('',*,*,#1505,.F.);
#1896=ORIENTED_EDGE('',*,*,#1506,.F.);
#1897=ORIENTED_EDGE('',*,*,#1507,.F.);
#1898=ORIENTED_EDGE('',*,*,#1500,.F.);
#1899=ORIENTED_EDGE('',*,*,#1508,.F.);
#1900=ORIENTED_EDGE('',*,*,#1509,.F.);
#1901=ORIENTED_EDGE('',*,*,#1510,.F.);
#1902=ORIENTED_EDGE('',*,*,#1511,.F.);
#1903=ORIENTED_EDGE('',*,*,#1512,.F.);
#1904=ORIENTED_EDGE('',*,*,#1513,.F.);
#1905=ORIENTED_EDGE('',*,*,#1514,.F.);
#1906=ORIENTED_EDGE('',*,*,#1515,.F.);
#1907=ORIENTED_EDGE('',*,*,#1516,.F.);
#1908=ORIENTED_EDGE('',*,*,#1517,.F.);
#1909=ORIENTED_EDGE('',*,*,#1518,.F.);
#1910=ORIENTED_EDGE('',*,*,#1519,.F.);
#1911=ORIENTED_EDGE('',*,*,#1520,.F.);
#1912=ORIENTED_EDGE('',*,*,#1521,.F.);
#1913=ORIENTED_EDGE('',*,*,#1522,.F.);
#1914=ORIENTED_EDGE('',*,*,#1523,.F.);
#1915=ORIENTED_EDGE('',*,*,#1524,.F.);
#1916=ORIENTED_EDGE('',*,*,#1525,.F.);
#1917=ORIENTED_EDGE('',*,*,#1526,.F.);
#1918=ORIENTED_EDGE('',*,*,#1527,.F.);
#1919=ORIENTED_EDGE('',*,*,#1528,.F.);
#1920=ORIENTED_EDGE('',*,*,#1529,.F.);
#1921=ORIENTED_EDGE('',*,*,#1530,.F.);
#1922=ORIENTED_EDGE('',*,*,#1531,.F.);
#1923=ORIENTED_EDGE('',*,*,#1532,.F.);
#1924=ORIENTED_EDGE('',*,*,#1533,.F.);
#1925=ORIENTED_EDGE('',*,*,#1534,.F.);
#1926=ORIENTED_EDGE('',*,*,#1535,.F.);
#1927=ORIENTED_EDGE('',*,*,#1536,.F.);
#1928=ORIENTED_EDGE('',*,*,#1537,.F.);
#1929=ORIENTED_EDGE('',*,*,#1538,.F.);
#1930=ORIENTED_EDGE('',*,*,#1539,.F.);
#1931=ORIENTED_EDGE('',*,*,#1540,.F.);
#1932=ORIENTED_EDGE('',*,*,#1541,.F.);
#1933=ORIENTED_EDGE('',*,*,#1542,.F.);
#1934=ORIENTED_EDGE('',*,*,#1543,.F.);
#1935=ORIENTED_EDGE('',*,*,#1544,.F.);
#1936=ORIENTED_EDGE('',*,*,#1545,.F.);
#1937=ORIENTED_EDGE('',*,*,#1546,.F.);
#1938=ORIENTED_EDGE('',*,*,#1547,.F.);
#1939=ORIENTED_EDGE('',*,*,#1548,.F.);
#1940=ORIENTED_EDGE('',*,*,#1549,.F.);
#1941=ORIENTED_EDGE('',*,*,#1550,.F.);
#1942=ORIENTED_EDGE('',*,*,#1551,.F.);
#1943=ORIENTED_EDGE('',*,*,#1498,.T.);
#1944=ORIENTED_EDGE('',*,*,#1552,.T.);
#1945=ORIENTED_EDGE('',*,*,#1553,.T.);
#1946=ORIENTED_EDGE('',*,*,#1554,.T.);
#1947=ORIENTED_EDGE('',*,*,#1507,.T.);
#1948=ORIENTED_EDGE('',*,*,#1555,.T.);
#1949=ORIENTED_EDGE('',*,*,#1552,.F.);
#1950=ORIENTED_EDGE('',*,*,#1501,.T.);
#1951=ORIENTED_EDGE('',*,*,#1553,.F.);
#1952=ORIENTED_EDGE('',*,*,#1556,.T.);
#1953=ORIENTED_EDGE('',*,*,#1557,.F.);
#1954=ORIENTED_EDGE('',*,*,#1558,.T.);
#1955=ORIENTED_EDGE('',*,*,#1555,.F.);
#1956=ORIENTED_EDGE('',*,*,#1506,.T.);
#1957=ORIENTED_EDGE('',*,*,#1559,.F.);
#1958=ORIENTED_EDGE('',*,*,#1556,.F.);
#1959=ORIENTED_EDGE('',*,*,#1560,.T.);
#1960=ORIENTED_EDGE('',*,*,#1561,.T.);
#1961=ORIENTED_EDGE('',*,*,#1562,.T.);
#1962=ORIENTED_EDGE('',*,*,#1563,.T.);
#1963=ORIENTED_EDGE('',*,*,#1503,.T.);
#1964=ORIENTED_EDGE('',*,*,#1564,.T.);
#1965=ORIENTED_EDGE('',*,*,#1561,.F.);
#1966=ORIENTED_EDGE('',*,*,#1565,.T.);
#1967=ORIENTED_EDGE('',*,*,#1490,.F.);
#1968=ORIENTED_EDGE('',*,*,#1566,.T.);
#1969=ORIENTED_EDGE('',*,*,#1562,.F.);
#1970=ORIENTED_EDGE('',*,*,#1567,.T.);
#1971=ORIENTED_EDGE('',*,*,#1496,.F.);
#1972=ORIENTED_EDGE('',*,*,#1567,.F.);
#1973=ORIENTED_EDGE('',*,*,#1564,.F.);
#1974=ORIENTED_EDGE('',*,*,#1502,.T.);
#1975=ORIENTED_EDGE('',*,*,#1557,.T.);
#1976=ORIENTED_EDGE('',*,*,#1568,.T.);
#1977=ORIENTED_EDGE('',*,*,#1569,.T.);
#1978=ORIENTED_EDGE('',*,*,#1570,.T.);
#1979=ORIENTED_EDGE('',*,*,#1505,.T.);
#1980=ORIENTED_EDGE('',*,*,#1571,.T.);
#1981=ORIENTED_EDGE('',*,*,#1568,.F.);
#1982=ORIENTED_EDGE('',*,*,#1559,.T.);
#1983=ORIENTED_EDGE('',*,*,#1560,.F.);
#1984=ORIENTED_EDGE('',*,*,#1572,.T.);
#1985=ORIENTED_EDGE('',*,*,#1569,.F.);
#1986=ORIENTED_EDGE('',*,*,#1573,.T.);
#1987=ORIENTED_EDGE('',*,*,#1493,.F.);
#1988=ORIENTED_EDGE('',*,*,#1499,.F.);
#1989=ORIENTED_EDGE('',*,*,#1554,.F.);
#1990=ORIENTED_EDGE('',*,*,#1558,.F.);
#1991=ORIENTED_EDGE('',*,*,#1570,.F.);
#1992=ORIENTED_EDGE('',*,*,#1572,.F.);
#1993=ORIENTED_EDGE('',*,*,#1563,.F.);
#1994=ORIENTED_EDGE('',*,*,#1566,.F.);
#1995=ORIENTED_EDGE('',*,*,#1574,.T.);
#1996=ORIENTED_EDGE('',*,*,#1575,.T.);
#1997=ORIENTED_EDGE('',*,*,#1576,.T.);
#1998=ORIENTED_EDGE('',*,*,#1577,.T.);
#1999=ORIENTED_EDGE('',*,*,#1578,.T.);
#2000=ORIENTED_EDGE('',*,*,#1579,.T.);
#2001=ORIENTED_EDGE('',*,*,#1580,.T.);
#2002=ORIENTED_EDGE('',*,*,#1581,.T.);
#2003=ORIENTED_EDGE('',*,*,#1582,.T.);
#2004=ORIENTED_EDGE('',*,*,#1583,.T.);
#2005=ORIENTED_EDGE('',*,*,#1584,.T.);
#2006=ORIENTED_EDGE('',*,*,#1585,.T.);
#2007=ORIENTED_EDGE('',*,*,#1586,.T.);
#2008=ORIENTED_EDGE('',*,*,#1587,.T.);
#2009=ORIENTED_EDGE('',*,*,#1588,.T.);
#2010=ORIENTED_EDGE('',*,*,#1589,.T.);
#2011=ORIENTED_EDGE('',*,*,#1590,.T.);
#2012=ORIENTED_EDGE('',*,*,#1591,.T.);
#2013=ORIENTED_EDGE('',*,*,#1592,.T.);
#2014=ORIENTED_EDGE('',*,*,#1593,.T.);
#2015=ORIENTED_EDGE('',*,*,#1594,.T.);
#2016=ORIENTED_EDGE('',*,*,#1595,.T.);
#2017=ORIENTED_EDGE('',*,*,#1596,.T.);
#2018=ORIENTED_EDGE('',*,*,#1597,.T.);
#2019=ORIENTED_EDGE('',*,*,#1598,.T.);
#2020=ORIENTED_EDGE('',*,*,#1599,.T.);
#2021=ORIENTED_EDGE('',*,*,#1600,.T.);
#2022=ORIENTED_EDGE('',*,*,#1601,.T.);
#2023=ORIENTED_EDGE('',*,*,#1602,.T.);
#2024=ORIENTED_EDGE('',*,*,#1603,.T.);
#2025=ORIENTED_EDGE('',*,*,#1604,.T.);
#2026=ORIENTED_EDGE('',*,*,#1605,.T.);
#2027=ORIENTED_EDGE('',*,*,#1606,.T.);
#2028=ORIENTED_EDGE('',*,*,#1607,.T.);
#2029=ORIENTED_EDGE('',*,*,#1608,.T.);
#2030=ORIENTED_EDGE('',*,*,#1609,.T.);
#2031=ORIENTED_EDGE('',*,*,#1610,.T.);
#2032=ORIENTED_EDGE('',*,*,#1611,.T.);
#2033=ORIENTED_EDGE('',*,*,#1612,.T.);
#2034=ORIENTED_EDGE('',*,*,#1613,.T.);
#2035=ORIENTED_EDGE('',*,*,#1614,.T.);
#2036=ORIENTED_EDGE('',*,*,#1615,.T.);
#2037=ORIENTED_EDGE('',*,*,#1616,.T.);
#2038=ORIENTED_EDGE('',*,*,#1617,.T.);
#2039=ORIENTED_EDGE('',*,*,#1549,.T.);
#2040=ORIENTED_EDGE('',*,*,#1618,.T.);
#2041=ORIENTED_EDGE('',*,*,#1577,.F.);
#2042=ORIENTED_EDGE('',*,*,#1619,.F.);
#2043=ORIENTED_EDGE('',*,*,#1550,.T.);
#2044=ORIENTED_EDGE('',*,*,#1619,.T.);
#2045=ORIENTED_EDGE('',*,*,#1576,.F.);
#2046=ORIENTED_EDGE('',*,*,#1620,.F.);
#2047=ORIENTED_EDGE('',*,*,#1551,.T.);
#2048=ORIENTED_EDGE('',*,*,#1620,.T.);
#2049=ORIENTED_EDGE('',*,*,#1575,.F.);
#2050=ORIENTED_EDGE('',*,*,#1621,.F.);
#2051=ORIENTED_EDGE('',*,*,#1548,.T.);
#2052=ORIENTED_EDGE('',*,*,#1621,.T.);
#2053=ORIENTED_EDGE('',*,*,#1574,.F.);
#2054=ORIENTED_EDGE('',*,*,#1618,.F.);
#2055=ORIENTED_EDGE('',*,*,#1545,.T.);
#2056=ORIENTED_EDGE('',*,*,#1622,.T.);
#2057=ORIENTED_EDGE('',*,*,#1581,.F.);
#2058=ORIENTED_EDGE('',*,*,#1623,.F.);
#2059=ORIENTED_EDGE('',*,*,#1546,.T.);
#2060=ORIENTED_EDGE('',*,*,#1623,.T.);
#2061=ORIENTED_EDGE('',*,*,#1580,.F.);
#2062=ORIENTED_EDGE('',*,*,#1624,.F.);
#2063=ORIENTED_EDGE('',*,*,#1547,.T.);
#2064=ORIENTED_EDGE('',*,*,#1624,.T.);
#2065=ORIENTED_EDGE('',*,*,#1579,.F.);
#2066=ORIENTED_EDGE('',*,*,#1625,.F.);
#2067=ORIENTED_EDGE('',*,*,#1544,.T.);
#2068=ORIENTED_EDGE('',*,*,#1625,.T.);
#2069=ORIENTED_EDGE('',*,*,#1578,.F.);
#2070=ORIENTED_EDGE('',*,*,#1622,.F.);
#2071=ORIENTED_EDGE('',*,*,#1541,.T.);
#2072=ORIENTED_EDGE('',*,*,#1626,.T.);
#2073=ORIENTED_EDGE('',*,*,#1585,.F.);
#2074=ORIENTED_EDGE('',*,*,#1627,.F.);
#2075=ORIENTED_EDGE('',*,*,#1542,.T.);
#2076=ORIENTED_EDGE('',*,*,#1627,.T.);
#2077=ORIENTED_EDGE('',*,*,#1584,.F.);
#2078=ORIENTED_EDGE('',*,*,#1628,.F.);
#2079=ORIENTED_EDGE('',*,*,#1543,.T.);
#2080=ORIENTED_EDGE('',*,*,#1628,.T.);
#2081=ORIENTED_EDGE('',*,*,#1583,.F.);
#2082=ORIENTED_EDGE('',*,*,#1629,.F.);
#2083=ORIENTED_EDGE('',*,*,#1540,.T.);
#2084=ORIENTED_EDGE('',*,*,#1629,.T.);
#2085=ORIENTED_EDGE('',*,*,#1582,.F.);
#2086=ORIENTED_EDGE('',*,*,#1626,.F.);
#2087=ORIENTED_EDGE('',*,*,#1537,.T.);
#2088=ORIENTED_EDGE('',*,*,#1630,.T.);
#2089=ORIENTED_EDGE('',*,*,#1589,.F.);
#2090=ORIENTED_EDGE('',*,*,#1631,.F.);
#2091=ORIENTED_EDGE('',*,*,#1538,.T.);
#2092=ORIENTED_EDGE('',*,*,#1631,.T.);
#2093=ORIENTED_EDGE('',*,*,#1588,.F.);
#2094=ORIENTED_EDGE('',*,*,#1632,.F.);
#2095=ORIENTED_EDGE('',*,*,#1539,.T.);
#2096=ORIENTED_EDGE('',*,*,#1632,.T.);
#2097=ORIENTED_EDGE('',*,*,#1587,.F.);
#2098=ORIENTED_EDGE('',*,*,#1633,.F.);
#2099=ORIENTED_EDGE('',*,*,#1536,.T.);
#2100=ORIENTED_EDGE('',*,*,#1633,.T.);
#2101=ORIENTED_EDGE('',*,*,#1586,.F.);
#2102=ORIENTED_EDGE('',*,*,#1630,.F.);
#2103=ORIENTED_EDGE('',*,*,#1533,.T.);
#2104=ORIENTED_EDGE('',*,*,#1634,.T.);
#2105=ORIENTED_EDGE('',*,*,#1593,.F.);
#2106=ORIENTED_EDGE('',*,*,#1635,.F.);
#2107=ORIENTED_EDGE('',*,*,#1534,.T.);
#2108=ORIENTED_EDGE('',*,*,#1635,.T.);
#2109=ORIENTED_EDGE('',*,*,#1592,.F.);
#2110=ORIENTED_EDGE('',*,*,#1636,.F.);
#2111=ORIENTED_EDGE('',*,*,#1535,.T.);
#2112=ORIENTED_EDGE('',*,*,#1636,.T.);
#2113=ORIENTED_EDGE('',*,*,#1591,.F.);
#2114=ORIENTED_EDGE('',*,*,#1637,.F.);
#2115=ORIENTED_EDGE('',*,*,#1532,.T.);
#2116=ORIENTED_EDGE('',*,*,#1637,.T.);
#2117=ORIENTED_EDGE('',*,*,#1590,.F.);
#2118=ORIENTED_EDGE('',*,*,#1634,.F.);
#2119=ORIENTED_EDGE('',*,*,#1529,.T.);
#2120=ORIENTED_EDGE('',*,*,#1638,.T.);
#2121=ORIENTED_EDGE('',*,*,#1597,.F.);
#2122=ORIENTED_EDGE('',*,*,#1639,.F.);
#2123=ORIENTED_EDGE('',*,*,#1530,.T.);
#2124=ORIENTED_EDGE('',*,*,#1639,.T.);
#2125=ORIENTED_EDGE('',*,*,#1596,.F.);
#2126=ORIENTED_EDGE('',*,*,#1640,.F.);
#2127=ORIENTED_EDGE('',*,*,#1531,.T.);
#2128=ORIENTED_EDGE('',*,*,#1640,.T.);
#2129=ORIENTED_EDGE('',*,*,#1595,.F.);
#2130=ORIENTED_EDGE('',*,*,#1641,.F.);
#2131=ORIENTED_EDGE('',*,*,#1528,.T.);
#2132=ORIENTED_EDGE('',*,*,#1641,.T.);
#2133=ORIENTED_EDGE('',*,*,#1594,.F.);
#2134=ORIENTED_EDGE('',*,*,#1638,.F.);
#2135=ORIENTED_EDGE('',*,*,#1598,.F.);
#2136=ORIENTED_EDGE('',*,*,#1642,.T.);
#2137=ORIENTED_EDGE('',*,*,#1527,.T.);
#2138=ORIENTED_EDGE('',*,*,#1642,.F.);
#2139=ORIENTED_EDGE('',*,*,#1524,.T.);
#2140=ORIENTED_EDGE('',*,*,#1643,.T.);
#2141=ORIENTED_EDGE('',*,*,#1602,.F.);
#2142=ORIENTED_EDGE('',*,*,#1644,.F.);
#2143=ORIENTED_EDGE('',*,*,#1525,.T.);
#2144=ORIENTED_EDGE('',*,*,#1644,.T.);
#2145=ORIENTED_EDGE('',*,*,#1601,.F.);
#2146=ORIENTED_EDGE('',*,*,#1645,.F.);
#2147=ORIENTED_EDGE('',*,*,#1526,.T.);
#2148=ORIENTED_EDGE('',*,*,#1645,.T.);
#2149=ORIENTED_EDGE('',*,*,#1600,.F.);
#2150=ORIENTED_EDGE('',*,*,#1646,.F.);
#2151=ORIENTED_EDGE('',*,*,#1523,.T.);
#2152=ORIENTED_EDGE('',*,*,#1646,.T.);
#2153=ORIENTED_EDGE('',*,*,#1599,.F.);
#2154=ORIENTED_EDGE('',*,*,#1643,.F.);
#2155=ORIENTED_EDGE('',*,*,#1520,.T.);
#2156=ORIENTED_EDGE('',*,*,#1647,.T.);
#2157=ORIENTED_EDGE('',*,*,#1606,.F.);
#2158=ORIENTED_EDGE('',*,*,#1648,.F.);
#2159=ORIENTED_EDGE('',*,*,#1521,.T.);
#2160=ORIENTED_EDGE('',*,*,#1648,.T.);
#2161=ORIENTED_EDGE('',*,*,#1605,.F.);
#2162=ORIENTED_EDGE('',*,*,#1649,.F.);
#2163=ORIENTED_EDGE('',*,*,#1522,.T.);
#2164=ORIENTED_EDGE('',*,*,#1649,.T.);
#2165=ORIENTED_EDGE('',*,*,#1604,.F.);
#2166=ORIENTED_EDGE('',*,*,#1650,.F.);
#2167=ORIENTED_EDGE('',*,*,#1519,.T.);
#2168=ORIENTED_EDGE('',*,*,#1650,.T.);
#2169=ORIENTED_EDGE('',*,*,#1603,.F.);
#2170=ORIENTED_EDGE('',*,*,#1647,.F.);
#2171=ORIENTED_EDGE('',*,*,#1607,.F.);
#2172=ORIENTED_EDGE('',*,*,#1651,.T.);
#2173=ORIENTED_EDGE('',*,*,#1518,.T.);
#2174=ORIENTED_EDGE('',*,*,#1651,.F.);
#2175=ORIENTED_EDGE('',*,*,#1608,.F.);
#2176=ORIENTED_EDGE('',*,*,#1652,.T.);
#2177=ORIENTED_EDGE('',*,*,#1517,.T.);
#2178=ORIENTED_EDGE('',*,*,#1652,.F.);
#2179=ORIENTED_EDGE('',*,*,#1514,.T.);
#2180=ORIENTED_EDGE('',*,*,#1653,.T.);
#2181=ORIENTED_EDGE('',*,*,#1612,.F.);
#2182=ORIENTED_EDGE('',*,*,#1654,.F.);
#2183=ORIENTED_EDGE('',*,*,#1515,.T.);
#2184=ORIENTED_EDGE('',*,*,#1654,.T.);
#2185=ORIENTED_EDGE('',*,*,#1611,.F.);
#2186=ORIENTED_EDGE('',*,*,#1655,.F.);
#2187=ORIENTED_EDGE('',*,*,#1516,.T.);
#2188=ORIENTED_EDGE('',*,*,#1655,.T.);
#2189=ORIENTED_EDGE('',*,*,#1610,.F.);
#2190=ORIENTED_EDGE('',*,*,#1656,.F.);
#2191=ORIENTED_EDGE('',*,*,#1513,.T.);
#2192=ORIENTED_EDGE('',*,*,#1656,.T.);
#2193=ORIENTED_EDGE('',*,*,#1609,.F.);
#2194=ORIENTED_EDGE('',*,*,#1653,.F.);
#2195=ORIENTED_EDGE('',*,*,#1510,.T.);
#2196=ORIENTED_EDGE('',*,*,#1657,.T.);
#2197=ORIENTED_EDGE('',*,*,#1616,.F.);
#2198=ORIENTED_EDGE('',*,*,#1658,.F.);
#2199=ORIENTED_EDGE('',*,*,#1511,.T.);
#2200=ORIENTED_EDGE('',*,*,#1658,.T.);
#2201=ORIENTED_EDGE('',*,*,#1615,.F.);
#2202=ORIENTED_EDGE('',*,*,#1659,.F.);
#2203=ORIENTED_EDGE('',*,*,#1512,.T.);
#2204=ORIENTED_EDGE('',*,*,#1659,.T.);
#2205=ORIENTED_EDGE('',*,*,#1614,.F.);
#2206=ORIENTED_EDGE('',*,*,#1660,.F.);
#2207=ORIENTED_EDGE('',*,*,#1509,.T.);
#2208=ORIENTED_EDGE('',*,*,#1660,.T.);
#2209=ORIENTED_EDGE('',*,*,#1613,.F.);
#2210=ORIENTED_EDGE('',*,*,#1657,.F.);
#2211=ORIENTED_EDGE('',*,*,#1617,.F.);
#2212=ORIENTED_EDGE('',*,*,#1661,.T.);
#2213=ORIENTED_EDGE('',*,*,#1508,.T.);
#2214=ORIENTED_EDGE('',*,*,#1661,.F.);
#2215=ORIENTED_EDGE('',*,*,#1565,.F.);
#2216=ORIENTED_EDGE('',*,*,#1573,.F.);
#2217=ORIENTED_EDGE('',*,*,#1571,.F.);
#2218=ORIENTED_EDGE('',*,*,#1504,.T.);
#2219=ORIENTED_EDGE('',*,*,#1662,.T.);
#2220=ORIENTED_EDGE('',*,*,#1663,.T.);
#2221=ORIENTED_EDGE('',*,*,#1664,.F.);
#2222=ORIENTED_EDGE('',*,*,#1665,.F.);
#2223=ORIENTED_EDGE('',*,*,#1666,.F.);
#2224=ORIENTED_EDGE('',*,*,#1665,.T.);
#2225=ORIENTED_EDGE('',*,*,#1667,.F.);
#2226=ORIENTED_EDGE('',*,*,#1668,.F.);
#2227=ORIENTED_EDGE('',*,*,#1669,.T.);
#2228=ORIENTED_EDGE('',*,*,#1668,.T.);
#2229=ORIENTED_EDGE('',*,*,#1670,.F.);
#2230=ORIENTED_EDGE('',*,*,#1671,.F.);
#2231=ORIENTED_EDGE('',*,*,#1672,.T.);
#2232=ORIENTED_EDGE('',*,*,#1671,.T.);
#2233=ORIENTED_EDGE('',*,*,#1673,.F.);
#2234=ORIENTED_EDGE('',*,*,#1674,.F.);
#2235=ORIENTED_EDGE('',*,*,#1675,.T.);
#2236=ORIENTED_EDGE('',*,*,#1674,.T.);
#2237=ORIENTED_EDGE('',*,*,#1676,.F.);
#2238=ORIENTED_EDGE('',*,*,#1677,.F.);
#2239=ORIENTED_EDGE('',*,*,#1678,.T.);
#2240=ORIENTED_EDGE('',*,*,#1677,.T.);
#2241=ORIENTED_EDGE('',*,*,#1679,.F.);
#2242=ORIENTED_EDGE('',*,*,#1680,.F.);
#2243=ORIENTED_EDGE('',*,*,#1681,.T.);
#2244=ORIENTED_EDGE('',*,*,#1680,.T.);
#2245=ORIENTED_EDGE('',*,*,#1682,.F.);
#2246=ORIENTED_EDGE('',*,*,#1683,.F.);
#2247=ORIENTED_EDGE('',*,*,#1684,.T.);
#2248=ORIENTED_EDGE('',*,*,#1683,.T.);
#2249=ORIENTED_EDGE('',*,*,#1685,.F.);
#2250=ORIENTED_EDGE('',*,*,#1686,.F.);
#2251=ORIENTED_EDGE('',*,*,#1687,.T.);
#2252=ORIENTED_EDGE('',*,*,#1686,.T.);
#2253=ORIENTED_EDGE('',*,*,#1688,.F.);
#2254=ORIENTED_EDGE('',*,*,#1689,.F.);
#2255=ORIENTED_EDGE('',*,*,#1690,.T.);
#2256=ORIENTED_EDGE('',*,*,#1689,.T.);
#2257=ORIENTED_EDGE('',*,*,#1691,.F.);
#2258=ORIENTED_EDGE('',*,*,#1692,.F.);
#2259=ORIENTED_EDGE('',*,*,#1693,.T.);
#2260=ORIENTED_EDGE('',*,*,#1692,.T.);
#2261=ORIENTED_EDGE('',*,*,#1694,.F.);
#2262=ORIENTED_EDGE('',*,*,#1695,.F.);
#2263=ORIENTED_EDGE('',*,*,#1696,.T.);
#2264=ORIENTED_EDGE('',*,*,#1695,.T.);
#2265=ORIENTED_EDGE('',*,*,#1697,.F.);
#2266=ORIENTED_EDGE('',*,*,#1698,.F.);
#2267=ORIENTED_EDGE('',*,*,#1699,.T.);
#2268=ORIENTED_EDGE('',*,*,#1698,.T.);
#2269=ORIENTED_EDGE('',*,*,#1700,.F.);
#2270=ORIENTED_EDGE('',*,*,#1701,.F.);
#2271=ORIENTED_EDGE('',*,*,#1702,.T.);
#2272=ORIENTED_EDGE('',*,*,#1701,.T.);
#2273=ORIENTED_EDGE('',*,*,#1703,.F.);
#2274=ORIENTED_EDGE('',*,*,#1704,.F.);
#2275=ORIENTED_EDGE('',*,*,#1705,.T.);
#2276=ORIENTED_EDGE('',*,*,#1704,.T.);
#2277=ORIENTED_EDGE('',*,*,#1706,.F.);
#2278=ORIENTED_EDGE('',*,*,#1707,.F.);
#2279=ORIENTED_EDGE('',*,*,#1708,.T.);
#2280=ORIENTED_EDGE('',*,*,#1707,.T.);
#2281=ORIENTED_EDGE('',*,*,#1709,.F.);
#2282=ORIENTED_EDGE('',*,*,#1710,.F.);
#2283=ORIENTED_EDGE('',*,*,#1711,.T.);
#2284=ORIENTED_EDGE('',*,*,#1710,.T.);
#2285=ORIENTED_EDGE('',*,*,#1712,.F.);
#2286=ORIENTED_EDGE('',*,*,#1713,.F.);
#2287=ORIENTED_EDGE('',*,*,#1714,.T.);
#2288=ORIENTED_EDGE('',*,*,#1713,.T.);
#2289=ORIENTED_EDGE('',*,*,#1715,.F.);
#2290=ORIENTED_EDGE('',*,*,#1716,.F.);
#2291=ORIENTED_EDGE('',*,*,#1717,.T.);
#2292=ORIENTED_EDGE('',*,*,#1716,.T.);
#2293=ORIENTED_EDGE('',*,*,#1718,.F.);
#2294=ORIENTED_EDGE('',*,*,#1719,.F.);
#2295=ORIENTED_EDGE('',*,*,#1720,.T.);
#2296=ORIENTED_EDGE('',*,*,#1719,.T.);
#2297=ORIENTED_EDGE('',*,*,#1721,.F.);
#2298=ORIENTED_EDGE('',*,*,#1722,.F.);
#2299=ORIENTED_EDGE('',*,*,#1723,.T.);
#2300=ORIENTED_EDGE('',*,*,#1722,.T.);
#2301=ORIENTED_EDGE('',*,*,#1724,.F.);
#2302=ORIENTED_EDGE('',*,*,#1725,.F.);
#2303=ORIENTED_EDGE('',*,*,#1726,.T.);
#2304=ORIENTED_EDGE('',*,*,#1725,.T.);
#2305=ORIENTED_EDGE('',*,*,#1727,.F.);
#2306=ORIENTED_EDGE('',*,*,#1728,.F.);
#2307=ORIENTED_EDGE('',*,*,#1729,.T.);
#2308=ORIENTED_EDGE('',*,*,#1728,.T.);
#2309=ORIENTED_EDGE('',*,*,#1730,.F.);
#2310=ORIENTED_EDGE('',*,*,#1731,.F.);
#2311=ORIENTED_EDGE('',*,*,#1732,.T.);
#2312=ORIENTED_EDGE('',*,*,#1731,.T.);
#2313=ORIENTED_EDGE('',*,*,#1733,.F.);
#2314=ORIENTED_EDGE('',*,*,#1734,.F.);
#2315=ORIENTED_EDGE('',*,*,#1735,.T.);
#2316=ORIENTED_EDGE('',*,*,#1734,.T.);
#2317=ORIENTED_EDGE('',*,*,#1736,.F.);
#2318=ORIENTED_EDGE('',*,*,#1737,.F.);
#2319=ORIENTED_EDGE('',*,*,#1738,.T.);
#2320=ORIENTED_EDGE('',*,*,#1737,.T.);
#2321=ORIENTED_EDGE('',*,*,#1739,.F.);
#2322=ORIENTED_EDGE('',*,*,#1740,.F.);
#2323=ORIENTED_EDGE('',*,*,#1741,.T.);
#2324=ORIENTED_EDGE('',*,*,#1740,.T.);
#2325=ORIENTED_EDGE('',*,*,#1742,.F.);
#2326=ORIENTED_EDGE('',*,*,#1743,.F.);
#2327=ORIENTED_EDGE('',*,*,#1744,.T.);
#2328=ORIENTED_EDGE('',*,*,#1743,.T.);
#2329=ORIENTED_EDGE('',*,*,#1745,.F.);
#2330=ORIENTED_EDGE('',*,*,#1746,.F.);
#2331=ORIENTED_EDGE('',*,*,#1747,.T.);
#2332=ORIENTED_EDGE('',*,*,#1746,.T.);
#2333=ORIENTED_EDGE('',*,*,#1748,.F.);
#2334=ORIENTED_EDGE('',*,*,#1749,.F.);
#2335=ORIENTED_EDGE('',*,*,#1750,.T.);
#2336=ORIENTED_EDGE('',*,*,#1749,.T.);
#2337=ORIENTED_EDGE('',*,*,#1751,.F.);
#2338=ORIENTED_EDGE('',*,*,#1752,.F.);
#2339=ORIENTED_EDGE('',*,*,#1753,.T.);
#2340=ORIENTED_EDGE('',*,*,#1752,.T.);
#2341=ORIENTED_EDGE('',*,*,#1754,.F.);
#2342=ORIENTED_EDGE('',*,*,#1755,.F.);
#2343=ORIENTED_EDGE('',*,*,#1756,.T.);
#2344=ORIENTED_EDGE('',*,*,#1755,.T.);
#2345=ORIENTED_EDGE('',*,*,#1757,.F.);
#2346=ORIENTED_EDGE('',*,*,#1758,.F.);
#2347=ORIENTED_EDGE('',*,*,#1759,.T.);
#2348=ORIENTED_EDGE('',*,*,#1758,.T.);
#2349=ORIENTED_EDGE('',*,*,#1760,.F.);
#2350=ORIENTED_EDGE('',*,*,#1761,.F.);
#2351=ORIENTED_EDGE('',*,*,#1762,.T.);
#2352=ORIENTED_EDGE('',*,*,#1761,.T.);
#2353=ORIENTED_EDGE('',*,*,#1763,.F.);
#2354=ORIENTED_EDGE('',*,*,#1764,.F.);
#2355=ORIENTED_EDGE('',*,*,#1765,.T.);
#2356=ORIENTED_EDGE('',*,*,#1764,.T.);
#2357=ORIENTED_EDGE('',*,*,#1766,.F.);
#2358=ORIENTED_EDGE('',*,*,#1767,.F.);
#2359=ORIENTED_EDGE('',*,*,#1768,.T.);
#2360=ORIENTED_EDGE('',*,*,#1767,.T.);
#2361=ORIENTED_EDGE('',*,*,#1769,.F.);
#2362=ORIENTED_EDGE('',*,*,#1770,.F.);
#2363=ORIENTED_EDGE('',*,*,#1771,.T.);
#2364=ORIENTED_EDGE('',*,*,#1770,.T.);
#2365=ORIENTED_EDGE('',*,*,#1772,.F.);
#2366=ORIENTED_EDGE('',*,*,#1773,.F.);
#2367=ORIENTED_EDGE('',*,*,#1774,.T.);
#2368=ORIENTED_EDGE('',*,*,#1773,.T.);
#2369=ORIENTED_EDGE('',*,*,#1775,.F.);
#2370=ORIENTED_EDGE('',*,*,#1776,.F.);
#2371=ORIENTED_EDGE('',*,*,#1777,.T.);
#2372=ORIENTED_EDGE('',*,*,#1776,.T.);
#2373=ORIENTED_EDGE('',*,*,#1778,.F.);
#2374=ORIENTED_EDGE('',*,*,#1663,.F.);
#2375=ORIENTED_EDGE('',*,*,#1778,.T.);
#2376=ORIENTED_EDGE('',*,*,#1775,.T.);
#2377=ORIENTED_EDGE('',*,*,#1772,.T.);
#2378=ORIENTED_EDGE('',*,*,#1769,.T.);
#2379=ORIENTED_EDGE('',*,*,#1766,.T.);
#2380=ORIENTED_EDGE('',*,*,#1763,.T.);
#2381=ORIENTED_EDGE('',*,*,#1760,.T.);
#2382=ORIENTED_EDGE('',*,*,#1757,.T.);
#2383=ORIENTED_EDGE('',*,*,#1754,.T.);
#2384=ORIENTED_EDGE('',*,*,#1751,.T.);
#2385=ORIENTED_EDGE('',*,*,#1748,.T.);
#2386=ORIENTED_EDGE('',*,*,#1745,.T.);
#2387=ORIENTED_EDGE('',*,*,#1742,.T.);
#2388=ORIENTED_EDGE('',*,*,#1739,.T.);
#2389=ORIENTED_EDGE('',*,*,#1736,.T.);
#2390=ORIENTED_EDGE('',*,*,#1733,.T.);
#2391=ORIENTED_EDGE('',*,*,#1730,.T.);
#2392=ORIENTED_EDGE('',*,*,#1727,.T.);
#2393=ORIENTED_EDGE('',*,*,#1724,.T.);
#2394=ORIENTED_EDGE('',*,*,#1721,.T.);
#2395=ORIENTED_EDGE('',*,*,#1718,.T.);
#2396=ORIENTED_EDGE('',*,*,#1715,.T.);
#2397=ORIENTED_EDGE('',*,*,#1712,.T.);
#2398=ORIENTED_EDGE('',*,*,#1709,.T.);
#2399=ORIENTED_EDGE('',*,*,#1706,.T.);
#2400=ORIENTED_EDGE('',*,*,#1703,.T.);
#2401=ORIENTED_EDGE('',*,*,#1700,.T.);
#2402=ORIENTED_EDGE('',*,*,#1697,.T.);
#2403=ORIENTED_EDGE('',*,*,#1694,.T.);
#2404=ORIENTED_EDGE('',*,*,#1691,.T.);
#2405=ORIENTED_EDGE('',*,*,#1688,.T.);
#2406=ORIENTED_EDGE('',*,*,#1685,.T.);
#2407=ORIENTED_EDGE('',*,*,#1682,.T.);
#2408=ORIENTED_EDGE('',*,*,#1679,.T.);
#2409=ORIENTED_EDGE('',*,*,#1676,.T.);
#2410=ORIENTED_EDGE('',*,*,#1673,.T.);
#2411=ORIENTED_EDGE('',*,*,#1670,.T.);
#2412=ORIENTED_EDGE('',*,*,#1667,.T.);
#2413=ORIENTED_EDGE('',*,*,#1664,.T.);
#2414=ORIENTED_EDGE('',*,*,#1777,.F.);
#2415=ORIENTED_EDGE('',*,*,#1662,.F.);
#2416=ORIENTED_EDGE('',*,*,#1666,.T.);
#2417=ORIENTED_EDGE('',*,*,#1669,.F.);
#2418=ORIENTED_EDGE('',*,*,#1672,.F.);
#2419=ORIENTED_EDGE('',*,*,#1675,.F.);
#2420=ORIENTED_EDGE('',*,*,#1678,.F.);
#2421=ORIENTED_EDGE('',*,*,#1681,.F.);
#2422=ORIENTED_EDGE('',*,*,#1684,.F.);
#2423=ORIENTED_EDGE('',*,*,#1687,.F.);
#2424=ORIENTED_EDGE('',*,*,#1690,.F.);
#2425=ORIENTED_EDGE('',*,*,#1693,.F.);
#2426=ORIENTED_EDGE('',*,*,#1696,.F.);
#2427=ORIENTED_EDGE('',*,*,#1699,.F.);
#2428=ORIENTED_EDGE('',*,*,#1702,.F.);
#2429=ORIENTED_EDGE('',*,*,#1705,.F.);
#2430=ORIENTED_EDGE('',*,*,#1708,.F.);
#2431=ORIENTED_EDGE('',*,*,#1711,.F.);
#2432=ORIENTED_EDGE('',*,*,#1714,.F.);
#2433=ORIENTED_EDGE('',*,*,#1717,.F.);
#2434=ORIENTED_EDGE('',*,*,#1720,.F.);
#2435=ORIENTED_EDGE('',*,*,#1723,.F.);
#2436=ORIENTED_EDGE('',*,*,#1726,.F.);
#2437=ORIENTED_EDGE('',*,*,#1729,.F.);
#2438=ORIENTED_EDGE('',*,*,#1732,.F.);
#2439=ORIENTED_EDGE('',*,*,#1735,.F.);
#2440=ORIENTED_EDGE('',*,*,#1738,.F.);
#2441=ORIENTED_EDGE('',*,*,#1741,.F.);
#2442=ORIENTED_EDGE('',*,*,#1744,.F.);
#2443=ORIENTED_EDGE('',*,*,#1747,.F.);
#2444=ORIENTED_EDGE('',*,*,#1750,.F.);
#2445=ORIENTED_EDGE('',*,*,#1753,.F.);
#2446=ORIENTED_EDGE('',*,*,#1756,.F.);
#2447=ORIENTED_EDGE('',*,*,#1759,.F.);
#2448=ORIENTED_EDGE('',*,*,#1762,.F.);
#2449=ORIENTED_EDGE('',*,*,#1765,.F.);
#2450=ORIENTED_EDGE('',*,*,#1768,.F.);
#2451=ORIENTED_EDGE('',*,*,#1771,.F.);
#2452=ORIENTED_EDGE('',*,*,#1774,.F.);
#2453=ORIENTED_EDGE('',*,*,#1779,.F.);
#2454=ORIENTED_EDGE('',*,*,#1780,.T.);
#2455=ORIENTED_EDGE('',*,*,#1781,.T.);
#2456=ORIENTED_EDGE('',*,*,#1780,.F.);
#2457=ORIENTED_EDGE('',*,*,#1779,.T.);
#2458=ORIENTED_EDGE('',*,*,#1781,.F.);
#2459=ORIENTED_EDGE('',*,*,#1782,.T.);
#2460=ORIENTED_EDGE('',*,*,#1783,.T.);
#2461=ORIENTED_EDGE('',*,*,#1784,.F.);
#2462=ORIENTED_EDGE('',*,*,#1783,.F.);
#2463=ORIENTED_EDGE('',*,*,#1785,.T.);
#2464=ORIENTED_EDGE('',*,*,#1786,.T.);
#2465=ORIENTED_EDGE('',*,*,#1787,.F.);
#2466=ORIENTED_EDGE('',*,*,#1788,.F.);
#2467=ORIENTED_EDGE('',*,*,#1789,.T.);
#2468=ORIENTED_EDGE('',*,*,#1788,.T.);
#2469=ORIENTED_EDGE('',*,*,#1790,.F.);
#2470=ORIENTED_EDGE('',*,*,#1791,.F.);
#2471=ORIENTED_EDGE('',*,*,#1792,.T.);
#2472=ORIENTED_EDGE('',*,*,#1791,.T.);
#2473=ORIENTED_EDGE('',*,*,#1793,.F.);
#2474=ORIENTED_EDGE('',*,*,#1794,.F.);
#2475=ORIENTED_EDGE('',*,*,#1795,.T.);
#2476=ORIENTED_EDGE('',*,*,#1794,.T.);
#2477=ORIENTED_EDGE('',*,*,#1796,.F.);
#2478=ORIENTED_EDGE('',*,*,#1786,.F.);
#2479=ORIENTED_EDGE('',*,*,#1797,.T.);
#2480=ORIENTED_EDGE('',*,*,#1798,.T.);
#2481=ORIENTED_EDGE('',*,*,#1799,.F.);
#2482=ORIENTED_EDGE('',*,*,#1800,.F.);
#2483=ORIENTED_EDGE('',*,*,#1801,.T.);
#2484=ORIENTED_EDGE('',*,*,#1800,.T.);
#2485=ORIENTED_EDGE('',*,*,#1802,.F.);
#2486=ORIENTED_EDGE('',*,*,#1803,.F.);
#2487=ORIENTED_EDGE('',*,*,#1804,.T.);
#2488=ORIENTED_EDGE('',*,*,#1803,.T.);
#2489=ORIENTED_EDGE('',*,*,#1805,.F.);
#2490=ORIENTED_EDGE('',*,*,#1806,.F.);
#2491=ORIENTED_EDGE('',*,*,#1807,.T.);
#2492=ORIENTED_EDGE('',*,*,#1806,.T.);
#2493=ORIENTED_EDGE('',*,*,#1808,.F.);
#2494=ORIENTED_EDGE('',*,*,#1809,.F.);
#2495=ORIENTED_EDGE('',*,*,#1810,.T.);
#2496=ORIENTED_EDGE('',*,*,#1809,.T.);
#2497=ORIENTED_EDGE('',*,*,#1811,.F.);
#2498=ORIENTED_EDGE('',*,*,#1798,.F.);
#2499=ORIENTED_EDGE('',*,*,#1812,.F.);
#2500=ORIENTED_EDGE('',*,*,#1813,.T.);
#2501=ORIENTED_EDGE('',*,*,#1814,.F.);
#2502=ORIENTED_EDGE('',*,*,#1815,.F.);
#2503=ORIENTED_EDGE('',*,*,#1816,.F.);
#2504=ORIENTED_EDGE('',*,*,#1815,.T.);
#2505=ORIENTED_EDGE('',*,*,#1817,.F.);
#2506=ORIENTED_EDGE('',*,*,#1818,.F.);
#2507=ORIENTED_EDGE('',*,*,#1819,.F.);
#2508=ORIENTED_EDGE('',*,*,#1818,.T.);
#2509=ORIENTED_EDGE('',*,*,#1820,.F.);
#2510=ORIENTED_EDGE('',*,*,#1821,.F.);
#2511=ORIENTED_EDGE('',*,*,#1822,.F.);
#2512=ORIENTED_EDGE('',*,*,#1821,.T.);
#2513=ORIENTED_EDGE('',*,*,#1823,.F.);
#2514=ORIENTED_EDGE('',*,*,#1824,.F.);
#2515=ORIENTED_EDGE('',*,*,#1825,.F.);
#2516=ORIENTED_EDGE('',*,*,#1824,.T.);
#2517=ORIENTED_EDGE('',*,*,#1826,.F.);
#2518=ORIENTED_EDGE('',*,*,#1827,.F.);
#2519=ORIENTED_EDGE('',*,*,#1828,.F.);
#2520=ORIENTED_EDGE('',*,*,#1827,.T.);
#2521=ORIENTED_EDGE('',*,*,#1829,.F.);
#2522=ORIENTED_EDGE('',*,*,#1830,.F.);
#2523=ORIENTED_EDGE('',*,*,#1831,.F.);
#2524=ORIENTED_EDGE('',*,*,#1830,.T.);
#2525=ORIENTED_EDGE('',*,*,#1832,.F.);
#2526=ORIENTED_EDGE('',*,*,#1833,.F.);
#2527=ORIENTED_EDGE('',*,*,#1834,.F.);
#2528=ORIENTED_EDGE('',*,*,#1833,.T.);
#2529=ORIENTED_EDGE('',*,*,#1835,.F.);
#2530=ORIENTED_EDGE('',*,*,#1836,.F.);
#2531=ORIENTED_EDGE('',*,*,#1837,.F.);
#2532=ORIENTED_EDGE('',*,*,#1836,.T.);
#2533=ORIENTED_EDGE('',*,*,#1838,.F.);
#2534=ORIENTED_EDGE('',*,*,#1839,.F.);
#2535=ORIENTED_EDGE('',*,*,#1840,.F.);
#2536=ORIENTED_EDGE('',*,*,#1839,.T.);
#2537=ORIENTED_EDGE('',*,*,#1841,.F.);
#2538=ORIENTED_EDGE('',*,*,#1842,.F.);
#2539=ORIENTED_EDGE('',*,*,#1843,.F.);
#2540=ORIENTED_EDGE('',*,*,#1842,.T.);
#2541=ORIENTED_EDGE('',*,*,#1844,.F.);
#2542=ORIENTED_EDGE('',*,*,#1845,.F.);
#2543=ORIENTED_EDGE('',*,*,#1846,.F.);
#2544=ORIENTED_EDGE('',*,*,#1845,.T.);
#2545=ORIENTED_EDGE('',*,*,#1847,.F.);
#2546=ORIENTED_EDGE('',*,*,#1848,.F.);
#2547=ORIENTED_EDGE('',*,*,#1849,.F.);
#2548=ORIENTED_EDGE('',*,*,#1848,.T.);
#2549=ORIENTED_EDGE('',*,*,#1850,.F.);
#2550=ORIENTED_EDGE('',*,*,#1851,.F.);
#2551=ORIENTED_EDGE('',*,*,#1852,.F.);
#2552=ORIENTED_EDGE('',*,*,#1851,.T.);
#2553=ORIENTED_EDGE('',*,*,#1853,.F.);
#2554=ORIENTED_EDGE('',*,*,#1854,.F.);
#2555=ORIENTED_EDGE('',*,*,#1855,.F.);
#2556=ORIENTED_EDGE('',*,*,#1854,.T.);
#2557=ORIENTED_EDGE('',*,*,#1856,.F.);
#2558=ORIENTED_EDGE('',*,*,#1857,.F.);
#2559=ORIENTED_EDGE('',*,*,#1858,.F.);
#2560=ORIENTED_EDGE('',*,*,#1857,.T.);
#2561=ORIENTED_EDGE('',*,*,#1859,.F.);
#2562=ORIENTED_EDGE('',*,*,#1860,.F.);
#2563=ORIENTED_EDGE('',*,*,#1861,.F.);
#2564=ORIENTED_EDGE('',*,*,#1860,.T.);
#2565=ORIENTED_EDGE('',*,*,#1862,.F.);
#2566=ORIENTED_EDGE('',*,*,#1863,.F.);
#2567=ORIENTED_EDGE('',*,*,#1864,.T.);
#2568=ORIENTED_EDGE('',*,*,#1863,.T.);
#2569=ORIENTED_EDGE('',*,*,#1865,.F.);
#2570=ORIENTED_EDGE('',*,*,#1866,.F.);
#2571=ORIENTED_EDGE('',*,*,#1867,.F.);
#2572=ORIENTED_EDGE('',*,*,#1866,.T.);
#2573=ORIENTED_EDGE('',*,*,#1868,.F.);
#2574=ORIENTED_EDGE('',*,*,#1869,.F.);
#2575=ORIENTED_EDGE('',*,*,#1870,.T.);
#2576=ORIENTED_EDGE('',*,*,#1869,.T.);
#2577=ORIENTED_EDGE('',*,*,#1871,.F.);
#2578=ORIENTED_EDGE('',*,*,#1813,.F.);
#2579=ORIENTED_EDGE('',*,*,#1871,.T.);
#2580=ORIENTED_EDGE('',*,*,#1868,.T.);
#2581=ORIENTED_EDGE('',*,*,#1865,.T.);
#2582=ORIENTED_EDGE('',*,*,#1862,.T.);
#2583=ORIENTED_EDGE('',*,*,#1859,.T.);
#2584=ORIENTED_EDGE('',*,*,#1856,.T.);
#2585=ORIENTED_EDGE('',*,*,#1853,.T.);
#2586=ORIENTED_EDGE('',*,*,#1850,.T.);
#2587=ORIENTED_EDGE('',*,*,#1847,.T.);
#2588=ORIENTED_EDGE('',*,*,#1844,.T.);
#2589=ORIENTED_EDGE('',*,*,#1841,.T.);
#2590=ORIENTED_EDGE('',*,*,#1838,.T.);
#2591=ORIENTED_EDGE('',*,*,#1835,.T.);
#2592=ORIENTED_EDGE('',*,*,#1832,.T.);
#2593=ORIENTED_EDGE('',*,*,#1829,.T.);
#2594=ORIENTED_EDGE('',*,*,#1826,.T.);
#2595=ORIENTED_EDGE('',*,*,#1823,.T.);
#2596=ORIENTED_EDGE('',*,*,#1820,.T.);
#2597=ORIENTED_EDGE('',*,*,#1817,.T.);
#2598=ORIENTED_EDGE('',*,*,#1814,.T.);
#2599=ORIENTED_EDGE('',*,*,#1811,.T.);
#2600=ORIENTED_EDGE('',*,*,#1808,.T.);
#2601=ORIENTED_EDGE('',*,*,#1805,.T.);
#2602=ORIENTED_EDGE('',*,*,#1802,.T.);
#2603=ORIENTED_EDGE('',*,*,#1799,.T.);
#2604=ORIENTED_EDGE('',*,*,#1796,.T.);
#2605=ORIENTED_EDGE('',*,*,#1793,.T.);
#2606=ORIENTED_EDGE('',*,*,#1790,.T.);
#2607=ORIENTED_EDGE('',*,*,#1787,.T.);
#2608=ORIENTED_EDGE('',*,*,#1784,.T.);
#2609=ORIENTED_EDGE('',*,*,#1870,.F.);
#2610=ORIENTED_EDGE('',*,*,#1812,.T.);
#2611=ORIENTED_EDGE('',*,*,#1816,.T.);
#2612=ORIENTED_EDGE('',*,*,#1819,.T.);
#2613=ORIENTED_EDGE('',*,*,#1822,.T.);
#2614=ORIENTED_EDGE('',*,*,#1825,.T.);
#2615=ORIENTED_EDGE('',*,*,#1828,.T.);
#2616=ORIENTED_EDGE('',*,*,#1831,.T.);
#2617=ORIENTED_EDGE('',*,*,#1834,.T.);
#2618=ORIENTED_EDGE('',*,*,#1837,.T.);
#2619=ORIENTED_EDGE('',*,*,#1840,.T.);
#2620=ORIENTED_EDGE('',*,*,#1843,.T.);
#2621=ORIENTED_EDGE('',*,*,#1846,.T.);
#2622=ORIENTED_EDGE('',*,*,#1849,.T.);
#2623=ORIENTED_EDGE('',*,*,#1852,.T.);
#2624=ORIENTED_EDGE('',*,*,#1855,.T.);
#2625=ORIENTED_EDGE('',*,*,#1858,.T.);
#2626=ORIENTED_EDGE('',*,*,#1861,.T.);
#2627=ORIENTED_EDGE('',*,*,#1864,.F.);
#2628=ORIENTED_EDGE('',*,*,#1867,.T.);
#2629=ORIENTED_EDGE('',*,*,#1810,.F.);
#2630=ORIENTED_EDGE('',*,*,#1797,.F.);
#2631=ORIENTED_EDGE('',*,*,#1801,.F.);
#2632=ORIENTED_EDGE('',*,*,#1804,.F.);
#2633=ORIENTED_EDGE('',*,*,#1807,.F.);
#2634=ORIENTED_EDGE('',*,*,#1795,.F.);
#2635=ORIENTED_EDGE('',*,*,#1785,.F.);
#2636=ORIENTED_EDGE('',*,*,#1789,.F.);
#2637=ORIENTED_EDGE('',*,*,#1792,.F.);
#2638=ORIENTED_EDGE('',*,*,#1782,.F.);
#2639=ORIENTED_EDGE('',*,*,#1872,.F.);
#2640=ORIENTED_EDGE('',*,*,#1873,.T.);
#2641=ORIENTED_EDGE('',*,*,#1874,.T.);
#2642=ORIENTED_EDGE('',*,*,#1873,.F.);
#2643=ORIENTED_EDGE('',*,*,#1872,.T.);
#2644=ORIENTED_EDGE('',*,*,#1874,.F.);
#2645=(
BOUNDED_SURFACE()
B_SPLINE_SURFACE(2,2,((#3655,#3656,#3657),(#3658,#3659,#3660),(#3661,#3662,
#3663)),.UNSPECIFIED.,.F.,.F.,.F.)
B_SPLINE_SURFACE_WITH_KNOTS((3,3),(3,3),(-1.5707963267949,0.),(-1.5707963267949,
0.),.UNSPECIFIED.)
GEOMETRIC_REPRESENTATION_ITEM()
RATIONAL_B_SPLINE_SURFACE(((1.,0.707106781186548,1.),(0.707106781186542,
0.499999999999996,0.707106781186542),(1.,0.707106781186548,1.)))
REPRESENTATION_ITEM('')
SURFACE()
);
#2646=(
BOUNDED_SURFACE()
B_SPLINE_SURFACE(2,2,((#3788,#3789,#3790),(#3791,#3792,#3793),(#3794,#3795,
#3796)),.UNSPECIFIED.,.F.,.F.,.F.)
B_SPLINE_SURFACE_WITH_KNOTS((3,3),(3,3),(-1.5707963267949,0.),(-3.14159265358979,
-1.5707963267949),.UNSPECIFIED.)
GEOMETRIC_REPRESENTATION_ITEM()
RATIONAL_B_SPLINE_SURFACE(((1.,0.707106781186548,1.),(0.707106781186542,
0.499999999999996,0.707106781186542),(1.,0.707106781186548,1.)))
REPRESENTATION_ITEM('')
SURFACE()
);
#2647=(
BOUNDED_SURFACE()
B_SPLINE_SURFACE(2,2,((#3812,#3813,#3814),(#3815,#3816,#3817),(#3818,#3819,
#3820)),.UNSPECIFIED.,.F.,.F.,.F.)
B_SPLINE_SURFACE_WITH_KNOTS((3,3),(3,3),(-1.5707963267949,0.),(0.,1.5707963267949),
 .UNSPECIFIED.)
GEOMETRIC_REPRESENTATION_ITEM()
RATIONAL_B_SPLINE_SURFACE(((1.,0.707106781186548,1.),(0.707106781186542,
0.499999999999996,0.707106781186542),(1.,0.707106781186548,1.)))
REPRESENTATION_ITEM('')
SURFACE()
);
#2648=(
BOUNDED_SURFACE()
B_SPLINE_SURFACE(2,2,((#3836,#3837,#3838),(#3839,#3840,#3841),(#3842,#3843,
#3844)),.UNSPECIFIED.,.F.,.F.,.F.)
B_SPLINE_SURFACE_WITH_KNOTS((3,3),(3,3),(-1.5707963267949,0.),(1.5707963267949,
3.14159265358979),.UNSPECIFIED.)
GEOMETRIC_REPRESENTATION_ITEM()
RATIONAL_B_SPLINE_SURFACE(((1.,0.707106781186548,1.),(0.707106781186542,
0.499999999999996,0.707106781186542),(1.,0.707106781186548,1.)))
REPRESENTATION_ITEM('')
SURFACE()
);
#2649=(
BOUNDED_SURFACE()
B_SPLINE_SURFACE(5,1,((#4277,#4278),(#4279,#4280),(#4281,#4282),(#4283,
#4284),(#4285,#4286),(#4287,#4288),(#4289,#4290),(#4291,#4292),(#4293,#4294),
(#4295,#4296),(#4297,#4298),(#4299,#4300),(#4301,#4302),(#4303,#4304),(#4305,
#4306),(#4307,#4308),(#4309,#4310),(#4311,#4312),(#4313,#4314),(#4315,#4316),
(#4317,#4318),(#4319,#4320),(#4321,#4322),(#4323,#4324),(#4325,#4326),(#4327,
#4328),(#4329,#4330),(#4331,#4332),(#4333,#4334),(#4335,#4336),(#4337,#4338),
(#4339,#4340),(#4341,#4342),(#4343,#4344),(#4345,#4346),(#4347,#4348),(#4349,
#4350),(#4351,#4352),(#4353,#4354),(#4355,#4356),(#4357,#4358),(#4359,#4360),
(#4361,#4362),(#4363,#4364),(#4365,#4366),(#4367,#4368),(#4369,#4370),(#4371,
#4372),(#4373,#4374),(#4375,#4376),(#4377,#4378),(#4379,#4380),(#4381,#4382),
(#4383,#4384),(#4385,#4386),(#4387,#4388),(#4389,#4390),(#4391,#4392),(#4393,
#4394),(#4395,#4396),(#4397,#4398),(#4399,#4400),(#4401,#4402),(#4403,#4404),
(#4405,#4406)),.UNSPECIFIED.,.T.,.F.,.F.)
B_SPLINE_SURFACE_WITH_KNOTS((6,1,1,1,1,1,1,1,1,1,1,1,1,1,1,1,1,1,1,1,1,
1,1,1,1,1,1,1,1,1,1,1,1,1,1,1,1,1,1,1,1,1,1,1,1,1,1,1,1,1,1,1,1,1,1,1,1,
1,1,1,6),(2,2),(0.,0.0166666666666667,0.0333333333333333,0.05,0.0666666666666667,
0.0833333333333333,0.1,0.116666666666667,0.133333333333333,0.15,0.166666666666667,
0.183333333333333,0.2,0.216666666666667,0.233333333333333,0.25,0.266666666666667,
0.283333333333333,0.3,0.316666666666667,0.333333333333333,0.35,0.366666666666667,
0.383333333333333,0.4,0.416666666666667,0.433333333333333,0.45,0.466666666666667,
0.483333333333333,0.5,0.516666666666667,0.533333333333333,0.55,0.566666666666667,
0.583333333333333,0.6,0.616666666666667,0.633333333333334,0.65,0.666666666666667,
0.683333333333334,0.700000000000001,0.716666666666667,0.733333333333334,
0.750000000000001,0.766666666666667,0.783333333333334,0.800000000000001,
0.816666666666668,0.833333333333334,0.850000000000001,0.866666666666668,
0.883333333333334,0.900000000000001,0.916666666666668,0.933333333333335,
0.950000000000001,0.966666666666668,0.983333333333335,1.),(0.,0.05),
 .UNSPECIFIED.)
GEOMETRIC_REPRESENTATION_ITEM()
RATIONAL_B_SPLINE_SURFACE(((1.,1.),(1.,1.),(1.,1.),(1.,1.),(1.,1.),(1.,
1.),(1.,1.),(1.,1.),(1.,1.),(1.,1.),(1.,1.),(1.,1.),(1.,1.),(1.,1.),(1.,
1.),(1.,1.),(1.,1.),(1.,1.),(1.,1.),(1.,1.),(1.,1.),(1.,1.),(1.,1.),(1.,
1.),(1.,1.),(1.,1.),(1.,1.),(1.,1.),(1.,1.),(1.,1.),(1.,1.),(1.,1.),(1.,
1.),(1.,1.),(1.,1.),(1.,1.),(1.,1.),(1.,1.),(1.,1.),(1.,1.),(1.,1.),(1.,
1.),(1.,1.),(1.,1.),(1.,1.),(1.,1.),(1.,1.),(1.,1.),(1.,1.),(1.,1.),(1.,
1.),(1.,1.),(1.,1.),(1.,1.),(1.,1.),(1.,1.),(1.,1.),(1.,1.),(1.,1.),(1.,
1.),(1.,1.),(1.,1.),(1.,1.),(1.,1.),(1.,1.)))
REPRESENTATION_ITEM('')
SURFACE()
);
#2650=(
BOUNDED_SURFACE()
B_SPLINE_SURFACE(5,1,((#4669,#4670),(#4671,#4672),(#4673,#4674),(#4675,
#4676),(#4677,#4678),(#4679,#4680),(#4681,#4682),(#4683,#4684),(#4685,#4686),
(#4687,#4688),(#4689,#4690),(#4691,#4692),(#4693,#4694),(#4695,#4696),(#4697,
#4698),(#4699,#4700),(#4701,#4702),(#4703,#4704),(#4705,#4706),(#4707,#4708),
(#4709,#4710),(#4711,#4712)),.UNSPECIFIED.,.F.,.F.,.F.)
B_SPLINE_SURFACE_WITH_KNOTS((6,1,1,1,1,1,1,1,1,1,1,1,1,1,1,1,1,6),(2,2),
(-1.,-0.966666666666667,-0.933333333333333,-0.9,-0.866666666666667,-0.833333333333333,
-0.8,-0.766666666666667,-0.733333333333333,-0.7,-0.666666666666667,-0.633333333333333,
-0.6,-0.566666666666667,-0.533333333333333,-0.5,-0.466666666666667,-0.443055076228508),
(0.,0.05),.UNSPECIFIED.)
GEOMETRIC_REPRESENTATION_ITEM()
RATIONAL_B_SPLINE_SURFACE(((1.,1.),(1.,1.),(1.,1.),(1.,1.),(1.,1.),(1.,
1.),(1.,1.),(1.,1.),(1.,1.),(1.,1.),(1.,1.),(1.,1.),(1.,1.),(1.,1.),(1.,
1.),(1.,1.),(1.,1.),(1.,1.),(1.,1.),(1.,1.),(1.,1.),(1.,1.)))
REPRESENTATION_ITEM('')
SURFACE()
);
#2651=(
BOUNDED_SURFACE()
B_SPLINE_SURFACE(5,1,((#4784,#4785),(#4786,#4787),(#4788,#4789),(#4790,
#4791),(#4792,#4793),(#4794,#4795),(#4796,#4797),(#4798,#4799),(#4800,#4801),
(#4802,#4803),(#4804,#4805),(#4806,#4807),(#4808,#4809),(#4810,#4811),(#4812,
#4813)),.UNSPECIFIED.,.F.,.F.,.F.)
B_SPLINE_SURFACE_WITH_KNOTS((6,1,1,1,1,1,1,1,1,1,6),(2,2),(0.,0.1,0.2,0.3,
0.4,0.5,0.6,0.7,0.8,0.9,1.),(0.,0.05),.UNSPECIFIED.)
GEOMETRIC_REPRESENTATION_ITEM()
RATIONAL_B_SPLINE_SURFACE(((1.,1.),(1.,1.),(1.,1.),(1.,1.),(1.,1.),(1.,
1.),(1.,1.),(1.,1.),(1.,1.),(1.,1.),(1.,1.),(1.,1.),(1.,1.),(1.,1.),(1.,
1.)))
REPRESENTATION_ITEM('')
SURFACE()
);
#2652=(
BOUNDED_SURFACE()
B_SPLINE_SURFACE(5,1,((#4853,#4854),(#4855,#4856),(#4857,#4858),(#4859,
#4860),(#4861,#4862),(#4863,#4864),(#4865,#4866),(#4867,#4868),(#4869,#4870),
(#4871,#4872),(#4873,#4874),(#4875,#4876),(#4877,#4878),(#4879,#4880),(#4881,
#4882),(#4883,#4884),(#4885,#4886),(#4887,#4888),(#4889,#4890),(#4891,#4892),
(#4893,#4894),(#4895,#4896),(#4897,#4898),(#4899,#4900),(#4901,#4902),(#4903,
#4904),(#4905,#4906),(#4907,#4908),(#4909,#4910),(#4911,#4912)),
 .UNSPECIFIED.,.F.,.F.,.F.)
B_SPLINE_SURFACE_WITH_KNOTS((6,1,1,1,1,1,1,1,1,1,1,1,1,1,1,1,1,1,1,1,1,
1,1,1,1,6),(2,2),(0.448789760183465,0.466666666666666,0.488888888888889,
0.511111111111111,0.533333333333333,0.555555555555555,0.577777777777778,
0.6,0.622222222222222,0.644444444444444,0.666666666666667,0.688888888888889,
0.711111111111111,0.733333333333333,0.755555555555556,0.777777777777778,
0.8,0.822222222222222,0.844444444444445,0.866666666666667,0.888888888888889,
0.911111111111111,0.933333333333334,0.955555555555556,0.977777777777778,
1.),(0.,0.05),.UNSPECIFIED.)
GEOMETRIC_REPRESENTATION_ITEM()
RATIONAL_B_SPLINE_SURFACE(((1.,1.),(1.,1.),(1.,1.),(1.,1.),(1.,1.),(1.,
1.),(1.,1.),(1.,1.),(1.,1.),(1.,1.),(1.,1.),(1.,1.),(1.,1.),(1.,1.),(1.,
1.),(1.,1.),(1.,1.),(1.,1.),(1.,1.),(1.,1.),(1.,1.),(1.,1.),(1.,1.),(1.,
1.),(1.,1.),(1.,1.),(1.,1.),(1.,1.),(1.,1.),(1.,1.)))
REPRESENTATION_ITEM('')
SURFACE()
);
#2653=ADVANCED_FACE('',(#888),#2645,.F.);
#2654=ADVANCED_FACE('',(#889),#874,.T.);
#2655=ADVANCED_FACE('',(#890),#875,.T.);
#2656=ADVANCED_FACE('',(#891),#65,.T.);
#2657=ADVANCED_FACE('',(#892,#31,#32,#33,#34,#35,#36,#37,#38,#39,#40,#41,
#42,#43,#44),#66,.F.);
#2658=ADVANCED_FACE('',(#893),#2646,.F.);
#2659=ADVANCED_FACE('',(#894),#876,.T.);
#2660=ADVANCED_FACE('',(#895),#877,.T.);
#2661=ADVANCED_FACE('',(#896),#67,.T.);
#2662=ADVANCED_FACE('',(#897),#2647,.F.);
#2663=ADVANCED_FACE('',(#898),#878,.T.);
#2664=ADVANCED_FACE('',(#899),#879,.T.);
#2665=ADVANCED_FACE('',(#900),#68,.T.);
#2666=ADVANCED_FACE('',(#901),#2648,.F.);
#2667=ADVANCED_FACE('',(#902),#880,.T.);
#2668=ADVANCED_FACE('',(#903),#881,.T.);
#2669=ADVANCED_FACE('',(#904,#45,#46,#47,#48,#49,#50,#51,#52,#53,#54,#55,
#56,#57,#58),#69,.T.);
#2670=ADVANCED_FACE('',(#905),#70,.T.);
#2671=ADVANCED_FACE('',(#906),#71,.T.);
#2672=ADVANCED_FACE('',(#907),#72,.T.);
#2673=ADVANCED_FACE('',(#908),#73,.T.);
#2674=ADVANCED_FACE('',(#909),#74,.T.);
#2675=ADVANCED_FACE('',(#910),#75,.T.);
#2676=ADVANCED_FACE('',(#911),#76,.T.);
#2677=ADVANCED_FACE('',(#912),#77,.T.);
#2678=ADVANCED_FACE('',(#913),#78,.T.);
#2679=ADVANCED_FACE('',(#914),#79,.T.);
#2680=ADVANCED_FACE('',(#915),#80,.T.);
#2681=ADVANCED_FACE('',(#916),#81,.T.);
#2682=ADVANCED_FACE('',(#917),#82,.T.);
#2683=ADVANCED_FACE('',(#918),#83,.T.);
#2684=ADVANCED_FACE('',(#919),#84,.T.);
#2685=ADVANCED_FACE('',(#920),#85,.T.);
#2686=ADVANCED_FACE('',(#921),#86,.T.);
#2687=ADVANCED_FACE('',(#922),#87,.T.);
#2688=ADVANCED_FACE('',(#923),#88,.T.);
#2689=ADVANCED_FACE('',(#924),#89,.T.);
#2690=ADVANCED_FACE('',(#925),#90,.T.);
#2691=ADVANCED_FACE('',(#926),#91,.T.);
#2692=ADVANCED_FACE('',(#927),#92,.T.);
#2693=ADVANCED_FACE('',(#928),#93,.T.);
#2694=ADVANCED_FACE('',(#929),#882,.F.);
#2695=ADVANCED_FACE('',(#930),#94,.T.);
#2696=ADVANCED_FACE('',(#931),#95,.T.);
#2697=ADVANCED_FACE('',(#932),#96,.T.);
#2698=ADVANCED_FACE('',(#933),#97,.T.);
#2699=ADVANCED_FACE('',(#934),#98,.T.);
#2700=ADVANCED_FACE('',(#935),#99,.T.);
#2701=ADVANCED_FACE('',(#936),#100,.T.);
#2702=ADVANCED_FACE('',(#937),#101,.T.);
#2703=ADVANCED_FACE('',(#938),#883,.F.);
#2704=ADVANCED_FACE('',(#939),#884,.F.);
#2705=ADVANCED_FACE('',(#940),#102,.T.);
#2706=ADVANCED_FACE('',(#941),#103,.T.);
#2707=ADVANCED_FACE('',(#942),#104,.T.);
#2708=ADVANCED_FACE('',(#943),#105,.T.);
#2709=ADVANCED_FACE('',(#944),#106,.T.);
#2710=ADVANCED_FACE('',(#945),#107,.T.);
#2711=ADVANCED_FACE('',(#946),#108,.T.);
#2712=ADVANCED_FACE('',(#947),#109,.T.);
#2713=ADVANCED_FACE('',(#948),#885,.F.);
#2714=ADVANCED_FACE('',(#949),#110,.T.);
#2715=ADVANCED_FACE('',(#950),#111,.T.);
#2716=ADVANCED_FACE('',(#951),#112,.T.);
#2717=ADVANCED_FACE('',(#952),#113,.T.);
#2718=ADVANCED_FACE('',(#953),#114,.T.);
#2719=ADVANCED_FACE('',(#954),#115,.T.);
#2720=ADVANCED_FACE('',(#955),#116,.T.);
#2721=ADVANCED_FACE('',(#956),#117,.T.);
#2722=ADVANCED_FACE('',(#957),#118,.T.);
#2723=ADVANCED_FACE('',(#958),#119,.T.);
#2724=ADVANCED_FACE('',(#959),#120,.T.);
#2725=ADVANCED_FACE('',(#960),#121,.T.);
#2726=ADVANCED_FACE('',(#961),#122,.T.);
#2727=ADVANCED_FACE('',(#962),#123,.T.);
#2728=ADVANCED_FACE('',(#963),#124,.T.);
#2729=ADVANCED_FACE('',(#964),#125,.T.);
#2730=ADVANCED_FACE('',(#965),#126,.T.);
#2731=ADVANCED_FACE('',(#966),#127,.T.);
#2732=ADVANCED_FACE('',(#967),#128,.T.);
#2733=ADVANCED_FACE('',(#968),#129,.T.);
#2734=ADVANCED_FACE('',(#969),#130,.T.);
#2735=ADVANCED_FACE('',(#970),#131,.T.);
#2736=ADVANCED_FACE('',(#971),#132,.T.);
#2737=ADVANCED_FACE('',(#972),#133,.T.);
#2738=ADVANCED_FACE('',(#973),#134,.T.);
#2739=ADVANCED_FACE('',(#974),#135,.T.);
#2740=ADVANCED_FACE('',(#975),#136,.T.);
#2741=ADVANCED_FACE('',(#976),#137,.T.);
#2742=ADVANCED_FACE('',(#977),#138,.T.);
#2743=ADVANCED_FACE('',(#978),#139,.T.);
#2744=ADVANCED_FACE('',(#979),#140,.T.);
#2745=ADVANCED_FACE('',(#980),#141,.T.);
#2746=ADVANCED_FACE('',(#981),#142,.T.);
#2747=ADVANCED_FACE('',(#982),#143,.T.);
#2748=ADVANCED_FACE('',(#983),#144,.T.);
#2749=ADVANCED_FACE('',(#984),#145,.T.);
#2750=ADVANCED_FACE('',(#985),#146,.T.);
#2751=ADVANCED_FACE('',(#986),#147,.T.);
#2752=ADVANCED_FACE('',(#987),#148,.T.);
#2753=ADVANCED_FACE('',(#988),#149,.T.);
#2754=ADVANCED_FACE('',(#989),#150,.T.);
#2755=ADVANCED_FACE('',(#990),#151,.F.);
#2756=ADVANCED_FACE('',(#991),#886,.T.);
#2757=ADVANCED_FACE('',(#992),#152,.T.);
#2758=ADVANCED_FACE('',(#993),#153,.F.);
#2759=ADVANCED_FACE('',(#994),#2649,.T.);
#2760=ADVANCED_FACE('',(#995),#154,.T.);
#2761=ADVANCED_FACE('',(#996),#155,.T.);
#2762=ADVANCED_FACE('',(#997),#156,.T.);
#2763=ADVANCED_FACE('',(#998),#157,.T.);
#2764=ADVANCED_FACE('',(#999),#158,.T.);
#2765=ADVANCED_FACE('',(#1000),#159,.T.);
#2766=ADVANCED_FACE('',(#1001),#160,.T.);
#2767=ADVANCED_FACE('',(#1002),#161,.T.);
#2768=ADVANCED_FACE('',(#1003),#162,.T.);
#2769=ADVANCED_FACE('',(#1004),#163,.T.);
#2770=ADVANCED_FACE('',(#1005),#164,.T.);
#2771=ADVANCED_FACE('',(#1006),#165,.T.);
#2772=ADVANCED_FACE('',(#1007),#166,.T.);
#2773=ADVANCED_FACE('',(#1008),#167,.T.);
#2774=ADVANCED_FACE('',(#1009),#168,.T.);
#2775=ADVANCED_FACE('',(#1010),#169,.T.);
#2776=ADVANCED_FACE('',(#1011),#170,.T.);
#2777=ADVANCED_FACE('',(#1012),#171,.T.);
#2778=ADVANCED_FACE('',(#1013),#172,.T.);
#2779=ADVANCED_FACE('',(#1014),#173,.T.);
#2780=ADVANCED_FACE('',(#1015),#174,.T.);
#2781=ADVANCED_FACE('',(#1016),#2650,.T.);
#2782=ADVANCED_FACE('',(#1017),#175,.T.);
#2783=ADVANCED_FACE('',(#1018),#176,.T.);
#2784=ADVANCED_FACE('',(#1019),#177,.T.);
#2785=ADVANCED_FACE('',(#1020),#178,.T.);
#2786=ADVANCED_FACE('',(#1021),#2651,.T.);
#2787=ADVANCED_FACE('',(#1022),#179,.T.);
#2788=ADVANCED_FACE('',(#1023),#2652,.T.);
#2789=ADVANCED_FACE('',(#1024,#59,#60,#61),#180,.T.);
#2790=ADVANCED_FACE('',(#1025,#62,#63,#64),#181,.F.);
#2791=ADVANCED_FACE('',(#1026),#887,.T.);
#2792=ADVANCED_FACE('',(#1027),#182,.T.);
#2793=ADVANCED_FACE('',(#1028),#183,.F.);
#2794=CLOSED_SHELL('',(#2653,#2654,#2655,#2656,#2657,#2658,#2659,#2660,
#2661,#2662,#2663,#2664,#2665,#2666,#2667,#2668,#2669,#2670,#2671,#2672,
#2673,#2674,#2675,#2676,#2677,#2678,#2679,#2680,#2681,#2682,#2683,#2684,
#2685,#2686,#2687,#2688,#2689,#2690,#2691,#2692,#2693,#2694,#2695,#2696,
#2697,#2698,#2699,#2700,#2701,#2702,#2703,#2704,#2705,#2706,#2707,#2708,
#2709,#2710,#2711,#2712,#2713,#2714));
#2795=CLOSED_SHELL('',(#2715,#2716,#2717,#2718,#2719,#2720,#2721,#2722,
#2723,#2724,#2725,#2726,#2727,#2728,#2729,#2730,#2731,#2732,#2733,#2734,
#2735,#2736,#2737,#2738,#2739,#2740,#2741,#2742,#2743,#2744,#2745,#2746,
#2747,#2748,#2749,#2750,#2751,#2752,#2753,#2754,#2755));
#2796=CLOSED_SHELL('',(#2756,#2757,#2758));
#2797=CLOSED_SHELL('',(#2759,#2760,#2761,#2762,#2763,#2764,#2765,#2766,
#2767,#2768,#2769,#2770,#2771,#2772,#2773,#2774,#2775,#2776,#2777,#2778,
#2779,#2780,#2781,#2782,#2783,#2784,#2785,#2786,#2787,#2788,#2789,#2790));
#2798=CLOSED_SHELL('',(#2791,#2792,#2793));
#2799=DERIVED_UNIT_ELEMENT(#2801,1.);
#2800=DERIVED_UNIT_ELEMENT(#4988,-3.);
#2801=(
MASS_UNIT()
NAMED_UNIT(*)
SI_UNIT(.KILO.,.GRAM.)
);
#2802=DERIVED_UNIT((#2799,#2800));
#2803=MEASURE_REPRESENTATION_ITEM('density measure',
POSITIVE_RATIO_MEASURE(7850.),#2802);
#2804=PROPERTY_DEFINITION_REPRESENTATION(#2809,#2806);
#2805=PROPERTY_DEFINITION_REPRESENTATION(#2810,#2807);
#2806=REPRESENTATION('material name',(#2808),#4985);
#2807=REPRESENTATION('density',(#2803),#4985);
#2808=DESCRIPTIVE_REPRESENTATION_ITEM('Steel','Steel');
#2809=PROPERTY_DEFINITION('material property','material name',#4995);
#2810=PROPERTY_DEFINITION('material property','density of part',#4995);
#2811=AXIS2_PLACEMENT_3D('',#3654,#2977,#2978);
#2812=AXIS2_PLACEMENT_3D('',#3666,#2979,#2980);
#2813=AXIS2_PLACEMENT_3D('',#3668,#2981,#2982);
#2814=AXIS2_PLACEMENT_3D('',#3670,#2983,#2984);
#2815=AXIS2_PLACEMENT_3D('',#3671,#2985,#2986);
#2816=AXIS2_PLACEMENT_3D('',#3672,#2987,#2988);
#2817=AXIS2_PLACEMENT_3D('',#3675,#2989,#2990);
#2818=AXIS2_PLACEMENT_3D('',#3678,#2993,#2994);
#2819=AXIS2_PLACEMENT_3D('',#3682,#2996,#2997);
#2820=AXIS2_PLACEMENT_3D('',#3684,#2999,#3000);
#2821=AXIS2_PLACEMENT_3D('',#3688,#3003,#3004);
#2822=AXIS2_PLACEMENT_3D('',#3692,#3006,#3007);
#2823=AXIS2_PLACEMENT_3D('',#3696,#3009,#3010);
#2824=AXIS2_PLACEMENT_3D('',#3699,#3012,#3013);
#2825=AXIS2_PLACEMENT_3D('',#3701,#3014,#3015);
#2826=AXIS2_PLACEMENT_3D('',#3719,#3024,#3025);
#2827=AXIS2_PLACEMENT_3D('',#3721,#3026,#3027);
#2828=AXIS2_PLACEMENT_3D('',#3739,#3036,#3037);
#2829=AXIS2_PLACEMENT_3D('',#3798,#3062,#3063);
#2830=AXIS2_PLACEMENT_3D('',#3800,#3064,#3065);
#2831=AXIS2_PLACEMENT_3D('',#3801,#3066,#3067);
#2832=AXIS2_PLACEMENT_3D('',#3802,#3068,#3069);
#2833=AXIS2_PLACEMENT_3D('',#3804,#3071,#3072);
#2834=AXIS2_PLACEMENT_3D('',#3808,#3074,#3075);
#2835=AXIS2_PLACEMENT_3D('',#3810,#3077,#3078);
#2836=AXIS2_PLACEMENT_3D('',#3823,#3080,#3081);
#2837=AXIS2_PLACEMENT_3D('',#3825,#3082,#3083);
#2838=AXIS2_PLACEMENT_3D('',#3827,#3084,#3085);
#2839=AXIS2_PLACEMENT_3D('',#3828,#3086,#3087);
#2840=AXIS2_PLACEMENT_3D('',#3829,#3088,#3089);
#2841=AXIS2_PLACEMENT_3D('',#3832,#3092,#3093);
#2842=AXIS2_PLACEMENT_3D('',#3835,#3096,#3097);
#2843=AXIS2_PLACEMENT_3D('',#3846,#3098,#3099);
#2844=AXIS2_PLACEMENT_3D('',#3848,#3100,#3101);
#2845=AXIS2_PLACEMENT_3D('',#3849,#3102,#3103);
#2846=AXIS2_PLACEMENT_3D('',#3850,#3104,#3105);
#2847=AXIS2_PLACEMENT_3D('',#3852,#3107,#3108);
#2848=AXIS2_PLACEMENT_3D('',#3855,#3111,#3112);
#2849=AXIS2_PLACEMENT_3D('',#3905,#3137,#3138);
#2850=AXIS2_PLACEMENT_3D('',#3923,#3147,#3148);
#2851=AXIS2_PLACEMENT_3D('',#3925,#3149,#3150);
#2852=AXIS2_PLACEMENT_3D('',#3943,#3159,#3160);
#2853=AXIS2_PLACEMENT_3D('',#3944,#3161,#3162);
#2854=AXIS2_PLACEMENT_3D('',#3947,#3165,#3166);
#2855=AXIS2_PLACEMENT_3D('',#3949,#3168,#3169);
#2856=AXIS2_PLACEMENT_3D('',#3951,#3171,#3172);
#2857=AXIS2_PLACEMENT_3D('',#3952,#3173,#3174);
#2858=AXIS2_PLACEMENT_3D('',#3955,#3177,#3178);
#2859=AXIS2_PLACEMENT_3D('',#3957,#3180,#3181);
#2860=AXIS2_PLACEMENT_3D('',#3959,#3183,#3184);
#2861=AXIS2_PLACEMENT_3D('',#3960,#3185,#3186);
#2862=AXIS2_PLACEMENT_3D('',#3963,#3189,#3190);
#2863=AXIS2_PLACEMENT_3D('',#3965,#3192,#3193);
#2864=AXIS2_PLACEMENT_3D('',#3967,#3195,#3196);
#2865=AXIS2_PLACEMENT_3D('',#3968,#3197,#3198);
#2866=AXIS2_PLACEMENT_3D('',#3971,#3201,#3202);
#2867=AXIS2_PLACEMENT_3D('',#3973,#3204,#3205);
#2868=AXIS2_PLACEMENT_3D('',#3975,#3207,#3208);
#2869=AXIS2_PLACEMENT_3D('',#3976,#3209,#3210);
#2870=AXIS2_PLACEMENT_3D('',#3979,#3213,#3214);
#2871=AXIS2_PLACEMENT_3D('',#3981,#3216,#3217);
#2872=AXIS2_PLACEMENT_3D('',#3983,#3219,#3220);
#2873=AXIS2_PLACEMENT_3D('',#3984,#3221,#3222);
#2874=AXIS2_PLACEMENT_3D('',#3987,#3225,#3226);
#2875=AXIS2_PLACEMENT_3D('',#3989,#3228,#3229);
#2876=AXIS2_PLACEMENT_3D('',#3991,#3231,#3232);
#2877=AXIS2_PLACEMENT_3D('',#3992,#3233,#3234);
#2878=AXIS2_PLACEMENT_3D('',#3994,#3236,#3237);
#2879=AXIS2_PLACEMENT_3D('',#3997,#3240,#3241);
#2880=AXIS2_PLACEMENT_3D('',#3999,#3243,#3244);
#2881=AXIS2_PLACEMENT_3D('',#4001,#3246,#3247);
#2882=AXIS2_PLACEMENT_3D('',#4002,#3248,#3249);
#2883=AXIS2_PLACEMENT_3D('',#4005,#3252,#3253);
#2884=AXIS2_PLACEMENT_3D('',#4007,#3255,#3256);
#2885=AXIS2_PLACEMENT_3D('',#4009,#3258,#3259);
#2886=AXIS2_PLACEMENT_3D('',#4010,#3260,#3261);
#2887=AXIS2_PLACEMENT_3D('',#4012,#3263,#3264);
#2888=AXIS2_PLACEMENT_3D('',#4014,#3266,#3267);
#2889=AXIS2_PLACEMENT_3D('',#4017,#3270,#3271);
#2890=AXIS2_PLACEMENT_3D('',#4019,#3273,#3274);
#2891=AXIS2_PLACEMENT_3D('',#4021,#3276,#3277);
#2892=AXIS2_PLACEMENT_3D('',#4022,#3278,#3279);
#2893=AXIS2_PLACEMENT_3D('',#4025,#3282,#3283);
#2894=AXIS2_PLACEMENT_3D('',#4027,#3285,#3286);
#2895=AXIS2_PLACEMENT_3D('',#4029,#3288,#3289);
#2896=AXIS2_PLACEMENT_3D('',#4030,#3290,#3291);
#2897=AXIS2_PLACEMENT_3D('',#4032,#3293,#3294);
#2898=AXIS2_PLACEMENT_3D('',#4033,#3295,#3296);
#2899=AXIS2_PLACEMENT_3D('',#4042,#3301,#3302);
#2900=AXIS2_PLACEMENT_3D('',#4048,#3306,#3307);
#2901=AXIS2_PLACEMENT_3D('',#4054,#3311,#3312);
#2902=AXIS2_PLACEMENT_3D('',#4060,#3316,#3317);
#2903=AXIS2_PLACEMENT_3D('',#4066,#3321,#3322);
#2904=AXIS2_PLACEMENT_3D('',#4072,#3326,#3327);
#2905=AXIS2_PLACEMENT_3D('',#4078,#3331,#3332);
#2906=AXIS2_PLACEMENT_3D('',#4084,#3336,#3337);
#2907=AXIS2_PLACEMENT_3D('',#4090,#3341,#3342);
#2908=AXIS2_PLACEMENT_3D('',#4096,#3346,#3347);
#2909=AXIS2_PLACEMENT_3D('',#4102,#3351,#3352);
#2910=AXIS2_PLACEMENT_3D('',#4108,#3356,#3357);
#2911=AXIS2_PLACEMENT_3D('',#4114,#3361,#3362);
#2912=AXIS2_PLACEMENT_3D('',#4120,#3366,#3367);
#2913=AXIS2_PLACEMENT_3D('',#4126,#3371,#3372);
#2914=AXIS2_PLACEMENT_3D('',#4132,#3376,#3377);
#2915=AXIS2_PLACEMENT_3D('',#4138,#3381,#3382);
#2916=AXIS2_PLACEMENT_3D('',#4144,#3386,#3387);
#2917=AXIS2_PLACEMENT_3D('',#4150,#3391,#3392);
#2918=AXIS2_PLACEMENT_3D('',#4156,#3396,#3397);
#2919=AXIS2_PLACEMENT_3D('',#4162,#3401,#3402);
#2920=AXIS2_PLACEMENT_3D('',#4168,#3406,#3407);
#2921=AXIS2_PLACEMENT_3D('',#4174,#3411,#3412);
#2922=AXIS2_PLACEMENT_3D('',#4180,#3416,#3417);
#2923=AXIS2_PLACEMENT_3D('',#4186,#3421,#3422);
#2924=AXIS2_PLACEMENT_3D('',#4192,#3426,#3427);
#2925=AXIS2_PLACEMENT_3D('',#4198,#3431,#3432);
#2926=AXIS2_PLACEMENT_3D('',#4204,#3436,#3437);
#2927=AXIS2_PLACEMENT_3D('',#4210,#3441,#3442);
#2928=AXIS2_PLACEMENT_3D('',#4216,#3446,#3447);
#2929=AXIS2_PLACEMENT_3D('',#4222,#3451,#3452);
#2930=AXIS2_PLACEMENT_3D('',#4228,#3456,#3457);
#2931=AXIS2_PLACEMENT_3D('',#4234,#3461,#3462);
#2932=AXIS2_PLACEMENT_3D('',#4240,#3466,#3467);
#2933=AXIS2_PLACEMENT_3D('',#4246,#3471,#3472);
#2934=AXIS2_PLACEMENT_3D('',#4252,#3476,#3477);
#2935=AXIS2_PLACEMENT_3D('',#4258,#3481,#3482);
#2936=AXIS2_PLACEMENT_3D('',#4264,#3486,#3487);
#2937=AXIS2_PLACEMENT_3D('',#4267,#3490,#3491);
#2938=AXIS2_PLACEMENT_3D('',#4268,#3492,#3493);
#2939=AXIS2_PLACEMENT_3D('',#4269,#3494,#3495);
#2940=AXIS2_PLACEMENT_3D('',#4271,#3496,#3497);
#2941=AXIS2_PLACEMENT_3D('',#4274,#3499,#3500);
#2942=AXIS2_PLACEMENT_3D('',#4275,#3501,#3502);
#2943=AXIS2_PLACEMENT_3D('',#4276,#3503,#3504);
#2944=AXIS2_PLACEMENT_3D('',#4540,#3506,#3507);
#2945=AXIS2_PLACEMENT_3D('',#4549,#3512,#3513);
#2946=AXIS2_PLACEMENT_3D('',#4555,#3517,#3518);
#2947=AXIS2_PLACEMENT_3D('',#4561,#3522,#3523);
#2948=AXIS2_PLACEMENT_3D('',#4564,#3526,#3527);
#2949=AXIS2_PLACEMENT_3D('',#4573,#3532,#3533);
#2950=AXIS2_PLACEMENT_3D('',#4579,#3537,#3538);
#2951=AXIS2_PLACEMENT_3D('',#4585,#3542,#3543);
#2952=AXIS2_PLACEMENT_3D('',#4591,#3547,#3548);
#2953=AXIS2_PLACEMENT_3D('',#4594,#3551,#3552);
#2954=AXIS2_PLACEMENT_3D('',#4603,#3557,#3558);
#2955=AXIS2_PLACEMENT_3D('',#4609,#3562,#3563);
#2956=AXIS2_PLACEMENT_3D('',#4615,#3567,#3568);
#2957=AXIS2_PLACEMENT_3D('',#4621,#3572,#3573);
#2958=AXIS2_PLACEMENT_3D('',#4627,#3577,#3578);
#2959=AXIS2_PLACEMENT_3D('',#4633,#3582,#3583);
#2960=AXIS2_PLACEMENT_3D('',#4639,#3587,#3588);
#2961=AXIS2_PLACEMENT_3D('',#4645,#3592,#3593);
#2962=AXIS2_PLACEMENT_3D('',#4651,#3597,#3598);
#2963=AXIS2_PLACEMENT_3D('',#4657,#3602,#3603);
#2964=AXIS2_PLACEMENT_3D('',#4663,#3607,#3608);
#2965=AXIS2_PLACEMENT_3D('',#4760,#3613,#3614);
#2966=AXIS2_PLACEMENT_3D('',#4766,#3618,#3619);
#2967=AXIS2_PLACEMENT_3D('',#4772,#3623,#3624);
#2968=AXIS2_PLACEMENT_3D('',#4778,#3628,#3629);
#2969=AXIS2_PLACEMENT_3D('',#4847,#3634,#3635);
#2970=AXIS2_PLACEMENT_3D('',#4973,#3639,#3640);
#2971=AXIS2_PLACEMENT_3D('',#4974,#3641,#3642);
#2972=AXIS2_PLACEMENT_3D('',#4975,#3643,#3644);
#2973=AXIS2_PLACEMENT_3D('',#4977,#3645,#3646);
#2974=AXIS2_PLACEMENT_3D('',#4980,#3648,#3649);
#2975=AXIS2_PLACEMENT_3D('',#4981,#3650,#3651);
#2976=AXIS2_PLACEMENT_3D('',#4982,#3652,#3653);
#2977=DIRECTION('axis',(0.,0.,1.));
#2978=DIRECTION('refdir',(1.,0.,0.));
#2979=DIRECTION('center_axis',(-1.,0.,0.));
#2980=DIRECTION('ref_axis',(0.,1.,0.));
#2981=DIRECTION('center_axis',(0.,1.,0.));
#2982=DIRECTION('ref_axis',(-0.707106781186547,0.,-0.707106781186547));
#2983=DIRECTION('center_axis',(0.,0.,-1.));
#2984=DIRECTION('ref_axis',(-1.,0.,0.));
#2985=DIRECTION('center_axis',(0.,-1.,0.));
#2986=DIRECTION('ref_axis',(-0.707106781186547,0.,-0.707106781186547));
#2987=DIRECTION('center_axis',(0.,1.,0.));
#2988=DIRECTION('ref_axis',(-0.707106781186547,0.,-0.707106781186547));
#2989=DIRECTION('center_axis',(0.,1.,0.));
#2990=DIRECTION('ref_axis',(-0.707106781186547,0.,-0.707106781186547));
#2991=DIRECTION('',(0.,1.,0.));
#2992=DIRECTION('',(0.,-1.,0.));
#2993=DIRECTION('center_axis',(0.,0.,1.));
#2994=DIRECTION('ref_axis',(-0.707106781186547,0.707106781186547,0.));
#2995=DIRECTION('',(0.,0.,1.));
#2996=DIRECTION('center_axis',(0.,0.,1.));
#2997=DIRECTION('ref_axis',(0.,1.,0.));
#2998=DIRECTION('',(0.,0.,-1.));
#2999=DIRECTION('center_axis',(-1.,0.,0.));
#3000=DIRECTION('ref_axis',(0.,0.,1.));
#3001=DIRECTION('',(0.,0.,1.));
#3002=DIRECTION('',(0.,-1.,0.));
#3003=DIRECTION('center_axis',(0.,1.,0.));
#3004=DIRECTION('ref_axis',(1.,0.,0.));
#3005=DIRECTION('',(-1.,0.,-1.94137359497295E-16));
#3006=DIRECTION('center_axis',(0.,1.,0.));
#3007=DIRECTION('ref_axis',(0.707106781186547,0.,-0.707106781186547));
#3008=DIRECTION('',(-8.18597621843434E-17,0.,-1.));
#3009=DIRECTION('center_axis',(0.,1.,0.));
#3010=DIRECTION('ref_axis',(0.707106781186547,0.,0.707106781186547));
#3011=DIRECTION('',(1.,0.,-1.94137359497295E-16));
#3012=DIRECTION('center_axis',(0.,1.,0.));
#3013=DIRECTION('ref_axis',(-0.707106781186547,0.,0.707106781186547));
#3014=DIRECTION('center_axis',(0.,-1.,0.));
#3015=DIRECTION('ref_axis',(1.,0.,0.));
#3016=DIRECTION('',(-1.,0.,0.));
#3017=DIRECTION('',(0.,0.,1.));
#3018=DIRECTION('',(1.,0.,0.));
#3019=DIRECTION('',(0.,0.,-1.));
#3020=DIRECTION('',(3.0626842058625E-16,0.,1.));
#3021=DIRECTION('',(1.,0.,-3.0626842058625E-16));
#3022=DIRECTION('',(-3.16622279538514E-16,0.,-1.));
#3023=DIRECTION('',(-1.,0.,2.84901330992154E-16));
#3024=DIRECTION('center_axis',(0.,-1.,0.));
#3025=DIRECTION('ref_axis',(1.,0.,0.));
#3026=DIRECTION('center_axis',(0.,-1.,0.));
#3027=DIRECTION('ref_axis',(1.,0.,0.));
#3028=DIRECTION('',(-1.,0.,0.));
#3029=DIRECTION('',(0.,0.,1.));
#3030=DIRECTION('',(1.,0.,0.));
#3031=DIRECTION('',(0.,0.,-1.));
#3032=DIRECTION('',(1.,0.,0.));
#3033=DIRECTION('',(0.,0.,-1.));
#3034=DIRECTION('',(-1.,0.,0.));
#3035=DIRECTION('',(0.,0.,1.));
#3036=DIRECTION('center_axis',(0.,-1.,0.));
#3037=DIRECTION('ref_axis',(1.,0.,0.));
#3038=DIRECTION('',(-1.,0.,0.));
#3039=DIRECTION('',(0.,0.,1.));
#3040=DIRECTION('',(1.,0.,0.));
#3041=DIRECTION('',(0.,0.,-1.));
#3042=DIRECTION('',(1.,0.,0.));
#3043=DIRECTION('',(0.,0.,-1.));
#3044=DIRECTION('',(-1.,0.,0.));
#3045=DIRECTION('',(0.,0.,1.));
#3046=DIRECTION('',(-1.,0.,0.));
#3047=DIRECTION('',(0.,0.,1.));
#3048=DIRECTION('',(1.,0.,0.));
#3049=DIRECTION('',(0.,0.,-1.));
#3050=DIRECTION('',(-1.,0.,9.36649547313875E-17));
#3051=DIRECTION('',(0.,0.,1.));
#3052=DIRECTION('',(1.,0.,0.));
#3053=DIRECTION('',(0.,0.,-1.));
#3054=DIRECTION('',(-1.,0.,0.));
#3055=DIRECTION('',(-1.06409350631604E-16,0.,1.));
#3056=DIRECTION('',(1.,0.,0.));
#3057=DIRECTION('',(0.,0.,-1.));
#3058=DIRECTION('',(-3.16622279538514E-16,0.,-1.));
#3059=DIRECTION('',(-1.,0.,0.));
#3060=DIRECTION('',(0.,0.,1.));
#3061=DIRECTION('',(1.,0.,0.));
#3062=DIRECTION('center_axis',(0.,1.,0.));
#3063=DIRECTION('ref_axis',(-0.707106781186547,0.,0.707106781186547));
#3064=DIRECTION('center_axis',(-1.,0.,0.));
#3065=DIRECTION('ref_axis',(0.,0.,1.));
#3066=DIRECTION('center_axis',(0.,-1.,0.));
#3067=DIRECTION('ref_axis',(-0.707106781186547,0.,0.707106781186547));
#3068=DIRECTION('center_axis',(0.,1.,0.));
#3069=DIRECTION('ref_axis',(-0.707106781186547,0.,0.707106781186547));
#3070=DIRECTION('',(0.,1.,0.));
#3071=DIRECTION('center_axis',(1.,0.,-1.94137359497295E-16));
#3072=DIRECTION('ref_axis',(0.,0.707106781186547,0.707106781186547));
#3073=DIRECTION('',(1.,0.,-1.94137359497295E-16));
#3074=DIRECTION('center_axis',(1.,0.,0.));
#3075=DIRECTION('ref_axis',(0.,1.,0.));
#3076=DIRECTION('',(-1.,0.,1.94137359497295E-16));
#3077=DIRECTION('center_axis',(1.94137359497295E-16,0.,1.));
#3078=DIRECTION('ref_axis',(1.,0.,-1.94137359497295E-16));
#3079=DIRECTION('',(0.,-1.,0.));
#3080=DIRECTION('center_axis',(0.,0.,-1.));
#3081=DIRECTION('ref_axis',(0.,1.,0.));
#3082=DIRECTION('center_axis',(0.,1.,0.));
#3083=DIRECTION('ref_axis',(0.707106781186547,0.,-0.707106781186547));
#3084=DIRECTION('center_axis',(1.,0.,0.));
#3085=DIRECTION('ref_axis',(0.,0.,-1.));
#3086=DIRECTION('center_axis',(0.,-1.,0.));
#3087=DIRECTION('ref_axis',(0.707106781186547,0.,-0.707106781186547));
#3088=DIRECTION('center_axis',(0.,1.,0.));
#3089=DIRECTION('ref_axis',(0.707106781186547,0.,-0.707106781186547));
#3090=DIRECTION('',(0.,1.,0.));
#3091=DIRECTION('',(0.,-1.,0.));
#3092=DIRECTION('center_axis',(-1.,0.,-1.94137359497295E-16));
#3093=DIRECTION('ref_axis',(0.,0.707106781186547,-0.707106781186547));
#3094=DIRECTION('',(1.,0.,1.94137359497295E-16));
#3095=DIRECTION('',(-1.,0.,-1.94137359497295E-16));
#3096=DIRECTION('center_axis',(1.94137359497295E-16,0.,-1.));
#3097=DIRECTION('ref_axis',(-1.,0.,-1.94137359497295E-16));
#3098=DIRECTION('center_axis',(0.,1.,0.));
#3099=DIRECTION('ref_axis',(0.707106781186547,0.,0.707106781186547));
#3100=DIRECTION('center_axis',(0.,0.,1.));
#3101=DIRECTION('ref_axis',(1.,0.,0.));
#3102=DIRECTION('center_axis',(0.,-1.,0.));
#3103=DIRECTION('ref_axis',(0.707106781186547,0.,0.707106781186547));
#3104=DIRECTION('center_axis',(0.,1.,0.));
#3105=DIRECTION('ref_axis',(0.707106781186547,0.,0.707106781186547));
#3106=DIRECTION('',(0.,1.,0.));
#3107=DIRECTION('center_axis',(-8.18597621843434E-17,0.,-1.));
#3108=DIRECTION('ref_axis',(0.707106781186547,0.707106781186547,0.));
#3109=DIRECTION('',(8.18597621843434E-17,0.,1.));
#3110=DIRECTION('',(-8.18597621843434E-17,0.,-1.));
#3111=DIRECTION('center_axis',(0.,1.,0.));
#3112=DIRECTION('ref_axis',(1.,0.,0.));
#3113=DIRECTION('',(-3.16622279538514E-16,0.,-1.));
#3114=DIRECTION('',(1.,0.,0.));
#3115=DIRECTION('',(0.,0.,1.));
#3116=DIRECTION('',(-1.,0.,0.));
#3117=DIRECTION('',(-1.,0.,0.));
#3118=DIRECTION('',(0.,0.,-1.));
#3119=DIRECTION('',(1.,0.,0.));
#3120=DIRECTION('',(-1.06409350631604E-16,0.,1.));
#3121=DIRECTION('',(-1.,0.,9.36649547313875E-17));
#3122=DIRECTION('',(0.,0.,-1.));
#3123=DIRECTION('',(1.,0.,0.));
#3124=DIRECTION('',(0.,0.,1.));
#3125=DIRECTION('',(-1.,0.,0.));
#3126=DIRECTION('',(0.,0.,-1.));
#3127=DIRECTION('',(1.,0.,0.));
#3128=DIRECTION('',(0.,0.,1.));
#3129=DIRECTION('',(1.,0.,0.));
#3130=DIRECTION('',(0.,0.,1.));
#3131=DIRECTION('',(-1.,0.,0.));
#3132=DIRECTION('',(0.,0.,-1.));
#3133=DIRECTION('',(-1.,0.,0.));
#3134=DIRECTION('',(0.,0.,-1.));
#3135=DIRECTION('',(1.,0.,0.));
#3136=DIRECTION('',(0.,0.,1.));
#3137=DIRECTION('center_axis',(0.,-1.,0.));
#3138=DIRECTION('ref_axis',(1.,0.,0.));
#3139=DIRECTION('',(1.,0.,0.));
#3140=DIRECTION('',(0.,0.,1.));
#3141=DIRECTION('',(-1.,0.,0.));
#3142=DIRECTION('',(0.,0.,-1.));
#3143=DIRECTION('',(-1.,0.,0.));
#3144=DIRECTION('',(0.,0.,-1.));
#3145=DIRECTION('',(1.,0.,0.));
#3146=DIRECTION('',(0.,0.,1.));
#3147=DIRECTION('center_axis',(0.,-1.,0.));
#3148=DIRECTION('ref_axis',(1.,0.,0.));
#3149=DIRECTION('center_axis',(0.,-1.,0.));
#3150=DIRECTION('ref_axis',(1.,0.,0.));
#3151=DIRECTION('',(3.0626842058625E-16,0.,1.));
#3152=DIRECTION('',(-1.,0.,2.84901330992154E-16));
#3153=DIRECTION('',(-3.16622279538514E-16,0.,-1.));
#3154=DIRECTION('',(1.,0.,-3.0626842058625E-16));
#3155=DIRECTION('',(-1.,0.,0.));
#3156=DIRECTION('',(0.,0.,-1.));
#3157=DIRECTION('',(1.,0.,0.));
#3158=DIRECTION('',(0.,0.,1.));
#3159=DIRECTION('center_axis',(0.,-1.,0.));
#3160=DIRECTION('ref_axis',(1.,0.,0.));
#3161=DIRECTION('center_axis',(0.,0.,-1.));
#3162=DIRECTION('ref_axis',(-1.,0.,0.));
#3163=DIRECTION('',(0.,1.,0.));
#3164=DIRECTION('',(0.,1.,0.));
#3165=DIRECTION('center_axis',(-1.,0.,0.));
#3166=DIRECTION('ref_axis',(0.,0.,1.));
#3167=DIRECTION('',(0.,1.,0.));
#3168=DIRECTION('center_axis',(0.,0.,1.));
#3169=DIRECTION('ref_axis',(1.,0.,0.));
#3170=DIRECTION('',(0.,1.,0.));
#3171=DIRECTION('center_axis',(1.,0.,-3.16622279538514E-16));
#3172=DIRECTION('ref_axis',(-3.16622279538514E-16,0.,-1.));
#3173=DIRECTION('center_axis',(-1.,0.,-1.06409350631604E-16));
#3174=DIRECTION('ref_axis',(-1.06409350631604E-16,0.,1.));
#3175=DIRECTION('',(0.,1.,0.));
#3176=DIRECTION('',(0.,1.,0.));
#3177=DIRECTION('center_axis',(0.,0.,1.));
#3178=DIRECTION('ref_axis',(1.,0.,0.));
#3179=DIRECTION('',(0.,1.,0.));
#3180=DIRECTION('center_axis',(1.,0.,0.));
#3181=DIRECTION('ref_axis',(0.,0.,-1.));
#3182=DIRECTION('',(0.,1.,0.));
#3183=DIRECTION('center_axis',(0.,0.,-1.));
#3184=DIRECTION('ref_axis',(-1.,0.,0.));
#3185=DIRECTION('center_axis',(-1.,0.,0.));
#3186=DIRECTION('ref_axis',(0.,0.,1.));
#3187=DIRECTION('',(0.,1.,0.));
#3188=DIRECTION('',(0.,1.,0.));
#3189=DIRECTION('center_axis',(0.,0.,1.));
#3190=DIRECTION('ref_axis',(1.,0.,0.));
#3191=DIRECTION('',(0.,1.,0.));
#3192=DIRECTION('center_axis',(1.,0.,0.));
#3193=DIRECTION('ref_axis',(0.,0.,-1.));
#3194=DIRECTION('',(0.,1.,0.));
#3195=DIRECTION('center_axis',(-9.36649547313875E-17,0.,-1.));
#3196=DIRECTION('ref_axis',(-1.,0.,9.36649547313875E-17));
#3197=DIRECTION('center_axis',(-1.,0.,0.));
#3198=DIRECTION('ref_axis',(0.,0.,1.));
#3199=DIRECTION('',(0.,1.,0.));
#3200=DIRECTION('',(0.,1.,0.));
#3201=DIRECTION('center_axis',(0.,0.,1.));
#3202=DIRECTION('ref_axis',(1.,0.,0.));
#3203=DIRECTION('',(0.,1.,0.));
#3204=DIRECTION('center_axis',(1.,0.,0.));
#3205=DIRECTION('ref_axis',(0.,0.,-1.));
#3206=DIRECTION('',(0.,1.,0.));
#3207=DIRECTION('center_axis',(0.,0.,-1.));
#3208=DIRECTION('ref_axis',(-1.,0.,0.));
#3209=DIRECTION('center_axis',(1.,0.,0.));
#3210=DIRECTION('ref_axis',(0.,0.,-1.));
#3211=DIRECTION('',(0.,1.,0.));
#3212=DIRECTION('',(0.,1.,0.));
#3213=DIRECTION('center_axis',(0.,0.,-1.));
#3214=DIRECTION('ref_axis',(-1.,0.,0.));
#3215=DIRECTION('',(0.,1.,0.));
#3216=DIRECTION('center_axis',(-1.,0.,0.));
#3217=DIRECTION('ref_axis',(0.,0.,1.));
#3218=DIRECTION('',(0.,1.,0.));
#3219=DIRECTION('center_axis',(0.,0.,1.));
#3220=DIRECTION('ref_axis',(1.,0.,0.));
#3221=DIRECTION('center_axis',(-1.,0.,0.));
#3222=DIRECTION('ref_axis',(0.,0.,1.));
#3223=DIRECTION('',(0.,1.,0.));
#3224=DIRECTION('',(0.,1.,0.));
#3225=DIRECTION('center_axis',(0.,0.,1.));
#3226=DIRECTION('ref_axis',(1.,0.,0.));
#3227=DIRECTION('',(0.,1.,0.));
#3228=DIRECTION('center_axis',(1.,0.,0.));
#3229=DIRECTION('ref_axis',(0.,0.,-1.));
#3230=DIRECTION('',(0.,1.,0.));
#3231=DIRECTION('center_axis',(0.,0.,-1.));
#3232=DIRECTION('ref_axis',(-1.,0.,0.));
#3233=DIRECTION('center_axis',(0.,1.,0.));
#3234=DIRECTION('ref_axis',(1.,0.,0.));
#3235=DIRECTION('',(0.,-1.,0.));
#3236=DIRECTION('center_axis',(1.,0.,0.));
#3237=DIRECTION('ref_axis',(0.,0.,-1.));
#3238=DIRECTION('',(0.,1.,0.));
#3239=DIRECTION('',(0.,1.,0.));
#3240=DIRECTION('center_axis',(0.,0.,-1.));
#3241=DIRECTION('ref_axis',(-1.,0.,0.));
#3242=DIRECTION('',(0.,1.,0.));
#3243=DIRECTION('center_axis',(-1.,0.,0.));
#3244=DIRECTION('ref_axis',(0.,0.,1.));
#3245=DIRECTION('',(0.,1.,0.));
#3246=DIRECTION('center_axis',(0.,0.,1.));
#3247=DIRECTION('ref_axis',(1.,0.,0.));
#3248=DIRECTION('center_axis',(-1.,0.,0.));
#3249=DIRECTION('ref_axis',(0.,0.,1.));
#3250=DIRECTION('',(0.,1.,0.));
#3251=DIRECTION('',(0.,1.,0.));
#3252=DIRECTION('center_axis',(0.,0.,1.));
#3253=DIRECTION('ref_axis',(1.,0.,0.));
#3254=DIRECTION('',(0.,1.,0.));
#3255=DIRECTION('center_axis',(1.,0.,0.));
#3256=DIRECTION('ref_axis',(0.,0.,-1.));
#3257=DIRECTION('',(0.,1.,0.));
#3258=DIRECTION('center_axis',(0.,0.,-1.));
#3259=DIRECTION('ref_axis',(-1.,0.,0.));
#3260=DIRECTION('center_axis',(0.,1.,0.));
#3261=DIRECTION('ref_axis',(1.,0.,0.));
#3262=DIRECTION('',(0.,-1.,0.));
#3263=DIRECTION('center_axis',(0.,1.,0.));
#3264=DIRECTION('ref_axis',(1.,0.,0.));
#3265=DIRECTION('',(0.,-1.,0.));
#3266=DIRECTION('center_axis',(3.0626842058625E-16,0.,1.));
#3267=DIRECTION('ref_axis',(1.,0.,-3.0626842058625E-16));
#3268=DIRECTION('',(0.,1.,0.));
#3269=DIRECTION('',(0.,1.,0.));
#3270=DIRECTION('center_axis',(1.,0.,-3.16622279538514E-16));
#3271=DIRECTION('ref_axis',(-3.16622279538514E-16,0.,-1.));
#3272=DIRECTION('',(0.,1.,0.));
#3273=DIRECTION('center_axis',(-2.84901330992154E-16,0.,-1.));
#3274=DIRECTION('ref_axis',(-1.,0.,2.84901330992154E-16));
#3275=DIRECTION('',(0.,1.,0.));
#3276=DIRECTION('center_axis',(-1.,0.,3.0626842058625E-16));
#3277=DIRECTION('ref_axis',(3.0626842058625E-16,0.,1.));
#3278=DIRECTION('center_axis',(-1.,0.,0.));
#3279=DIRECTION('ref_axis',(0.,0.,1.));
#3280=DIRECTION('',(0.,1.,0.));
#3281=DIRECTION('',(0.,1.,0.));
#3282=DIRECTION('center_axis',(0.,0.,1.));
#3283=DIRECTION('ref_axis',(1.,0.,0.));
#3284=DIRECTION('',(0.,1.,0.));
#3285=DIRECTION('center_axis',(1.,0.,0.));
#3286=DIRECTION('ref_axis',(0.,0.,-1.));
#3287=DIRECTION('',(0.,1.,0.));
#3288=DIRECTION('center_axis',(0.,0.,-1.));
#3289=DIRECTION('ref_axis',(-1.,0.,0.));
#3290=DIRECTION('center_axis',(0.,1.,0.));
#3291=DIRECTION('ref_axis',(1.,0.,0.));
#3292=DIRECTION('',(0.,-1.,0.));
#3293=DIRECTION('center_axis',(1.,0.,-8.18597621843434E-17));
#3294=DIRECTION('ref_axis',(-8.18597621843434E-17,0.,-1.));
#3295=DIRECTION('center_axis',(0.768221279597376,0.,0.64018439966448));
#3296=DIRECTION('ref_axis',(0.64018439966448,0.,-0.768221279597376));
#3297=DIRECTION('',(0.64018439966448,0.,-0.768221279597376));
#3298=DIRECTION('',(0.,1.,0.));
#3299=DIRECTION('',(0.64018439966448,0.,-0.768221279597376));
#3300=DIRECTION('',(0.,1.,0.));
#3301=DIRECTION('center_axis',(-0.701595220764007,0.,0.712575712609617));
#3302=DIRECTION('ref_axis',(0.712575712609617,0.,0.701595220764007));
#3303=DIRECTION('',(-0.712575712609617,0.,-0.701595220764007));
#3304=DIRECTION('',(0.712575712609617,0.,0.701595220764007));
#3305=DIRECTION('',(0.,1.,0.));
#3306=DIRECTION('center_axis',(-1.,0.,-2.22044604925031E-16));
#3307=DIRECTION('ref_axis',(-2.22044604925031E-16,0.,1.));
#3308=DIRECTION('',(-2.22044604925031E-16,0.,1.));
#3309=DIRECTION('',(-2.22044604925031E-16,0.,1.));
#3310=DIRECTION('',(0.,1.,0.));
#3311=DIRECTION('center_axis',(0.450979700054911,0.,-0.892534206704921));
#3312=DIRECTION('ref_axis',(-0.892534206704921,0.,-0.450979700054911));
#3313=DIRECTION('',(-0.892534206704921,0.,-0.450979700054911));
#3314=DIRECTION('',(-0.892534206704921,0.,-0.450979700054911));
#3315=DIRECTION('',(0.,1.,0.));
#3316=DIRECTION('center_axis',(-1.,0.,-2.22044604925031E-16));
#3317=DIRECTION('ref_axis',(-2.22044604925031E-16,0.,1.));
#3318=DIRECTION('',(-2.22044604925031E-16,0.,1.));
#3319=DIRECTION('',(-2.22044604925031E-16,0.,1.));
#3320=DIRECTION('',(0.,1.,0.));
#3321=DIRECTION('center_axis',(0.72037123438476,0.,-0.693588699930281));
#3322=DIRECTION('ref_axis',(-0.693588699930281,0.,-0.72037123438476));
#3323=DIRECTION('',(-0.693588699930281,0.,-0.72037123438476));
#3324=DIRECTION('',(-0.693588699930281,0.,-0.72037123438476));
#3325=DIRECTION('',(0.,1.,0.));
#3326=DIRECTION('center_axis',(-0.974097200243352,0.,-0.22612970719935));
#3327=DIRECTION('ref_axis',(-0.22612970719935,0.,0.974097200243352));
#3328=DIRECTION('',(-0.22612970719935,0.,0.974097200243352));
#3329=DIRECTION('',(-0.22612970719935,0.,0.974097200243352));
#3330=DIRECTION('',(0.,1.,0.));
#3331=DIRECTION('center_axis',(0.72037123438476,0.,-0.693588699930281));
#3332=DIRECTION('ref_axis',(-0.693588699930281,0.,-0.72037123438476));
#3333=DIRECTION('',(-0.693588699930281,0.,-0.72037123438476));
#3334=DIRECTION('',(-0.693588699930281,0.,-0.72037123438476));
#3335=DIRECTION('',(0.,1.,0.));
#3336=DIRECTION('center_axis',(-0.879861540632323,0.,-0.475230122483955));
#3337=DIRECTION('ref_axis',(-0.475230122483954,0.,0.879861540632323));
#3338=DIRECTION('',(-0.475230122483954,0.,0.879861540632323));
#3339=DIRECTION('',(-0.475230122483954,0.,0.879861540632323));
#3340=DIRECTION('',(0.,1.,0.));
#3341=DIRECTION('center_axis',(0.85348742930125,0.,-0.521113431053878));
#3342=DIRECTION('ref_axis',(-0.521113431053878,0.,-0.853487429301249));
#3343=DIRECTION('',(-0.521113431053878,0.,-0.853487429301249));
#3344=DIRECTION('',(-0.521113431053878,0.,-0.853487429301249));
#3345=DIRECTION('',(0.,1.,0.));
#3346=DIRECTION('center_axis',(-0.879861540632323,0.,-0.475230122483954));
#3347=DIRECTION('ref_axis',(-0.475230122483954,0.,0.879861540632323));
#3348=DIRECTION('',(-0.475230122483954,0.,0.879861540632323));
#3349=DIRECTION('',(-0.475230122483954,0.,0.879861540632323));
#3350=DIRECTION('',(0.,1.,0.));
#3351=DIRECTION('center_axis',(0.957314588747739,0.,-0.28904805512362));
#3352=DIRECTION('ref_axis',(-0.28904805512362,0.,-0.957314588747739));
#3353=DIRECTION('',(-0.28904805512362,0.,-0.957314588747739));
#3354=DIRECTION('',(-0.28904805512362,0.,-0.957314588747739));
#3355=DIRECTION('',(0.,1.,0.));
#3356=DIRECTION('center_axis',(-0.627752451189781,0.,-0.77841303947533));
#3357=DIRECTION('ref_axis',(-0.77841303947533,0.,0.627752451189781));
#3358=DIRECTION('',(-0.77841303947533,0.,0.627752451189781));
#3359=DIRECTION('',(-0.77841303947533,0.,0.627752451189781));
#3360=DIRECTION('',(0.,1.,0.));
#3361=DIRECTION('center_axis',(0.994834142531266,0.,-0.101513688013394));
#3362=DIRECTION('ref_axis',(-0.101513688013394,0.,-0.994834142531266));
#3363=DIRECTION('',(-0.101513688013394,0.,-0.994834142531266));
#3364=DIRECTION('',(-0.101513688013394,0.,-0.994834142531266));
#3365=DIRECTION('',(0.,1.,0.));
#3366=DIRECTION('center_axis',(-0.627752451189781,0.,-0.77841303947533));
#3367=DIRECTION('ref_axis',(-0.77841303947533,0.,0.627752451189781));
#3368=DIRECTION('',(-0.77841303947533,0.,0.627752451189781));
#3369=DIRECTION('',(-0.77841303947533,0.,0.627752451189781));
#3370=DIRECTION('',(0.,1.,0.));
#3371=DIRECTION('center_axis',(0.994834142531266,0.,-0.101513688013394));
#3372=DIRECTION('ref_axis',(-0.101513688013394,0.,-0.994834142531266));
#3373=DIRECTION('',(-0.101513688013394,0.,-0.994834142531266));
#3374=DIRECTION('',(-0.101513688013394,0.,-0.994834142531266));
#3375=DIRECTION('',(0.,1.,0.));
#3376=DIRECTION('center_axis',(-0.627752451189781,0.,-0.77841303947533));
#3377=DIRECTION('ref_axis',(-0.77841303947533,0.,0.627752451189781));
#3378=DIRECTION('',(-0.77841303947533,0.,0.627752451189781));
#3379=DIRECTION('',(-0.77841303947533,0.,0.627752451189781));
#3380=DIRECTION('',(0.,1.,0.));
#3381=DIRECTION('center_axis',(0.987440631916705,0.,0.157990501106674));
#3382=DIRECTION('ref_axis',(0.157990501106674,0.,-0.987440631916705));
#3383=DIRECTION('',(0.157990501106674,0.,-0.987440631916705));
#3384=DIRECTION('',(0.157990501106674,0.,-0.987440631916705));
#3385=DIRECTION('',(0.,1.,0.));
#3386=DIRECTION('center_axis',(-0.212429644331043,0.,-0.977176363922801));
#3387=DIRECTION('ref_axis',(-0.977176363922801,0.,0.212429644331043));
#3388=DIRECTION('',(-0.977176363922801,0.,0.212429644331043));
#3389=DIRECTION('',(-0.977176363922801,0.,0.212429644331043));
#3390=DIRECTION('',(0.,1.,0.));
#3391=DIRECTION('center_axis',(0.823878129020632,0.,0.566766996676291));
#3392=DIRECTION('ref_axis',(0.566766996676291,0.,-0.823878129020632));
#3393=DIRECTION('',(0.566766996676291,0.,-0.823878129020632));
#3394=DIRECTION('',(0.566766996676291,0.,-0.823878129020632));
#3395=DIRECTION('',(0.,1.,0.));
#3396=DIRECTION('center_axis',(-1.,0.,-2.22044604925031E-16));
#3397=DIRECTION('ref_axis',(-2.22044604925031E-16,0.,1.));
#3398=DIRECTION('',(-2.22044604925031E-16,0.,1.));
#3399=DIRECTION('',(-2.22044604925031E-16,0.,1.));
#3400=DIRECTION('',(0.,1.,0.));
#3401=DIRECTION('center_axis',(0.701281230168311,0.,0.712884728559688));
#3402=DIRECTION('ref_axis',(0.712884728559688,0.,-0.701281230168311));
#3403=DIRECTION('',(0.712884728559688,0.,-0.701281230168311));
#3404=DIRECTION('',(0.712884728559688,0.,-0.701281230168311));
#3405=DIRECTION('',(0.,1.,0.));
#3406=DIRECTION('center_axis',(-0.941771565470665,0.,0.336253354586884));
#3407=DIRECTION('ref_axis',(0.336253354586884,0.,0.941771565470665));
#3408=DIRECTION('',(0.336253354586884,0.,0.941771565470665));
#3409=DIRECTION('',(0.336253354586884,0.,0.941771565470665));
#3410=DIRECTION('',(0.,1.,0.));
#3411=DIRECTION('center_axis',(0.790953158661242,0.,0.611876703923105));
#3412=DIRECTION('ref_axis',(0.611876703923105,0.,-0.790953158661242));
#3413=DIRECTION('',(0.611876703923105,0.,-0.790953158661242));
#3414=DIRECTION('',(0.611876703923105,0.,-0.790953158661242));
#3415=DIRECTION('',(0.,1.,0.));
#3416=DIRECTION('center_axis',(-0.98363804184139,0.,0.18015605080717));
#3417=DIRECTION('ref_axis',(0.18015605080717,0.,0.98363804184139));
#3418=DIRECTION('',(0.18015605080717,0.,0.98363804184139));
#3419=DIRECTION('',(0.18015605080717,0.,0.98363804184139));
#3420=DIRECTION('',(0.,1.,0.));
#3421=DIRECTION('center_axis',(0.941194670761707,0.,0.337864753606767));
#3422=DIRECTION('ref_axis',(0.337864753606767,0.,-0.941194670761707));
#3423=DIRECTION('',(0.337864753606767,0.,-0.941194670761707));
#3424=DIRECTION('',(0.337864753606767,0.,-0.941194670761707));
#3425=DIRECTION('',(0.,1.,0.));
#3426=DIRECTION('center_axis',(-0.894695604104733,0.,0.446676366058992));
#3427=DIRECTION('ref_axis',(0.446676366058992,0.,0.894695604104733));
#3428=DIRECTION('',(0.446676366058992,0.,0.894695604104733));
#3429=DIRECTION('',(0.446676366058992,0.,0.894695604104733));
#3430=DIRECTION('',(0.,1.,0.));
#3431=DIRECTION('center_axis',(0.941194670761707,0.,0.337864753606767));
#3432=DIRECTION('ref_axis',(0.337864753606767,0.,-0.941194670761707));
#3433=DIRECTION('',(0.337864753606767,0.,-0.941194670761707));
#3434=DIRECTION('',(0.337864753606767,0.,-0.941194670761707));
#3435=DIRECTION('',(0.,1.,0.));
#3436=DIRECTION('center_axis',(-0.894695604104733,0.,0.446676366058992));
#3437=DIRECTION('ref_axis',(0.446676366058992,0.,0.894695604104733));
#3438=DIRECTION('',(0.446676366058992,0.,0.894695604104733));
#3439=DIRECTION('',(0.446676366058992,0.,0.894695604104733));
#3440=DIRECTION('',(0.,1.,0.));
#3441=DIRECTION('center_axis',(0.892626994754093,0.,0.450796016216067));
#3442=DIRECTION('ref_axis',(0.450796016216067,0.,-0.892626994754093));
#3443=DIRECTION('',(0.450796016216067,0.,-0.892626994754093));
#3444=DIRECTION('',(0.450796016216067,0.,-0.892626994754093));
#3445=DIRECTION('',(0.,1.,0.));
#3446=DIRECTION('center_axis',(-0.957073937706987,0.,0.289843885155514));
#3447=DIRECTION('ref_axis',(0.289843885155514,0.,0.957073937706987));
#3448=DIRECTION('',(0.289843885155514,0.,0.957073937706987));
#3449=DIRECTION('',(0.289843885155514,0.,0.957073937706987));
#3450=DIRECTION('',(0.,1.,0.));
#3451=DIRECTION('center_axis',(0.892626994754093,0.,0.450796016216067));
#3452=DIRECTION('ref_axis',(0.450796016216067,0.,-0.892626994754093));
#3453=DIRECTION('',(0.450796016216067,0.,-0.892626994754093));
#3454=DIRECTION('',(0.450796016216067,0.,-0.892626994754093));
#3455=DIRECTION('',(0.,1.,0.));
#3456=DIRECTION('center_axis',(-0.957073937706987,0.,0.289843885155514));
#3457=DIRECTION('ref_axis',(0.289843885155513,0.,0.957073937706987));
#3458=DIRECTION('',(0.289843885155513,0.,0.957073937706987));
#3459=DIRECTION('',(0.289843885155513,0.,0.957073937706987));
#3460=DIRECTION('',(0.,1.,0.));
#3461=DIRECTION('center_axis',(0.768221279597376,0.,0.64018439966448));
#3462=DIRECTION('ref_axis',(0.64018439966448,0.,-0.768221279597376));
#3463=DIRECTION('',(0.64018439966448,0.,-0.768221279597376));
#3464=DIRECTION('',(0.64018439966448,0.,-0.768221279597376));
#3465=DIRECTION('',(0.,1.,0.));
#3466=DIRECTION('center_axis',(-1.,0.,-2.22044604925031E-16));
#3467=DIRECTION('ref_axis',(-2.22044604925031E-16,0.,1.));
#3468=DIRECTION('',(-2.22044604925031E-16,0.,1.));
#3469=DIRECTION('',(-2.22044604925031E-16,0.,1.));
#3470=DIRECTION('',(0.,1.,0.));
#3471=DIRECTION('center_axis',(0.768221279597376,0.,0.64018439966448));
#3472=DIRECTION('ref_axis',(0.64018439966448,0.,-0.768221279597376));
#3473=DIRECTION('',(0.64018439966448,0.,-0.768221279597376));
#3474=DIRECTION('',(0.64018439966448,0.,-0.768221279597376));
#3475=DIRECTION('',(0.,1.,0.));
#3476=DIRECTION('center_axis',(-0.968477535034076,0.,0.249100911548555));
#3477=DIRECTION('ref_axis',(0.249100911548555,0.,0.968477535034076));
#3478=DIRECTION('',(0.249100911548555,0.,0.968477535034076));
#3479=DIRECTION('',(0.249100911548555,0.,0.968477535034076));
#3480=DIRECTION('',(0.,1.,0.));
#3481=DIRECTION('center_axis',(0.768221279597376,0.,0.64018439966448));
#3482=DIRECTION('ref_axis',(0.64018439966448,0.,-0.768221279597376));
#3483=DIRECTION('',(0.64018439966448,0.,-0.768221279597376));
#3484=DIRECTION('',(0.64018439966448,0.,-0.768221279597376));
#3485=DIRECTION('',(0.,1.,0.));
#3486=DIRECTION('center_axis',(-1.,0.,-2.22044604925031E-16));
#3487=DIRECTION('ref_axis',(-2.22044604925031E-16,0.,1.));
#3488=DIRECTION('',(-2.22044604925031E-16,0.,1.));
#3489=DIRECTION('',(-2.22044604925031E-16,0.,1.));
#3490=DIRECTION('center_axis',(0.,1.,0.));
#3491=DIRECTION('ref_axis',(1.,0.,2.22044604925031E-16));
#3492=DIRECTION('center_axis',(0.,1.,0.));
#3493=DIRECTION('ref_axis',(2.22044604925031E-16,0.,-1.));
#3494=DIRECTION('center_axis',(0.,1.,0.));
#3495=DIRECTION('ref_axis',(2.22044604925031E-16,0.,-1.));
#3496=DIRECTION('center_axis',(0.,1.,0.));
#3497=DIRECTION('ref_axis',(2.22044604925031E-16,0.,-1.));
#3498=DIRECTION('',(0.,-1.,0.));
#3499=DIRECTION('center_axis',(0.,1.,0.));
#3500=DIRECTION('ref_axis',(2.22044604925031E-16,0.,-1.));
#3501=DIRECTION('center_axis',(0.,1.,0.));
#3502=DIRECTION('ref_axis',(2.22044604925031E-16,0.,-1.));
#3503=DIRECTION('center_axis',(0.,1.,0.));
#3504=DIRECTION('ref_axis',(2.22044604925031E-16,0.,-1.));
#3505=DIRECTION('',(0.,1.,0.));
#3506=DIRECTION('center_axis',(-0.347794424766814,0.,-0.937570817645857));
#3507=DIRECTION('ref_axis',(-0.937570817645857,0.,0.347794424766814));
#3508=DIRECTION('',(-0.937570817645857,0.,0.347794424766814));
#3509=DIRECTION('',(0.,1.,0.));
#3510=DIRECTION('',(-0.937570817645857,0.,0.347794424766814));
#3511=DIRECTION('',(0.,1.,0.));
#3512=DIRECTION('center_axis',(-0.170463803734843,0.,0.985363938662385));
#3513=DIRECTION('ref_axis',(0.985363938662385,0.,0.170463803734843));
#3514=DIRECTION('',(0.985363938662385,0.,0.170463803734843));
#3515=DIRECTION('',(0.985363938662385,0.,0.170463803734843));
#3516=DIRECTION('',(0.,1.,0.));
#3517=DIRECTION('center_axis',(0.64607640204465,0.,0.763272744647049));
#3518=DIRECTION('ref_axis',(0.763272744647049,0.,-0.64607640204465));
#3519=DIRECTION('',(0.763272744647049,0.,-0.64607640204465));
#3520=DIRECTION('',(0.763272744647049,0.,-0.64607640204465));
#3521=DIRECTION('',(0.,1.,0.));
#3522=DIRECTION('center_axis',(0.985363938662385,0.,0.170463803734843));
#3523=DIRECTION('ref_axis',(0.170463803734843,0.,-0.985363938662385));
#3524=DIRECTION('',(0.170463803734843,0.,-0.985363938662385));
#3525=DIRECTION('',(0.170463803734843,0.,-0.985363938662385));
#3526=DIRECTION('center_axis',(-0.76327274464705,0.,0.646076402044649));
#3527=DIRECTION('ref_axis',(0.646076402044649,0.,0.76327274464705));
#3528=DIRECTION('',(0.646076402044649,0.,0.76327274464705));
#3529=DIRECTION('',(0.,1.,0.));
#3530=DIRECTION('',(0.646076402044649,0.,0.76327274464705));
#3531=DIRECTION('',(0.,1.,0.));
#3532=DIRECTION('center_axis',(-0.170463803734845,0.,0.985363938662385));
#3533=DIRECTION('ref_axis',(0.985363938662385,0.,0.170463803734845));
#3534=DIRECTION('',(0.985363938662385,0.,0.170463803734845));
#3535=DIRECTION('',(0.985363938662385,0.,0.170463803734845));
#3536=DIRECTION('',(0.,1.,0.));
#3537=DIRECTION('center_axis',(0.916964800030073,0.,0.398968113394803));
#3538=DIRECTION('ref_axis',(0.398968113394803,0.,-0.916964800030073));
#3539=DIRECTION('',(0.398968113394803,0.,-0.916964800030073));
#3540=DIRECTION('',(0.398968113394803,0.,-0.916964800030073));
#3541=DIRECTION('',(0.,1.,0.));
#3542=DIRECTION('center_axis',(0.170463803734847,0.,-0.985363938662385));
#3543=DIRECTION('ref_axis',(-0.985363938662384,0.,-0.170463803734847));
#3544=DIRECTION('',(-0.985363938662384,0.,-0.170463803734847));
#3545=DIRECTION('',(-0.985363938662384,0.,-0.170463803734847));
#3546=DIRECTION('',(0.,1.,0.));
#3547=DIRECTION('center_axis',(-0.131815175058474,0.,-0.991274310987783));
#3548=DIRECTION('ref_axis',(-0.991274310987783,0.,0.131815175058474));
#3549=DIRECTION('',(-0.991274310987783,0.,0.131815175058474));
#3550=DIRECTION('',(-0.991274310987783,0.,0.131815175058474));
#3551=DIRECTION('center_axis',(-0.933537954085663,0.,-0.358478574368895));
#3552=DIRECTION('ref_axis',(-0.358478574368895,0.,0.933537954085663));
#3553=DIRECTION('',(0.358478574368895,0.,-0.933537954085663));
#3554=DIRECTION('',(0.,1.,0.));
#3555=DIRECTION('',(-0.358478574368895,0.,0.933537954085663));
#3556=DIRECTION('',(0.,1.,0.));
#3557=DIRECTION('center_axis',(-0.837435186822461,0.,-0.546536648242027));
#3558=DIRECTION('ref_axis',(-0.546536648242027,0.,0.837435186822461));
#3559=DIRECTION('',(0.546536648242027,0.,-0.837435186822461));
#3560=DIRECTION('',(-0.546536648242027,0.,0.837435186822461));
#3561=DIRECTION('',(0.,1.,0.));
#3562=DIRECTION('center_axis',(-0.728848072093986,0.,-0.684675461664049));
#3563=DIRECTION('ref_axis',(-0.684675461664049,0.,0.728848072093986));
#3564=DIRECTION('',(0.684675461664049,0.,-0.728848072093986));
#3565=DIRECTION('',(-0.684675461664049,0.,0.728848072093986));
#3566=DIRECTION('',(0.,1.,0.));
#3567=DIRECTION('center_axis',(-0.637567714034227,0.,-0.770394321124689));
#3568=DIRECTION('ref_axis',(-0.770394321124689,0.,0.637567714034227));
#3569=DIRECTION('',(0.770394321124689,0.,-0.637567714034227));
#3570=DIRECTION('',(-0.770394321124689,0.,0.637567714034227));
#3571=DIRECTION('',(0.,1.,0.));
#3572=DIRECTION('center_axis',(-0.485642931178632,0.,-0.874157276121538));
#3573=DIRECTION('ref_axis',(-0.874157276121538,0.,0.485642931178632));
#3574=DIRECTION('',(0.874157276121538,0.,-0.485642931178632));
#3575=DIRECTION('',(-0.874157276121538,0.,0.485642931178632));
#3576=DIRECTION('',(0.,1.,0.));
#3577=DIRECTION('center_axis',(-0.203954254112001,0.,-0.978980419737605));
#3578=DIRECTION('ref_axis',(-0.978980419737605,0.,0.203954254112001));
#3579=DIRECTION('',(0.978980419737605,0.,-0.203954254112001));
#3580=DIRECTION('',(-0.978980419737605,0.,0.203954254112001));
#3581=DIRECTION('',(0.,1.,0.));
#3582=DIRECTION('center_axis',(2.22044604925031E-16,0.,-1.));
#3583=DIRECTION('ref_axis',(-1.,0.,-2.22044604925031E-16));
#3584=DIRECTION('',(1.,0.,2.22044604925031E-16));
#3585=DIRECTION('',(-1.,0.,-2.22044604925031E-16));
#3586=DIRECTION('',(0.,1.,0.));
#3587=DIRECTION('center_axis',(0.258573794799106,0.,-0.965991507541961));
#3588=DIRECTION('ref_axis',(-0.965991507541961,0.,-0.258573794799106));
#3589=DIRECTION('',(0.965991507541961,0.,0.258573794799106));
#3590=DIRECTION('',(-0.965991507541961,0.,-0.258573794799106));
#3591=DIRECTION('',(0.,1.,0.));
#3592=DIRECTION('center_axis',(0.685923590481871,0.,-0.727673572435099));
#3593=DIRECTION('ref_axis',(-0.727673572435099,0.,-0.685923590481871));
#3594=DIRECTION('',(0.727673572435099,0.,0.685923590481871));
#3595=DIRECTION('',(-0.727673572435099,0.,-0.685923590481871));
#3596=DIRECTION('',(0.,1.,0.));
#3597=DIRECTION('center_axis',(0.874157276121538,0.,-0.485642931178632));
#3598=DIRECTION('ref_axis',(-0.485642931178632,0.,-0.874157276121538));
#3599=DIRECTION('',(0.485642931178632,0.,0.874157276121538));
#3600=DIRECTION('',(-0.485642931178632,0.,-0.874157276121538));
#3601=DIRECTION('',(0.,1.,0.));
#3602=DIRECTION('center_axis',(0.909774979648868,0.,-0.415101778368754));
#3603=DIRECTION('ref_axis',(-0.415101778368754,0.,-0.909774979648868));
#3604=DIRECTION('',(0.415101778368754,0.,0.909774979648868));
#3605=DIRECTION('',(-0.415101778368754,0.,-0.909774979648868));
#3606=DIRECTION('',(0.,1.,0.));
#3607=DIRECTION('center_axis',(0.952925780013262,0.,-0.303203657276946));
#3608=DIRECTION('ref_axis',(-0.303203657276946,0.,-0.952925780013262));
#3609=DIRECTION('',(0.303203657276946,0.,0.952925780013262));
#3610=DIRECTION('',(-0.303203657276946,0.,-0.952925780013262));
#3611=DIRECTION('',(0.,1.,0.));
#3612=DIRECTION('',(0.,1.,0.));
#3613=DIRECTION('center_axis',(0.928476690885259,0.,-0.371390676354104));
#3614=DIRECTION('ref_axis',(-0.371390676354104,0.,-0.928476690885259));
#3615=DIRECTION('',(0.371390676354104,0.,0.928476690885259));
#3616=DIRECTION('',(-0.371390676354104,0.,-0.928476690885259));
#3617=DIRECTION('',(0.,1.,0.));
#3618=DIRECTION('center_axis',(0.97513285579146,0.,-0.221621103588968));
#3619=DIRECTION('ref_axis',(-0.221621103588968,0.,-0.97513285579146));
#3620=DIRECTION('',(0.221621103588968,0.,0.97513285579146));
#3621=DIRECTION('',(-0.221621103588968,0.,-0.97513285579146));
#3622=DIRECTION('',(0.,1.,0.));
#3623=DIRECTION('center_axis',(0.997725098286392,0.,-0.0674138579923235));
#3624=DIRECTION('ref_axis',(-0.0674138579923235,0.,-0.997725098286392));
#3625=DIRECTION('',(0.0674138579923235,0.,0.997725098286392));
#3626=DIRECTION('',(-0.0674138579923235,0.,-0.997725098286392));
#3627=DIRECTION('',(0.,1.,0.));
#3628=DIRECTION('center_axis',(0.997842872504086,0.,0.0656475574015849));
#3629=DIRECTION('ref_axis',(0.0656475574015849,0.,-0.997842872504086));
#3630=DIRECTION('',(-0.0656475574015849,0.,0.997842872504086));
#3631=DIRECTION('',(0.0656475574015849,0.,-0.997842872504086));
#3632=DIRECTION('',(0.,1.,0.));
#3633=DIRECTION('',(0.,1.,0.));
#3634=DIRECTION('center_axis',(-0.985363938662385,0.,-0.170463803734843));
#3635=DIRECTION('ref_axis',(-0.170463803734843,0.,0.985363938662385));
#3636=DIRECTION('',(0.170463803734843,0.,-0.985363938662385));
#3637=DIRECTION('',(-0.170463803734843,0.,0.985363938662385));
#3638=DIRECTION('',(0.,1.,0.));
#3639=DIRECTION('center_axis',(0.,1.,0.));
#3640=DIRECTION('ref_axis',(2.22044604925031E-16,0.,-1.));
#3641=DIRECTION('center_axis',(0.,1.,0.));
#3642=DIRECTION('ref_axis',(2.22044604925031E-16,0.,-1.));
#3643=DIRECTION('center_axis',(0.,1.,0.));
#3644=DIRECTION('ref_axis',(2.22044604925031E-16,0.,-1.));
#3645=DIRECTION('center_axis',(0.,1.,0.));
#3646=DIRECTION('ref_axis',(2.22044604925031E-16,0.,-1.));
#3647=DIRECTION('',(0.,-1.,0.));
#3648=DIRECTION('center_axis',(0.,1.,0.));
#3649=DIRECTION('ref_axis',(2.22044604925031E-16,0.,-1.));
#3650=DIRECTION('center_axis',(0.,1.,0.));
#3651=DIRECTION('ref_axis',(2.22044604925031E-16,0.,-1.));
#3652=DIRECTION('center_axis',(0.,1.,0.));
#3653=DIRECTION('ref_axis',(2.22044604925031E-16,0.,-1.));
#3654=CARTESIAN_POINT('',(0.,0.,0.));
#3655=CARTESIAN_POINT('Ctrl Pts',(-43.25,16.,-49.25));
#3656=CARTESIAN_POINT('Ctrl Pts',(-43.25,16.,-51.75));
#3657=CARTESIAN_POINT('Ctrl Pts',(-40.75,16.,-51.75));
#3658=CARTESIAN_POINT('Ctrl Pts',(-45.75,16.,-49.25));
#3659=CARTESIAN_POINT('Ctrl Pts',(-45.75,16.,-54.25));
#3660=CARTESIAN_POINT('Ctrl Pts',(-40.75,16.,-54.25));
#3661=CARTESIAN_POINT('Ctrl Pts',(-45.75,13.5,-49.25));
#3662=CARTESIAN_POINT('Ctrl Pts',(-45.75,13.5,-54.25));
#3663=CARTESIAN_POINT('Ctrl Pts',(-40.75,13.5,-54.25));
#3664=CARTESIAN_POINT('',(-40.75,16.,-51.75));
#3665=CARTESIAN_POINT('',(-40.75,13.5,-54.25));
#3666=CARTESIAN_POINT('Origin',(-40.75,13.5,-51.75));
#3667=CARTESIAN_POINT('',(-45.75,13.5,-49.25));
#3668=CARTESIAN_POINT('Origin',(-40.75,13.5,-49.25));
#3669=CARTESIAN_POINT('',(-43.25,16.,-49.25));
#3670=CARTESIAN_POINT('Origin',(-43.25,13.5,-49.25));
#3671=CARTESIAN_POINT('Origin',(-40.75,16.,-49.25));
#3672=CARTESIAN_POINT('Origin',(-40.75,13.,-49.25));
#3673=CARTESIAN_POINT('',(-40.75,13.,-54.25));
#3674=CARTESIAN_POINT('',(-45.75,13.,-49.25));
#3675=CARTESIAN_POINT('Origin',(-40.75,13.,-49.25));
#3676=CARTESIAN_POINT('',(-45.75,13.,-49.25));
#3677=CARTESIAN_POINT('',(-40.75,13.,-54.25));
#3678=CARTESIAN_POINT('Origin',(-43.25,13.5,-27.125));
#3679=CARTESIAN_POINT('',(-45.75,13.5,49.25));
#3680=CARTESIAN_POINT('',(-45.75,13.5,-27.125));
#3681=CARTESIAN_POINT('',(-43.25,16.,49.25));
#3682=CARTESIAN_POINT('Origin',(-43.25,13.5,49.25));
#3683=CARTESIAN_POINT('',(-43.25,16.,-27.125));
#3684=CARTESIAN_POINT('Origin',(-45.75,13.,-54.25));
#3685=CARTESIAN_POINT('',(-45.75,13.,49.25));
#3686=CARTESIAN_POINT('',(-45.75,13.,-54.25));
#3687=CARTESIAN_POINT('',(-45.75,13.,49.25));
#3688=CARTESIAN_POINT('Origin',(0.,13.,8.88178419700125E-15));
#3689=CARTESIAN_POINT('',(40.75,13.,-54.25));
#3690=CARTESIAN_POINT('',(45.75,13.,-54.25));
#3691=CARTESIAN_POINT('',(45.75,13.,-49.25));
#3692=CARTESIAN_POINT('Origin',(40.75,13.,-49.25));
#3693=CARTESIAN_POINT('',(45.75,13.,49.25));
#3694=CARTESIAN_POINT('',(45.75,13.,54.25));
#3695=CARTESIAN_POINT('',(40.75,13.,54.25));
#3696=CARTESIAN_POINT('Origin',(40.75,13.,49.25));
#3697=CARTESIAN_POINT('',(-40.75,13.,54.25));
#3698=CARTESIAN_POINT('',(-45.75,13.,54.25));
#3699=CARTESIAN_POINT('Origin',(-40.75,13.,49.25));
#3700=CARTESIAN_POINT('',(39.3,13.,-49.25));
#3701=CARTESIAN_POINT('Origin',(40.75,13.,-49.25));
#3702=CARTESIAN_POINT('',(6.65,13.,17.85));
#3703=CARTESIAN_POINT('',(-7.85,13.,17.85));
#3704=CARTESIAN_POINT('',(6.65,13.,17.85));
#3705=CARTESIAN_POINT('',(6.65,13.,3.34999999999998));
#3706=CARTESIAN_POINT('',(6.65,13.,3.34999999999998));
#3707=CARTESIAN_POINT('',(-7.85,13.,3.34999999999998));
#3708=CARTESIAN_POINT('',(-7.85,13.,3.34999999999998));
#3709=CARTESIAN_POINT('',(-7.85,13.,17.85));
#3710=CARTESIAN_POINT('',(-12.75,13.,22.75));
#3711=CARTESIAN_POINT('',(-12.75,13.,37.25));
#3712=CARTESIAN_POINT('',(-12.75,13.,37.25));
#3713=CARTESIAN_POINT('',(-27.25,13.,22.75));
#3714=CARTESIAN_POINT('',(-12.75,13.,22.75));
#3715=CARTESIAN_POINT('',(-27.25,13.,37.25));
#3716=CARTESIAN_POINT('',(-27.25,13.,16.1983284311303));
#3717=CARTESIAN_POINT('',(-11.6625259680766,13.,37.25));
#3718=CARTESIAN_POINT('',(39.3,13.,49.25));
#3719=CARTESIAN_POINT('Origin',(40.75,13.,49.25));
#3720=CARTESIAN_POINT('',(-42.2,13.,-49.25));
#3721=CARTESIAN_POINT('Origin',(-40.75,13.,-49.25));
#3722=CARTESIAN_POINT('',(26.05,13.,-1.55000000000002));
#3723=CARTESIAN_POINT('',(11.55,13.,-1.55000000000002));
#3724=CARTESIAN_POINT('',(26.05,13.,-1.55000000000002));
#3725=CARTESIAN_POINT('',(26.05,13.,-16.05));
#3726=CARTESIAN_POINT('',(26.05,13.,-16.05));
#3727=CARTESIAN_POINT('',(11.55,13.,-16.05));
#3728=CARTESIAN_POINT('',(11.55,13.,-16.05));
#3729=CARTESIAN_POINT('',(11.55,13.,-1.55000000000002));
#3730=CARTESIAN_POINT('',(-7.84999999999999,13.,22.75));
#3731=CARTESIAN_POINT('',(6.65000000000001,13.,22.75));
#3732=CARTESIAN_POINT('',(-7.84999999999999,13.,22.75));
#3733=CARTESIAN_POINT('',(-7.84999999999999,13.,37.25));
#3734=CARTESIAN_POINT('',(-7.84999999999999,13.,37.25));
#3735=CARTESIAN_POINT('',(6.65000000000001,13.,37.25));
#3736=CARTESIAN_POINT('',(6.65000000000001,13.,37.25));
#3737=CARTESIAN_POINT('',(6.65000000000001,13.,22.75));
#3738=CARTESIAN_POINT('',(-42.2,13.,49.25));
#3739=CARTESIAN_POINT('Origin',(-40.75,13.,49.25));
#3740=CARTESIAN_POINT('',(6.65,13.,-1.55000000000002));
#3741=CARTESIAN_POINT('',(-7.85,13.,-1.55000000000002));
#3742=CARTESIAN_POINT('',(6.65,13.,-1.55000000000002));
#3743=CARTESIAN_POINT('',(6.65,13.,-16.05));
#3744=CARTESIAN_POINT('',(6.65,13.,-16.05));
#3745=CARTESIAN_POINT('',(-7.85,13.,-16.05));
#3746=CARTESIAN_POINT('',(-7.85,13.,-16.05));
#3747=CARTESIAN_POINT('',(-7.85,13.,-1.55000000000002));
#3748=CARTESIAN_POINT('',(-27.25,13.,-16.05));
#3749=CARTESIAN_POINT('',(-12.75,13.,-16.05));
#3750=CARTESIAN_POINT('',(-27.25,13.,-16.05));
#3751=CARTESIAN_POINT('',(-27.25,13.,-1.55000000000002));
#3752=CARTESIAN_POINT('',(-27.25,13.,-1.55000000000002));
#3753=CARTESIAN_POINT('',(-12.75,13.,-1.55000000000002));
#3754=CARTESIAN_POINT('',(-12.75,13.,-1.55000000000002));
#3755=CARTESIAN_POINT('',(-12.75,13.,-16.05));
#3756=CARTESIAN_POINT('',(26.05,13.,17.85));
#3757=CARTESIAN_POINT('',(11.55,13.,17.85));
#3758=CARTESIAN_POINT('',(26.05,13.,17.85));
#3759=CARTESIAN_POINT('',(26.05,13.,3.34999999999998));
#3760=CARTESIAN_POINT('',(26.05,13.,3.34999999999998));
#3761=CARTESIAN_POINT('',(11.55,13.,3.34999999999998));
#3762=CARTESIAN_POINT('',(11.55,13.,3.34999999999998));
#3763=CARTESIAN_POINT('',(11.55,13.,17.85));
#3764=CARTESIAN_POINT('',(26.05,13.,37.25));
#3765=CARTESIAN_POINT('',(11.55,13.,37.25));
#3766=CARTESIAN_POINT('',(-11.6625259680766,13.,37.25));
#3767=CARTESIAN_POINT('',(26.05,13.,22.75));
#3768=CARTESIAN_POINT('',(26.05,13.,18.8489379047397));
#3769=CARTESIAN_POINT('',(11.55,13.,22.75));
#3770=CARTESIAN_POINT('',(11.55,13.,22.75));
#3771=CARTESIAN_POINT('',(11.55,13.,37.25));
#3772=CARTESIAN_POINT('',(6.65,13.,-19.7487191186425));
#3773=CARTESIAN_POINT('',(-27.25,13.,-19.7487191186425));
#3774=CARTESIAN_POINT('',(6.65,13.,-19.7487191186425));
#3775=CARTESIAN_POINT('',(6.65,13.,-40.6157391321153));
#3776=CARTESIAN_POINT('',(6.65,13.,-40.6157391321153));
#3777=CARTESIAN_POINT('',(-27.25,13.,-40.6157391321153));
#3778=CARTESIAN_POINT('',(-27.25,13.,-40.6157391321153));
#3779=CARTESIAN_POINT('',(-27.25,13.,-19.7487191186425));
#3780=CARTESIAN_POINT('',(-27.25,13.,17.85));
#3781=CARTESIAN_POINT('',(-27.25,13.,3.34999999999998));
#3782=CARTESIAN_POINT('',(-27.25,13.,16.1983284311303));
#3783=CARTESIAN_POINT('',(-12.75,13.,17.85));
#3784=CARTESIAN_POINT('',(-27.25,13.,17.85));
#3785=CARTESIAN_POINT('',(-12.75,13.,3.34999999999998));
#3786=CARTESIAN_POINT('',(-12.75,13.,17.85));
#3787=CARTESIAN_POINT('',(-12.75,13.,3.34999999999998));
#3788=CARTESIAN_POINT('Ctrl Pts',(-40.75,16.,51.75));
#3789=CARTESIAN_POINT('Ctrl Pts',(-43.25,16.,51.75));
#3790=CARTESIAN_POINT('Ctrl Pts',(-43.25,16.,49.25));
#3791=CARTESIAN_POINT('Ctrl Pts',(-40.75,16.,54.25));
#3792=CARTESIAN_POINT('Ctrl Pts',(-45.75,16.,54.25));
#3793=CARTESIAN_POINT('Ctrl Pts',(-45.75,16.,49.25));
#3794=CARTESIAN_POINT('Ctrl Pts',(-40.75,13.5,54.25));
#3795=CARTESIAN_POINT('Ctrl Pts',(-45.75,13.5,54.25));
#3796=CARTESIAN_POINT('Ctrl Pts',(-45.75,13.5,49.25));
#3797=CARTESIAN_POINT('',(-40.75,13.5,54.25));
#3798=CARTESIAN_POINT('Origin',(-40.75,13.5,49.25));
#3799=CARTESIAN_POINT('',(-40.75,16.,51.75));
#3800=CARTESIAN_POINT('Origin',(-40.75,13.5,51.75));
#3801=CARTESIAN_POINT('Origin',(-40.75,16.,49.25));
#3802=CARTESIAN_POINT('Origin',(-40.75,13.,49.25));
#3803=CARTESIAN_POINT('',(-40.75,13.,54.25));
#3804=CARTESIAN_POINT('Origin',(-22.875,13.5,51.75));
#3805=CARTESIAN_POINT('',(40.75,13.5,54.25));
#3806=CARTESIAN_POINT('',(-22.875,13.5,54.25));
#3807=CARTESIAN_POINT('',(40.75,16.,51.75));
#3808=CARTESIAN_POINT('Origin',(40.75,13.5,51.75));
#3809=CARTESIAN_POINT('',(-22.875,16.,51.75));
#3810=CARTESIAN_POINT('Origin',(-45.75,13.,54.25));
#3811=CARTESIAN_POINT('',(40.75,13.,54.25));
#3812=CARTESIAN_POINT('Ctrl Pts',(40.75,16.,-51.75));
#3813=CARTESIAN_POINT('Ctrl Pts',(43.25,16.,-51.75));
#3814=CARTESIAN_POINT('Ctrl Pts',(43.25,16.,-49.25));
#3815=CARTESIAN_POINT('Ctrl Pts',(40.75,16.,-54.25));
#3816=CARTESIAN_POINT('Ctrl Pts',(45.75,16.,-54.25));
#3817=CARTESIAN_POINT('Ctrl Pts',(45.75,16.,-49.25));
#3818=CARTESIAN_POINT('Ctrl Pts',(40.75,13.5,-54.25));
#3819=CARTESIAN_POINT('Ctrl Pts',(45.75,13.5,-54.25));
#3820=CARTESIAN_POINT('Ctrl Pts',(45.75,13.5,-49.25));
#3821=CARTESIAN_POINT('',(43.25,16.,-49.25));
#3822=CARTESIAN_POINT('',(45.75,13.5,-49.25));
#3823=CARTESIAN_POINT('Origin',(43.25,13.5,-49.25));
#3824=CARTESIAN_POINT('',(40.75,13.5,-54.25));
#3825=CARTESIAN_POINT('Origin',(40.75,13.5,-49.25));
#3826=CARTESIAN_POINT('',(40.75,16.,-51.75));
#3827=CARTESIAN_POINT('Origin',(40.75,13.5,-51.75));
#3828=CARTESIAN_POINT('Origin',(40.75,16.,-49.25));
#3829=CARTESIAN_POINT('Origin',(40.75,13.,-49.25));
#3830=CARTESIAN_POINT('',(40.75,13.,-54.25));
#3831=CARTESIAN_POINT('',(45.75,13.,-49.25));
#3832=CARTESIAN_POINT('Origin',(22.875,13.5,-51.75));
#3833=CARTESIAN_POINT('',(22.875,16.,-51.75));
#3834=CARTESIAN_POINT('',(22.875,13.5,-54.25));
#3835=CARTESIAN_POINT('Origin',(45.75,13.,-54.25));
#3836=CARTESIAN_POINT('Ctrl Pts',(43.25,16.,49.25));
#3837=CARTESIAN_POINT('Ctrl Pts',(43.25,16.,51.75));
#3838=CARTESIAN_POINT('Ctrl Pts',(40.75,16.,51.75));
#3839=CARTESIAN_POINT('Ctrl Pts',(45.75,16.,49.25));
#3840=CARTESIAN_POINT('Ctrl Pts',(45.75,16.,54.25));
#3841=CARTESIAN_POINT('Ctrl Pts',(40.75,16.,54.25));
#3842=CARTESIAN_POINT('Ctrl Pts',(45.75,13.5,49.25));
#3843=CARTESIAN_POINT('Ctrl Pts',(45.75,13.5,54.25));
#3844=CARTESIAN_POINT('Ctrl Pts',(40.75,13.5,54.25));
#3845=CARTESIAN_POINT('',(45.75,13.5,49.25));
#3846=CARTESIAN_POINT('Origin',(40.75,13.5,49.25));
#3847=CARTESIAN_POINT('',(43.25,16.,49.25));
#3848=CARTESIAN_POINT('Origin',(43.25,13.5,49.25));
#3849=CARTESIAN_POINT('Origin',(40.75,16.,49.25));
#3850=CARTESIAN_POINT('Origin',(40.75,13.,49.25));
#3851=CARTESIAN_POINT('',(45.75,13.,49.25));
#3852=CARTESIAN_POINT('Origin',(43.25,13.5,27.125));
#3853=CARTESIAN_POINT('',(43.25,16.,27.125));
#3854=CARTESIAN_POINT('',(45.75,13.5,27.125));
#3855=CARTESIAN_POINT('Origin',(0.,16.,8.88178419700125E-15));
#3856=CARTESIAN_POINT('',(-27.25,16.,17.85));
#3857=CARTESIAN_POINT('',(-27.25,16.,3.34999999999998));
#3858=CARTESIAN_POINT('',(-27.25,16.,16.1983284311303));
#3859=CARTESIAN_POINT('',(-12.75,16.,3.34999999999998));
#3860=CARTESIAN_POINT('',(-12.75,16.,3.34999999999998));
#3861=CARTESIAN_POINT('',(-12.75,16.,17.85));
#3862=CARTESIAN_POINT('',(-12.75,16.,17.85));
#3863=CARTESIAN_POINT('',(-27.25,16.,17.85));
#3864=CARTESIAN_POINT('',(6.65,16.,-19.7487191186425));
#3865=CARTESIAN_POINT('',(-27.25,16.,-19.7487191186425));
#3866=CARTESIAN_POINT('',(6.65,16.,-19.7487191186425));
#3867=CARTESIAN_POINT('',(-27.25,16.,-40.6157391321153));
#3868=CARTESIAN_POINT('',(-27.25,16.,-19.7487191186425));
#3869=CARTESIAN_POINT('',(6.65,16.,-40.6157391321153));
#3870=CARTESIAN_POINT('',(-27.25,16.,-40.6157391321153));
#3871=CARTESIAN_POINT('',(6.65,16.,-40.6157391321153));
#3872=CARTESIAN_POINT('',(26.05,16.,37.25));
#3873=CARTESIAN_POINT('',(11.55,16.,37.25));
#3874=CARTESIAN_POINT('',(-11.6625259680766,16.,37.25));
#3875=CARTESIAN_POINT('',(11.55,16.,22.75));
#3876=CARTESIAN_POINT('',(11.55,16.,37.25));
#3877=CARTESIAN_POINT('',(26.05,16.,22.75));
#3878=CARTESIAN_POINT('',(11.55,16.,22.75));
#3879=CARTESIAN_POINT('',(26.05,16.,18.8489379047397));
#3880=CARTESIAN_POINT('',(26.05,16.,17.85));
#3881=CARTESIAN_POINT('',(11.55,16.,17.85));
#3882=CARTESIAN_POINT('',(26.05,16.,17.85));
#3883=CARTESIAN_POINT('',(11.55,16.,3.34999999999998));
#3884=CARTESIAN_POINT('',(11.55,16.,17.85));
#3885=CARTESIAN_POINT('',(26.05,16.,3.34999999999998));
#3886=CARTESIAN_POINT('',(11.55,16.,3.34999999999998));
#3887=CARTESIAN_POINT('',(26.05,16.,3.34999999999998));
#3888=CARTESIAN_POINT('',(-27.25,16.,-16.05));
#3889=CARTESIAN_POINT('',(-12.75,16.,-16.05));
#3890=CARTESIAN_POINT('',(-27.25,16.,-16.05));
#3891=CARTESIAN_POINT('',(-12.75,16.,-1.55000000000002));
#3892=CARTESIAN_POINT('',(-12.75,16.,-16.05));
#3893=CARTESIAN_POINT('',(-27.25,16.,-1.55000000000002));
#3894=CARTESIAN_POINT('',(-12.75,16.,-1.55000000000002));
#3895=CARTESIAN_POINT('',(-27.25,16.,-1.55000000000002));
#3896=CARTESIAN_POINT('',(6.65,16.,-1.55000000000002));
#3897=CARTESIAN_POINT('',(-7.85,16.,-1.55000000000002));
#3898=CARTESIAN_POINT('',(6.65,16.,-1.55000000000002));
#3899=CARTESIAN_POINT('',(-7.85,16.,-16.05));
#3900=CARTESIAN_POINT('',(-7.85,16.,-1.55000000000002));
#3901=CARTESIAN_POINT('',(6.65,16.,-16.05));
#3902=CARTESIAN_POINT('',(-7.85,16.,-16.05));
#3903=CARTESIAN_POINT('',(6.65,16.,-16.05));
#3904=CARTESIAN_POINT('',(-42.2,16.,49.25));
#3905=CARTESIAN_POINT('Origin',(-40.75,16.,49.25));
#3906=CARTESIAN_POINT('',(-7.84999999999999,16.,22.75));
#3907=CARTESIAN_POINT('',(6.65000000000001,16.,22.75));
#3908=CARTESIAN_POINT('',(-7.84999999999999,16.,22.75));
#3909=CARTESIAN_POINT('',(6.65000000000001,16.,37.25));
#3910=CARTESIAN_POINT('',(6.65000000000001,16.,22.75));
#3911=CARTESIAN_POINT('',(-7.84999999999999,16.,37.25));
#3912=CARTESIAN_POINT('',(6.65000000000001,16.,37.25));
#3913=CARTESIAN_POINT('',(-7.84999999999999,16.,37.25));
#3914=CARTESIAN_POINT('',(26.05,16.,-1.55000000000002));
#3915=CARTESIAN_POINT('',(11.55,16.,-1.55000000000002));
#3916=CARTESIAN_POINT('',(26.05,16.,-1.55000000000002));
#3917=CARTESIAN_POINT('',(11.55,16.,-16.05));
#3918=CARTESIAN_POINT('',(11.55,16.,-1.55000000000002));
#3919=CARTESIAN_POINT('',(26.05,16.,-16.05));
#3920=CARTESIAN_POINT('',(11.55,16.,-16.05));
#3921=CARTESIAN_POINT('',(26.05,16.,-16.05));
#3922=CARTESIAN_POINT('',(-42.2,16.,-49.25));
#3923=CARTESIAN_POINT('Origin',(-40.75,16.,-49.25));
#3924=CARTESIAN_POINT('',(39.3,16.,49.25));
#3925=CARTESIAN_POINT('Origin',(40.75,16.,49.25));
#3926=CARTESIAN_POINT('',(-12.75,16.,22.75));
#3927=CARTESIAN_POINT('',(-12.75,16.,37.25));
#3928=CARTESIAN_POINT('',(-12.75,16.,37.25));
#3929=CARTESIAN_POINT('',(-27.25,16.,37.25));
#3930=CARTESIAN_POINT('',(-11.6625259680766,16.,37.25));
#3931=CARTESIAN_POINT('',(-27.25,16.,22.75));
#3932=CARTESIAN_POINT('',(-27.25,16.,16.1983284311303));
#3933=CARTESIAN_POINT('',(-12.75,16.,22.75));
#3934=CARTESIAN_POINT('',(6.65,16.,17.85));
#3935=CARTESIAN_POINT('',(-7.85,16.,17.85));
#3936=CARTESIAN_POINT('',(6.65,16.,17.85));
#3937=CARTESIAN_POINT('',(-7.85,16.,3.34999999999998));
#3938=CARTESIAN_POINT('',(-7.85,16.,17.85));
#3939=CARTESIAN_POINT('',(6.65,16.,3.34999999999998));
#3940=CARTESIAN_POINT('',(-7.85,16.,3.34999999999998));
#3941=CARTESIAN_POINT('',(6.65,16.,3.34999999999998));
#3942=CARTESIAN_POINT('',(39.3,16.,-49.25));
#3943=CARTESIAN_POINT('Origin',(40.75,16.,-49.25));
#3944=CARTESIAN_POINT('Origin',(-12.75,13.,17.85));
#3945=CARTESIAN_POINT('',(-27.25,13.,17.85));
#3946=CARTESIAN_POINT('',(-12.75,13.,17.85));
#3947=CARTESIAN_POINT('Origin',(-12.75,13.,3.34999999999998));
#3948=CARTESIAN_POINT('',(-12.75,13.,3.34999999999998));
#3949=CARTESIAN_POINT('Origin',(-27.25,13.,3.34999999999998));
#3950=CARTESIAN_POINT('',(-27.25,13.,3.34999999999998));
#3951=CARTESIAN_POINT('Origin',(-27.25,13.,17.85));
#3952=CARTESIAN_POINT('Origin',(6.65,13.,-40.6157391321153));
#3953=CARTESIAN_POINT('',(6.65,13.,-19.7487191186425));
#3954=CARTESIAN_POINT('',(6.65,13.,-40.6157391321153));
#3955=CARTESIAN_POINT('Origin',(-27.25,13.,-40.6157391321153));
#3956=CARTESIAN_POINT('',(-27.25,13.,-40.6157391321153));
#3957=CARTESIAN_POINT('Origin',(-27.25,13.,-19.7487191186425));
#3958=CARTESIAN_POINT('',(-27.25,13.,-19.7487191186425));
#3959=CARTESIAN_POINT('Origin',(6.65,13.,-19.7487191186425));
#3960=CARTESIAN_POINT('Origin',(26.05,13.,22.75));
#3961=CARTESIAN_POINT('',(26.05,13.,37.25));
#3962=CARTESIAN_POINT('',(26.05,13.,22.75));
#3963=CARTESIAN_POINT('Origin',(11.55,13.,22.75));
#3964=CARTESIAN_POINT('',(11.55,13.,22.75));
#3965=CARTESIAN_POINT('Origin',(11.55,13.,37.25));
#3966=CARTESIAN_POINT('',(11.55,13.,37.25));
#3967=CARTESIAN_POINT('Origin',(26.05,13.,37.25));
#3968=CARTESIAN_POINT('Origin',(26.05,13.,3.34999999999998));
#3969=CARTESIAN_POINT('',(26.05,13.,17.85));
#3970=CARTESIAN_POINT('',(26.05,13.,3.34999999999998));
#3971=CARTESIAN_POINT('Origin',(11.55,13.,3.34999999999998));
#3972=CARTESIAN_POINT('',(11.55,13.,3.34999999999998));
#3973=CARTESIAN_POINT('Origin',(11.55,13.,17.85));
#3974=CARTESIAN_POINT('',(11.55,13.,17.85));
#3975=CARTESIAN_POINT('Origin',(26.05,13.,17.85));
#3976=CARTESIAN_POINT('Origin',(-27.25,13.,-1.55000000000002));
#3977=CARTESIAN_POINT('',(-27.25,13.,-16.05));
#3978=CARTESIAN_POINT('',(-27.25,13.,-1.55000000000002));
#3979=CARTESIAN_POINT('Origin',(-12.75,13.,-1.55000000000002));
#3980=CARTESIAN_POINT('',(-12.75,13.,-1.55000000000002));
#3981=CARTESIAN_POINT('Origin',(-12.75,13.,-16.05));
#3982=CARTESIAN_POINT('',(-12.75,13.,-16.05));
#3983=CARTESIAN_POINT('Origin',(-27.25,13.,-16.05));
#3984=CARTESIAN_POINT('Origin',(6.65,13.,-16.05));
#3985=CARTESIAN_POINT('',(6.65,13.,-1.55000000000002));
#3986=CARTESIAN_POINT('',(6.65,13.,-16.05));
#3987=CARTESIAN_POINT('Origin',(-7.85,13.,-16.05));
#3988=CARTESIAN_POINT('',(-7.85,13.,-16.05));
#3989=CARTESIAN_POINT('Origin',(-7.85,13.,-1.55000000000002));
#3990=CARTESIAN_POINT('',(-7.85,13.,-1.55000000000002));
#3991=CARTESIAN_POINT('Origin',(6.65,13.,-1.55000000000002));
#3992=CARTESIAN_POINT('Origin',(-40.75,13.,49.25));
#3993=CARTESIAN_POINT('',(-42.2,13.,49.25));
#3994=CARTESIAN_POINT('Origin',(-7.84999999999999,13.,37.25));
#3995=CARTESIAN_POINT('',(-7.84999999999999,13.,22.75));
#3996=CARTESIAN_POINT('',(-7.84999999999999,13.,37.25));
#3997=CARTESIAN_POINT('Origin',(6.65000000000001,13.,37.25));
#3998=CARTESIAN_POINT('',(6.65000000000001,13.,37.25));
#3999=CARTESIAN_POINT('Origin',(6.65000000000001,13.,22.75));
#4000=CARTESIAN_POINT('',(6.65000000000001,13.,22.75));
#4001=CARTESIAN_POINT('Origin',(-7.84999999999999,13.,22.75));
#4002=CARTESIAN_POINT('Origin',(26.05,13.,-16.05));
#4003=CARTESIAN_POINT('',(26.05,13.,-1.55000000000002));
#4004=CARTESIAN_POINT('',(26.05,13.,-16.05));
#4005=CARTESIAN_POINT('Origin',(11.55,13.,-16.05));
#4006=CARTESIAN_POINT('',(11.55,13.,-16.05));
#4007=CARTESIAN_POINT('Origin',(11.55,13.,-1.55000000000002));
#4008=CARTESIAN_POINT('',(11.55,13.,-1.55000000000002));
#4009=CARTESIAN_POINT('Origin',(26.05,13.,-1.55000000000002));
#4010=CARTESIAN_POINT('Origin',(-40.75,13.,-49.25));
#4011=CARTESIAN_POINT('',(-42.2,13.,-49.25));
#4012=CARTESIAN_POINT('Origin',(40.75,13.,49.25));
#4013=CARTESIAN_POINT('',(39.3,13.,49.25));
#4014=CARTESIAN_POINT('Origin',(-27.25,13.,22.75));
#4015=CARTESIAN_POINT('',(-12.75,13.,22.75));
#4016=CARTESIAN_POINT('',(-27.25,13.,22.75));
#4017=CARTESIAN_POINT('Origin',(-27.25,13.,37.25));
#4018=CARTESIAN_POINT('',(-27.25,13.,37.25));
#4019=CARTESIAN_POINT('Origin',(-12.75,13.,37.25));
#4020=CARTESIAN_POINT('',(-12.75,13.,37.25));
#4021=CARTESIAN_POINT('Origin',(-12.75,13.,22.75));
#4022=CARTESIAN_POINT('Origin',(6.65,13.,3.34999999999998));
#4023=CARTESIAN_POINT('',(6.65,13.,17.85));
#4024=CARTESIAN_POINT('',(6.65,13.,3.34999999999998));
#4025=CARTESIAN_POINT('Origin',(-7.85,13.,3.34999999999998));
#4026=CARTESIAN_POINT('',(-7.85,13.,3.34999999999998));
#4027=CARTESIAN_POINT('Origin',(-7.85,13.,17.85));
#4028=CARTESIAN_POINT('',(-7.85,13.,17.85));
#4029=CARTESIAN_POINT('Origin',(6.65,13.,17.85));
#4030=CARTESIAN_POINT('Origin',(40.75,13.,-49.25));
#4031=CARTESIAN_POINT('',(39.3,13.,-49.25));
#4032=CARTESIAN_POINT('Origin',(45.75,13.,54.25));
#4033=CARTESIAN_POINT('Origin',(21.6750949112033,16.,-28.3990522975773));
#4034=CARTESIAN_POINT('',(21.6750949112033,16.,-28.3990522975773));
#4035=CARTESIAN_POINT('',(22.3370429698509,16.,-29.1933899679544));
#4036=CARTESIAN_POINT('',(21.6750949112033,16.,-28.3990522975773));
#4037=CARTESIAN_POINT('',(22.3370429698509,16.5,-29.1933899679544));
#4038=CARTESIAN_POINT('',(22.3370429698509,16.,-29.1933899679544));
#4039=CARTESIAN_POINT('',(21.6750949112033,16.5,-28.3990522975773));
#4040=CARTESIAN_POINT('',(21.6750949112033,16.5,-28.3990522975773));
#4041=CARTESIAN_POINT('',(21.6750949112033,16.,-28.3990522975773));
#4042=CARTESIAN_POINT('Origin',(21.476510493609,16.,-28.5945766128702));
#4043=CARTESIAN_POINT('',(21.476510493609,16.,-28.5945766128702));
#4044=CARTESIAN_POINT('',(21.6750949112033,16.,-28.3990522975773));
#4045=CARTESIAN_POINT('',(21.476510493609,16.5,-28.5945766128702));
#4046=CARTESIAN_POINT('',(21.6750949112033,16.5,-28.3990522975773));
#4047=CARTESIAN_POINT('',(21.476510493609,16.,-28.5945766128702));
#4048=CARTESIAN_POINT('Origin',(21.476510493609,16.,-30.2304419265022));
#4049=CARTESIAN_POINT('',(21.476510493609,16.,-30.2304419265022));
#4050=CARTESIAN_POINT('',(21.476510493609,16.,-30.2304419265022));
#4051=CARTESIAN_POINT('',(21.476510493609,16.5,-30.2304419265022));
#4052=CARTESIAN_POINT('',(21.476510493609,16.5,-30.2304419265022));
#4053=CARTESIAN_POINT('',(21.476510493609,16.,-30.2304419265022));
#4054=CARTESIAN_POINT('Origin',(22.3498850384543,16.,-29.7891432207372));
#4055=CARTESIAN_POINT('',(22.3498850384543,16.,-29.7891432207372));
#4056=CARTESIAN_POINT('',(22.3498850384543,16.,-29.7891432207372));
#4057=CARTESIAN_POINT('',(22.3498850384543,16.5,-29.7891432207372));
#4058=CARTESIAN_POINT('',(22.3498850384543,16.5,-29.7891432207372));
#4059=CARTESIAN_POINT('',(22.3498850384543,16.,-29.7891432207372));
#4060=CARTESIAN_POINT('Origin',(22.3498850384543,16.,-30.9962806173992));
#4061=CARTESIAN_POINT('',(22.3498850384543,16.,-30.9962806173992));
#4062=CARTESIAN_POINT('',(22.3498850384543,16.,-30.9962806173992));
#4063=CARTESIAN_POINT('',(22.3498850384543,16.5,-30.9962806173992));
#4064=CARTESIAN_POINT('',(22.3498850384543,16.5,-30.9962806173992));
#4065=CARTESIAN_POINT('',(22.3498850384543,16.,-30.9962806173992));
#4066=CARTESIAN_POINT('Origin',(23.0872507696515,16.,-30.2304419265022));
#4067=CARTESIAN_POINT('',(23.0872507696515,16.,-30.2304419265022));
#4068=CARTESIAN_POINT('',(23.0872507696515,16.,-30.2304419265022));
#4069=CARTESIAN_POINT('',(23.0872507696515,16.5,-30.2304419265022));
#4070=CARTESIAN_POINT('',(23.0872507696515,16.5,-30.2304419265022));
#4071=CARTESIAN_POINT('',(23.0872507696515,16.,-30.2304419265022));
#4072=CARTESIAN_POINT('Origin',(23.3740949283988,16.,-31.4660783026444));
#4073=CARTESIAN_POINT('',(23.3740949283988,16.,-31.4660783026444));
#4074=CARTESIAN_POINT('',(23.3740949283988,16.,-31.4660783026444));
#4075=CARTESIAN_POINT('',(23.3740949283988,16.5,-31.4660783026444));
#4076=CARTESIAN_POINT('',(23.3740949283988,16.5,-31.4660783026444));
#4077=CARTESIAN_POINT('',(23.3740949283988,16.,-31.4660783026444));
#4078=CARTESIAN_POINT('Origin',(24.2787572752171,16.,-30.526482932154));
#4079=CARTESIAN_POINT('',(24.2787572752171,16.,-30.526482932154));
#4080=CARTESIAN_POINT('',(24.2787572752171,16.,-30.526482932154));
#4081=CARTESIAN_POINT('',(24.2787572752171,16.5,-30.526482932154));
#4082=CARTESIAN_POINT('',(24.2787572752171,16.5,-30.526482932154));
#4083=CARTESIAN_POINT('',(24.2787572752171,16.,-30.526482932154));
#4084=CARTESIAN_POINT('Origin',(24.7862507868469,16.,-31.4660783026444));
#4085=CARTESIAN_POINT('',(24.7862507868469,16.,-31.4660783026444));
#4086=CARTESIAN_POINT('',(24.7862507868469,16.,-31.4660783026444));
#4087=CARTESIAN_POINT('',(24.7862507868469,16.5,-31.4660783026444));
#4088=CARTESIAN_POINT('',(24.7862507868469,16.5,-31.4660783026444));
#4089=CARTESIAN_POINT('',(24.7862507868469,16.,-31.4660783026444));
#4090=CARTESIAN_POINT('Origin',(25.3599391043415,16.,-30.526482932154));
#4091=CARTESIAN_POINT('',(25.3599391043415,16.,-30.526482932154));
#4092=CARTESIAN_POINT('',(25.3599391043415,16.,-30.526482932154));
#4093=CARTESIAN_POINT('',(25.3599391043415,16.5,-30.526482932154));
#4094=CARTESIAN_POINT('',(25.3599391043415,16.5,-30.526482932154));
#4095=CARTESIAN_POINT('',(25.3599391043415,16.,-30.526482932154));
#4096=CARTESIAN_POINT('Origin',(25.8674326159713,16.,-31.4660783026444));
#4097=CARTESIAN_POINT('',(25.8674326159713,16.,-31.4660783026444));
#4098=CARTESIAN_POINT('',(25.8674326159713,16.,-31.4660783026444));
#4099=CARTESIAN_POINT('',(25.8674326159713,16.5,-31.4660783026444));
#4100=CARTESIAN_POINT('',(25.8674326159713,16.5,-31.4660783026444));
#4101=CARTESIAN_POINT('',(25.8674326159713,16.,-31.4660783026444));
#4102=CARTESIAN_POINT('Origin',(26.1511305953353,16.,-30.526482932154));
#4103=CARTESIAN_POINT('',(26.1511305953353,16.,-30.526482932154));
#4104=CARTESIAN_POINT('',(26.1511305953353,16.,-30.526482932154));
#4105=CARTESIAN_POINT('',(26.1511305953353,16.5,-30.526482932154));
#4106=CARTESIAN_POINT('',(26.1511305953353,16.5,-30.526482932154));
#4107=CARTESIAN_POINT('',(26.1511305953353,16.,-30.526482932154));
#4108=CARTESIAN_POINT('Origin',(26.9840049277827,16.,-31.1981557809019));
#4109=CARTESIAN_POINT('',(26.9840049277827,16.,-31.1981557809019));
#4110=CARTESIAN_POINT('',(26.9840049277827,16.,-31.1981557809019));
#4111=CARTESIAN_POINT('',(26.9840049277827,16.5,-31.1981557809019));
#4112=CARTESIAN_POINT('',(26.9840049277827,16.5,-31.1981557809019));
#4113=CARTESIAN_POINT('',(26.9840049277827,16.,-31.1981557809019));
#4114=CARTESIAN_POINT('Origin',(27.0726193814156,16.,-30.3297341352994));
#4115=CARTESIAN_POINT('',(27.0726193814156,16.,-30.3297341352994));
#4116=CARTESIAN_POINT('',(27.0726193814156,16.,-30.3297341352994));
#4117=CARTESIAN_POINT('',(27.0726193814156,16.5,-30.3297341352994));
#4118=CARTESIAN_POINT('',(27.0726193814156,16.5,-30.3297341352994));
#4119=CARTESIAN_POINT('',(27.0726193814156,16.,-30.3297341352994));
#4120=CARTESIAN_POINT('Origin',(27.7429521154728,16.,-30.8703250498615));
#4121=CARTESIAN_POINT('',(27.7429521154728,16.,-30.8703250498615));
#4122=CARTESIAN_POINT('',(27.7429521154728,16.,-30.8703250498615));
#4123=CARTESIAN_POINT('',(27.7429521154728,16.5,-30.8703250498615));
#4124=CARTESIAN_POINT('',(27.7429521154728,16.5,-30.8703250498615));
#4125=CARTESIAN_POINT('',(27.7429521154728,16.,-30.8703250498615));
#4126=CARTESIAN_POINT('Origin',(27.853276791914,16.,-29.7891432207372));
#4127=CARTESIAN_POINT('',(27.853276791914,16.,-29.7891432207372));
#4128=CARTESIAN_POINT('',(27.853276791914,16.,-29.7891432207372));
#4129=CARTESIAN_POINT('',(27.853276791914,16.5,-29.7891432207372));
#4130=CARTESIAN_POINT('',(27.853276791914,16.5,-29.7891432207372));
#4131=CARTESIAN_POINT('',(27.853276791914,16.,-29.7891432207372));
#4132=CARTESIAN_POINT('Origin',(28.5372897858499,16.,-30.3407666029435));
#4133=CARTESIAN_POINT('',(28.5372897858499,16.,-30.3407666029435));
#4134=CARTESIAN_POINT('',(28.5372897858499,16.,-30.3407666029435));
#4135=CARTESIAN_POINT('',(28.5372897858499,16.5,-30.3407666029435));
#4136=CARTESIAN_POINT('',(28.5372897858499,16.5,-30.3407666029435));
#4137=CARTESIAN_POINT('',(28.5372897858499,16.,-30.3407666029435));
#4138=CARTESIAN_POINT('Origin',(28.3607703035438,16.,-29.2375198385309));
#4139=CARTESIAN_POINT('',(28.3607703035438,16.,-29.2375198385309));
#4140=CARTESIAN_POINT('',(28.3607703035438,16.,-29.2375198385309));
#4141=CARTESIAN_POINT('',(28.3607703035438,16.5,-29.2375198385309));
#4142=CARTESIAN_POINT('',(28.3607703035438,16.5,-29.2375198385309));
#4143=CARTESIAN_POINT('',(28.3607703035438,16.,-29.2375198385309));
#4144=CARTESIAN_POINT('Origin',(28.8682638151736,16.,-29.3478445149721));
#4145=CARTESIAN_POINT('',(28.8682638151736,16.,-29.3478445149721));
#4146=CARTESIAN_POINT('',(28.8682638151736,16.,-29.3478445149721));
#4147=CARTESIAN_POINT('',(28.8682638151736,16.5,-29.3478445149721));
#4148=CARTESIAN_POINT('',(28.8682638151736,16.5,-29.3478445149721));
#4149=CARTESIAN_POINT('',(28.8682638151736,16.,-29.3478445149721));
#4150=CARTESIAN_POINT('Origin',(28.2063157565261,16.,-28.3856068912827));
#4151=CARTESIAN_POINT('',(28.2063157565261,16.,-28.3856068912827));
#4152=CARTESIAN_POINT('',(28.2063157565261,16.,-28.3856068912827));
#4153=CARTESIAN_POINT('',(28.2063157565261,16.5,-28.3856068912827));
#4154=CARTESIAN_POINT('',(28.2063157565261,16.5,-28.3856068912827));
#4155=CARTESIAN_POINT('',(28.2063157565261,16.,-28.3856068912827));
#4156=CARTESIAN_POINT('Origin',(28.2063157565261,16.,-28.9065458092071));
#4157=CARTESIAN_POINT('',(28.2063157565261,16.,-28.9065458092071));
#4158=CARTESIAN_POINT('',(28.2063157565261,16.,-28.9065458092071));
#4159=CARTESIAN_POINT('',(28.2063157565261,16.5,-28.9065458092071));
#4160=CARTESIAN_POINT('',(28.2063157565261,16.5,-28.9065458092071));
#4161=CARTESIAN_POINT('',(28.2063157565261,16.,-28.9065458092071));
#4162=CARTESIAN_POINT('Origin',(27.676757309608,16.,-28.3856068912827));
#4163=CARTESIAN_POINT('',(27.676757309608,16.,-28.3856068912827));
#4164=CARTESIAN_POINT('',(27.676757309608,16.,-28.3856068912827));
#4165=CARTESIAN_POINT('',(27.676757309608,16.5,-28.3856068912827));
#4166=CARTESIAN_POINT('',(27.676757309608,16.5,-28.3856068912827));
#4167=CARTESIAN_POINT('',(27.676757309608,16.,-28.3856068912827));
#4168=CARTESIAN_POINT('Origin',(27.411978086149,16.,-29.1271951620896));
#4169=CARTESIAN_POINT('',(27.411978086149,16.,-29.1271951620896));
#4170=CARTESIAN_POINT('',(27.411978086149,16.,-29.1271951620896));
#4171=CARTESIAN_POINT('',(27.411978086149,16.5,-29.1271951620896));
#4172=CARTESIAN_POINT('',(27.411978086149,16.5,-29.1271951620896));
#4173=CARTESIAN_POINT('',(27.411978086149,16.,-29.1271951620896));
#4174=CARTESIAN_POINT('Origin',(26.8382897686544,16.,-28.3856068912827));
#4175=CARTESIAN_POINT('',(26.8382897686544,16.,-28.3856068912827));
#4176=CARTESIAN_POINT('',(26.8382897686544,16.,-28.3856068912827));
#4177=CARTESIAN_POINT('',(26.8382897686544,16.5,-28.3856068912827));
#4178=CARTESIAN_POINT('',(26.8382897686544,16.5,-28.3856068912827));
#4179=CARTESIAN_POINT('',(26.8382897686544,16.,-28.3856068912827));
#4180=CARTESIAN_POINT('Origin',(26.7024658085081,16.,-29.1271951620896));
#4181=CARTESIAN_POINT('',(26.7024658085081,16.,-29.1271951620896));
#4182=CARTESIAN_POINT('',(26.7024658085081,16.,-29.1271951620896));
#4183=CARTESIAN_POINT('',(26.7024658085081,16.5,-29.1271951620896));
#4184=CARTESIAN_POINT('',(26.7024658085081,16.5,-29.1271951620896));
#4185=CARTESIAN_POINT('',(26.7024658085081,16.,-29.1271951620896));
#4186=CARTESIAN_POINT('Origin',(26.4362546343722,16.,-28.3856068912827));
#4187=CARTESIAN_POINT('',(26.4362546343722,16.,-28.3856068912827));
#4188=CARTESIAN_POINT('',(26.4362546343722,16.,-28.3856068912827));
#4189=CARTESIAN_POINT('',(26.4362546343722,16.5,-28.3856068912827));
#4190=CARTESIAN_POINT('',(26.4362546343722,16.5,-28.3856068912827));
#4191=CARTESIAN_POINT('',(26.4362546343722,16.,-28.3856068912827));
#4192=CARTESIAN_POINT('Origin',(26.0660170335656,16.,-29.1271951620896));
#4193=CARTESIAN_POINT('',(26.0660170335656,16.,-29.1271951620896));
#4194=CARTESIAN_POINT('',(26.0660170335656,16.,-29.1271951620896));
#4195=CARTESIAN_POINT('',(26.0660170335656,16.5,-29.1271951620896));
#4196=CARTESIAN_POINT('',(26.0660170335656,16.5,-29.1271951620896));
#4197=CARTESIAN_POINT('',(26.0660170335656,16.,-29.1271951620896));
#4198=CARTESIAN_POINT('Origin',(25.75710793953,16.,-28.2666626858477));
#4199=CARTESIAN_POINT('',(25.75710793953,16.,-28.2666626858477));
#4200=CARTESIAN_POINT('',(25.75710793953,16.,-28.2666626858477));
#4201=CARTESIAN_POINT('',(25.75710793953,16.5,-28.2666626858477));
#4202=CARTESIAN_POINT('',(25.75710793953,16.5,-28.2666626858477));
#4203=CARTESIAN_POINT('',(25.75710793953,16.,-28.2666626858477));
#4204=CARTESIAN_POINT('Origin',(25.3862913140757,16.,-29.0094107467092));
#4205=CARTESIAN_POINT('',(25.3862913140757,16.,-29.0094107467092));
#4206=CARTESIAN_POINT('',(25.3862913140757,16.,-29.0094107467092));
#4207=CARTESIAN_POINT('',(25.3862913140757,16.5,-29.0094107467092));
#4208=CARTESIAN_POINT('',(25.3862913140757,16.5,-29.0094107467092));
#4209=CARTESIAN_POINT('',(25.3862913140757,16.,-29.0094107467092));
#4210=CARTESIAN_POINT('Origin',(25.0111874141754,16.,-28.2666626858477));
#4211=CARTESIAN_POINT('',(25.0111874141754,16.,-28.2666626858477));
#4212=CARTESIAN_POINT('',(25.0111874141754,16.,-28.2666626858477));
#4213=CARTESIAN_POINT('',(25.0111874141754,16.5,-28.2666626858477));
#4214=CARTESIAN_POINT('',(25.0111874141754,16.5,-28.2666626858477));
#4215=CARTESIAN_POINT('',(25.0111874141754,16.,-28.2666626858477));
#4216=CARTESIAN_POINT('Origin',(24.7862507868469,16.,-29.0094107467092));
#4217=CARTESIAN_POINT('',(24.7862507868469,16.,-29.0094107467092));
#4218=CARTESIAN_POINT('',(24.7862507868469,16.,-29.0094107467092));
#4219=CARTESIAN_POINT('',(24.7862507868469,16.5,-29.0094107467092));
#4220=CARTESIAN_POINT('',(24.7862507868469,16.5,-29.0094107467092));
#4221=CARTESIAN_POINT('',(24.7862507868469,16.,-29.0094107467092));
#4222=CARTESIAN_POINT('Origin',(24.4111468869466,16.,-28.2666626858477));
#4223=CARTESIAN_POINT('',(24.4111468869466,16.,-28.2666626858477));
#4224=CARTESIAN_POINT('',(24.4111468869466,16.,-28.2666626858477));
#4225=CARTESIAN_POINT('',(24.4111468869466,16.5,-28.2666626858477));
#4226=CARTESIAN_POINT('',(24.4111468869466,16.5,-28.2666626858477));
#4227=CARTESIAN_POINT('',(24.4111468869466,16.,-28.2666626858477));
#4228=CARTESIAN_POINT('Origin',(24.1862102596182,16.,-29.0094107467092));
#4229=CARTESIAN_POINT('',(24.1862102596182,16.,-29.0094107467092));
#4230=CARTESIAN_POINT('',(24.1862102596182,16.,-29.0094107467092));
#4231=CARTESIAN_POINT('',(24.1862102596182,16.5,-29.0094107467092));
#4232=CARTESIAN_POINT('',(24.1862102596182,16.5,-29.0094107467092));
#4233=CARTESIAN_POINT('',(24.1862102596182,16.,-29.0094107467092));
#4234=CARTESIAN_POINT('Origin',(23.6775782186749,16.,-28.3990522975773));
#4235=CARTESIAN_POINT('',(23.6775782186749,16.,-28.3990522975773));
#4236=CARTESIAN_POINT('',(23.6775782186749,16.,-28.3990522975773));
#4237=CARTESIAN_POINT('',(23.6775782186749,16.5,-28.3990522975773));
#4238=CARTESIAN_POINT('',(23.6775782186749,16.5,-28.3990522975773));
#4239=CARTESIAN_POINT('',(23.6775782186749,16.,-28.3990522975773));
#4240=CARTESIAN_POINT('Origin',(23.6775782186749,16.,-29.1868790034431));
#4241=CARTESIAN_POINT('',(23.6775782186749,16.,-29.1868790034431));
#4242=CARTESIAN_POINT('',(23.6775782186749,16.,-29.1868790034431));
#4243=CARTESIAN_POINT('',(23.6775782186749,16.5,-29.1868790034431));
#4244=CARTESIAN_POINT('',(23.6775782186749,16.5,-29.1868790034431));
#4245=CARTESIAN_POINT('',(23.6775782186749,16.,-29.1868790034431));
#4246=CARTESIAN_POINT('Origin',(23.0210559637867,16.,-28.3990522975773));
#4247=CARTESIAN_POINT('',(23.0210559637867,16.,-28.3990522975773));
#4248=CARTESIAN_POINT('',(23.0210559637867,16.,-28.3990522975773));
#4249=CARTESIAN_POINT('',(23.0210559637867,16.5,-28.3990522975773));
#4250=CARTESIAN_POINT('',(23.0210559637867,16.5,-28.3990522975773));
#4251=CARTESIAN_POINT('',(23.0210559637867,16.,-28.3990522975773));
#4252=CARTESIAN_POINT('Origin',(22.859728732007,16.,-29.0262752121646));
#4253=CARTESIAN_POINT('',(22.859728732007,16.,-29.0262752121646));
#4254=CARTESIAN_POINT('',(22.859728732007,16.,-29.0262752121646));
#4255=CARTESIAN_POINT('',(22.859728732007,16.5,-29.0262752121646));
#4256=CARTESIAN_POINT('',(22.859728732007,16.5,-29.0262752121646));
#4257=CARTESIAN_POINT('',(22.859728732007,16.,-29.0262752121646));
#4258=CARTESIAN_POINT('Origin',(22.3370429698509,16.,-28.3990522975773));
#4259=CARTESIAN_POINT('',(22.3370429698509,16.,-28.3990522975773));
#4260=CARTESIAN_POINT('',(22.3370429698509,16.,-28.3990522975773));
#4261=CARTESIAN_POINT('',(22.3370429698509,16.5,-28.3990522975773));
#4262=CARTESIAN_POINT('',(22.3370429698509,16.5,-28.3990522975773));
#4263=CARTESIAN_POINT('',(22.3370429698509,16.,-28.3990522975773));
#4264=CARTESIAN_POINT('Origin',(22.3370429698509,16.,-29.1933899679544));
#4265=CARTESIAN_POINT('',(22.3370429698509,16.,-29.1933899679544));
#4266=CARTESIAN_POINT('',(22.3370429698509,16.5,-29.1933899679544));
#4267=CARTESIAN_POINT('Origin',(25.1723871543913,16.5,-29.8663704942461));
#4268=CARTESIAN_POINT('Origin',(25.1723871543913,16.,-29.8663704942461));
#4269=CARTESIAN_POINT('Origin',(20.3741107031716,16.,-33.0945766799254));
#4270=CARTESIAN_POINT('',(20.3741107031716,16.5,-32.8892010282276));
#4271=CARTESIAN_POINT('Origin',(20.3741107031716,16.5,-33.0945766799254));
#4272=CARTESIAN_POINT('',(20.3741107031716,16.,-32.8892010282276));
#4273=CARTESIAN_POINT('',(20.3741107031716,16.,-32.8892010282276));
#4274=CARTESIAN_POINT('Origin',(20.3741107031716,16.,-33.0945766799254));
#4275=CARTESIAN_POINT('Origin',(20.3741107031716,16.5,-33.0945766799254));
#4276=CARTESIAN_POINT('Origin',(20.3741107031716,16.,-33.0945766799254));
#4277=CARTESIAN_POINT('Ctrl Pts',(20.3741107031716,16.,-28.5945766128702));
#4278=CARTESIAN_POINT('Ctrl Pts',(20.3741107031716,16.5,-28.5945766128702));
#4279=CARTESIAN_POINT('Ctrl Pts',(20.3679139245866,16.,-28.6611281135208));
#4280=CARTESIAN_POINT('Ctrl Pts',(20.3679139245866,16.5,-28.6611281135208));
#4281=CARTESIAN_POINT('Ctrl Pts',(20.3587795460532,16.,-28.7968273525382));
#4282=CARTESIAN_POINT('Ctrl Pts',(20.3587795460532,16.5,-28.7968273525382));
#4283=CARTESIAN_POINT('Ctrl Pts',(20.3533409635868,16.,-29.0065626843414));
#4284=CARTESIAN_POINT('Ctrl Pts',(20.3533409635868,16.5,-29.0065626843414));
#4285=CARTESIAN_POINT('Ctrl Pts',(20.360216452319,16.,-29.293288122515));
#4286=CARTESIAN_POINT('Ctrl Pts',(20.360216452319,16.5,-29.293288122515));
#4287=CARTESIAN_POINT('Ctrl Pts',(20.3988892483629,16.,-29.6545795993816));
#4288=CARTESIAN_POINT('Ctrl Pts',(20.3988892483629,16.5,-29.6545795993816));
#4289=CARTESIAN_POINT('Ctrl Pts',(20.4808512477264,16.,-30.0128964908104));
#4290=CARTESIAN_POINT('Ctrl Pts',(20.4808512477264,16.5,-30.0128964908104));
#4291=CARTESIAN_POINT('Ctrl Pts',(20.6203218989026,16.,-30.3641990683865));
#4292=CARTESIAN_POINT('Ctrl Pts',(20.6203218989026,16.5,-30.3641990683865));
#4293=CARTESIAN_POINT('Ctrl Pts',(20.8264733967205,16.,-30.7049728942645));
#4294=CARTESIAN_POINT('Ctrl Pts',(20.8264733967205,16.5,-30.7049728942645));
#4295=CARTESIAN_POINT('Ctrl Pts',(21.0984489167596,16.,-31.0311049542437));
#4296=CARTESIAN_POINT('Ctrl Pts',(21.0984489167596,16.5,-31.0311049542437));
#4297=CARTESIAN_POINT('Ctrl Pts',(21.4287012850716,16.,-31.3380329754827));
#4298=CARTESIAN_POINT('Ctrl Pts',(21.4287012850716,16.5,-31.3380329754827));
#4299=CARTESIAN_POINT('Ctrl Pts',(21.8054760812086,16.,-31.6207780234477));
#4300=CARTESIAN_POINT('Ctrl Pts',(21.8054760812086,16.5,-31.6207780234477));
#4301=CARTESIAN_POINT('Ctrl Pts',(22.2156971692739,16.,-31.874008092179));
#4302=CARTESIAN_POINT('Ctrl Pts',(22.2156971692739,16.5,-31.874008092179));
#4303=CARTESIAN_POINT('Ctrl Pts',(22.6474837241658,16.,-32.0921182204244));
#4304=CARTESIAN_POINT('Ctrl Pts',(22.6474837241658,16.5,-32.0921182204244));
#4305=CARTESIAN_POINT('Ctrl Pts',(23.0932906445611,16.,-32.2692306171824));
#4306=CARTESIAN_POINT('Ctrl Pts',(23.0932906445611,16.5,-32.2692306171824));
#4307=CARTESIAN_POINT('Ctrl Pts',(23.5512583295192,16.,-32.3994683342903));
#4308=CARTESIAN_POINT('Ctrl Pts',(23.5512583295192,16.5,-32.3994683342903));
#4309=CARTESIAN_POINT('Ctrl Pts',(24.0225860844466,16.,-32.4778561495915));
#4310=CARTESIAN_POINT('Ctrl Pts',(24.0225860844466,16.5,-32.4778561495915));
#4311=CARTESIAN_POINT('Ctrl Pts',(24.5097122746055,16.,-32.5010958953074));
#4312=CARTESIAN_POINT('Ctrl Pts',(24.5097122746055,16.5,-32.5010958953074));
#4313=CARTESIAN_POINT('Ctrl Pts',(25.0141754378171,16.,-32.4683958190803));
#4314=CARTESIAN_POINT('Ctrl Pts',(25.0141754378171,16.5,-32.4683958190803));
#4315=CARTESIAN_POINT('Ctrl Pts',(25.5346131470847,16.,-32.3822807078898));
#4316=CARTESIAN_POINT('Ctrl Pts',(25.5346131470847,16.5,-32.3822807078898));
#4317=CARTESIAN_POINT('Ctrl Pts',(26.0646917874786,16.,-32.2494199728239));
#4318=CARTESIAN_POINT('Ctrl Pts',(26.0646917874786,16.5,-32.2494199728239));
#4319=CARTESIAN_POINT('Ctrl Pts',(26.5910699437429,16.,-32.0814490620008));
#4320=CARTESIAN_POINT('Ctrl Pts',(26.5910699437429,16.5,-32.0814490620008));
#4321=CARTESIAN_POINT('Ctrl Pts',(27.0964779866055,16.,-31.8927161944123));
#4322=CARTESIAN_POINT('Ctrl Pts',(27.0964779866055,16.5,-31.8927161944123));
#4323=CARTESIAN_POINT('Ctrl Pts',(27.5628508984918,16.,-31.6980018872162));
#4324=CARTESIAN_POINT('Ctrl Pts',(27.5628508984918,16.5,-31.6980018872162));
#4325=CARTESIAN_POINT('Ctrl Pts',(27.9743242182535,16.,-31.5103157422533));
#4326=CARTESIAN_POINT('Ctrl Pts',(27.9743242182535,16.5,-31.5103157422533));
#4327=CARTESIAN_POINT('Ctrl Pts',(28.3205488607664,16.,-31.3385118189763));
#4328=CARTESIAN_POINT('Ctrl Pts',(28.3205488607664,16.5,-31.3385118189763));
#4329=CARTESIAN_POINT('Ctrl Pts',(28.5992756191305,16.,-31.1853180175949));
#4330=CARTESIAN_POINT('Ctrl Pts',(28.5992756191305,16.5,-31.1853180175949));
#4331=CARTESIAN_POINT('Ctrl Pts',(28.820801522413,16.,-31.0443060103356));
#4332=CARTESIAN_POINT('Ctrl Pts',(28.820801522413,16.5,-31.0443060103356));
#4333=CARTESIAN_POINT('Ctrl Pts',(29.0035576424963,16.,-30.9018551277008));
#4334=CARTESIAN_POINT('Ctrl Pts',(29.0035576424963,16.5,-30.9018551277008));
#4335=CARTESIAN_POINT('Ctrl Pts',(29.1651488804843,16.,-30.7415830139867));
#4336=CARTESIAN_POINT('Ctrl Pts',(29.1651488804843,16.5,-30.7415830139867));
#4337=CARTESIAN_POINT('Ctrl Pts',(29.3152285911407,16.,-30.5479280033596));
#4338=CARTESIAN_POINT('Ctrl Pts',(29.3152285911407,16.5,-30.5479280033596));
#4339=CARTESIAN_POINT('Ctrl Pts',(29.4465726787258,16.,-30.3102439487855));
#4340=CARTESIAN_POINT('Ctrl Pts',(29.4465726787258,16.5,-30.3102439487855));
#4341=CARTESIAN_POINT('Ctrl Pts',(29.5427003103662,16.,-30.0246594638038));
#4342=CARTESIAN_POINT('Ctrl Pts',(29.5427003103662,16.5,-30.0246594638038));
#4343=CARTESIAN_POINT('Ctrl Pts',(29.5873494071564,16.,-29.6959857766627));
#4344=CARTESIAN_POINT('Ctrl Pts',(29.5873494071564,16.5,-29.6959857766627));
#4345=CARTESIAN_POINT('Ctrl Pts',(29.5726002015227,16.,-29.339259420844));
#4346=CARTESIAN_POINT('Ctrl Pts',(29.5726002015227,16.5,-29.339259420844));
#4347=CARTESIAN_POINT('Ctrl Pts',(29.5093665109818,16.,-28.9823901401857));
#4348=CARTESIAN_POINT('Ctrl Pts',(29.5093665109818,16.5,-28.9823901401857));
#4349=CARTESIAN_POINT('Ctrl Pts',(29.4188787995345,16.,-28.6587471208213));
#4350=CARTESIAN_POINT('Ctrl Pts',(29.4188787995345,16.5,-28.6587471208213));
#4351=CARTESIAN_POINT('Ctrl Pts',(29.3198814769931,16.,-28.3972411023313));
#4352=CARTESIAN_POINT('Ctrl Pts',(29.3198814769931,16.5,-28.3972411023313));
#4353=CARTESIAN_POINT('Ctrl Pts',(29.2191943664268,16.,-28.2146328893498));
#4354=CARTESIAN_POINT('Ctrl Pts',(29.2191943664268,16.5,-28.2146328893498));
#4355=CARTESIAN_POINT('Ctrl Pts',(29.0964065041161,16.,-28.1036689055259));
#4356=CARTESIAN_POINT('Ctrl Pts',(29.0964065041161,16.5,-28.1036689055259));
#4357=CARTESIAN_POINT('Ctrl Pts',(28.9078354307164,16.,-28.0351609087574));
#4358=CARTESIAN_POINT('Ctrl Pts',(28.9078354307164,16.5,-28.0351609087574));
#4359=CARTESIAN_POINT('Ctrl Pts',(28.6105635128596,16.,-27.9747597353332));
#4360=CARTESIAN_POINT('Ctrl Pts',(28.6105635128596,16.5,-27.9747597353332));
#4361=CARTESIAN_POINT('Ctrl Pts',(28.1826151211961,16.,-27.8967291810393));
#4362=CARTESIAN_POINT('Ctrl Pts',(28.1826151211961,16.5,-27.8967291810393));
#4363=CARTESIAN_POINT('Ctrl Pts',(27.6408786154304,16.,-27.7965687142577));
#4364=CARTESIAN_POINT('Ctrl Pts',(27.6408786154304,16.5,-27.7965687142577));
#4365=CARTESIAN_POINT('Ctrl Pts',(27.026775065289,16.,-27.6835857568289));
#4366=CARTESIAN_POINT('Ctrl Pts',(27.026775065289,16.5,-27.6835857568289));
#4367=CARTESIAN_POINT('Ctrl Pts',(26.395501132433,16.,-27.5757343400783));
#4368=CARTESIAN_POINT('Ctrl Pts',(26.395501132433,16.5,-27.5757343400783));
#4369=CARTESIAN_POINT('Ctrl Pts',(25.8041149398005,16.,-27.4936859902633));
#4370=CARTESIAN_POINT('Ctrl Pts',(25.8041149398005,16.5,-27.4936859902633));
#4371=CARTESIAN_POINT('Ctrl Pts',(25.299664019437,16.,-27.4550136272397));
#4372=CARTESIAN_POINT('Ctrl Pts',(25.299664019437,16.5,-27.4550136272397));
#4373=CARTESIAN_POINT('Ctrl Pts',(24.9083566925977,16.,-27.4688424204512));
#4374=CARTESIAN_POINT('Ctrl Pts',(24.9083566925977,16.5,-27.4688424204512));
#4375=CARTESIAN_POINT('Ctrl Pts',(24.6216586593037,16.,-27.5290356614939));
#4376=CARTESIAN_POINT('Ctrl Pts',(24.6216586593037,16.5,-27.5290356614939));
#4377=CARTESIAN_POINT('Ctrl Pts',(24.3919403088367,16.,-27.6119852971786));
#4378=CARTESIAN_POINT('Ctrl Pts',(24.3919403088367,16.5,-27.6119852971786));
#4379=CARTESIAN_POINT('Ctrl Pts',(24.156834117223,16.,-27.6882758299694));
#4380=CARTESIAN_POINT('Ctrl Pts',(24.156834117223,16.5,-27.6882758299694));
#4381=CARTESIAN_POINT('Ctrl Pts',(23.8574446922516,16.,-27.7313690826522));
#4382=CARTESIAN_POINT('Ctrl Pts',(23.8574446922516,16.5,-27.7313690826522));
#4383=CARTESIAN_POINT('Ctrl Pts',(23.4610592127163,16.,-27.7284910387692));
#4384=CARTESIAN_POINT('Ctrl Pts',(23.4610592127163,16.5,-27.7284910387692));
#4385=CARTESIAN_POINT('Ctrl Pts',(22.9757372960202,16.,-27.6875203962122));
#4386=CARTESIAN_POINT('Ctrl Pts',(22.9757372960202,16.5,-27.6875203962122));
#4387=CARTESIAN_POINT('Ctrl Pts',(22.4354746075579,16.,-27.6293492940314));
#4388=CARTESIAN_POINT('Ctrl Pts',(22.4354746075579,16.5,-27.6293492940314));
#4389=CARTESIAN_POINT('Ctrl Pts',(21.8896831513196,16.,-27.5823763014661));
#4390=CARTESIAN_POINT('Ctrl Pts',(21.8896831513196,16.5,-27.5823763014661));
#4391=CARTESIAN_POINT('Ctrl Pts',(21.3909452509246,16.,-27.5761471444844));
#4392=CARTESIAN_POINT('Ctrl Pts',(21.3909452509246,16.5,-27.5761471444844));
#4393=CARTESIAN_POINT('Ctrl Pts',(20.9837045228167,16.,-27.6354556920503));
#4394=CARTESIAN_POINT('Ctrl Pts',(20.9837045228167,16.5,-27.6354556920503));
#4395=CARTESIAN_POINT('Ctrl Pts',(20.6920981972937,16.,-27.7740241875865));
#4396=CARTESIAN_POINT('Ctrl Pts',(20.6920981972937,16.5,-27.7740241875865));
#4397=CARTESIAN_POINT('Ctrl Pts',(20.5093945336875,16.,-27.9889621073761));
#4398=CARTESIAN_POINT('Ctrl Pts',(20.5093945336875,16.5,-27.9889621073761));
#4399=CARTESIAN_POINT('Ctrl Pts',(20.4307314077675,16.,-28.2111491562782));
#4400=CARTESIAN_POINT('Ctrl Pts',(20.4307314077675,16.5,-28.2111491562782));
#4401=CARTESIAN_POINT('Ctrl Pts',(20.3959602175635,16.,-28.3975183486342));
#4402=CARTESIAN_POINT('Ctrl Pts',(20.3959602175635,16.5,-28.3975183486342));
#4403=CARTESIAN_POINT('Ctrl Pts',(20.3803074817567,16.,-28.5280251122195));
#4404=CARTESIAN_POINT('Ctrl Pts',(20.3803074817567,16.5,-28.5280251122195));
#4405=CARTESIAN_POINT('Ctrl Pts',(20.3741107031716,16.,-28.5945766128702));
#4406=CARTESIAN_POINT('Ctrl Pts',(20.3741107031716,16.5,-28.5945766128702));
#4407=CARTESIAN_POINT('',(20.3741107031716,16.,-28.5945766128702));
#4408=CARTESIAN_POINT('Ctrl Pts',(20.3741107031716,16.,-28.5945766128702));
#4409=CARTESIAN_POINT('Ctrl Pts',(20.3679139245866,16.,-28.6611281135208));
#4410=CARTESIAN_POINT('Ctrl Pts',(20.3587795460532,16.,-28.7968273525382));
#4411=CARTESIAN_POINT('Ctrl Pts',(20.3533409635868,16.,-29.0065626843414));
#4412=CARTESIAN_POINT('Ctrl Pts',(20.360216452319,16.,-29.293288122515));
#4413=CARTESIAN_POINT('Ctrl Pts',(20.3988892483629,16.,-29.6545795993816));
#4414=CARTESIAN_POINT('Ctrl Pts',(20.4808512477264,16.,-30.0128964908104));
#4415=CARTESIAN_POINT('Ctrl Pts',(20.6203218989026,16.,-30.3641990683865));
#4416=CARTESIAN_POINT('Ctrl Pts',(20.8264733967205,16.,-30.7049728942645));
#4417=CARTESIAN_POINT('Ctrl Pts',(21.0984489167596,16.,-31.0311049542437));
#4418=CARTESIAN_POINT('Ctrl Pts',(21.4287012850716,16.,-31.3380329754827));
#4419=CARTESIAN_POINT('Ctrl Pts',(21.8054760812086,16.,-31.6207780234477));
#4420=CARTESIAN_POINT('Ctrl Pts',(22.2156971692739,16.,-31.874008092179));
#4421=CARTESIAN_POINT('Ctrl Pts',(22.6474837241658,16.,-32.0921182204244));
#4422=CARTESIAN_POINT('Ctrl Pts',(23.0932906445611,16.,-32.2692306171824));
#4423=CARTESIAN_POINT('Ctrl Pts',(23.5512583295192,16.,-32.3994683342903));
#4424=CARTESIAN_POINT('Ctrl Pts',(24.0225860844466,16.,-32.4778561495915));
#4425=CARTESIAN_POINT('Ctrl Pts',(24.5097122746055,16.,-32.5010958953074));
#4426=CARTESIAN_POINT('Ctrl Pts',(25.0141754378171,16.,-32.4683958190803));
#4427=CARTESIAN_POINT('Ctrl Pts',(25.5346131470847,16.,-32.3822807078898));
#4428=CARTESIAN_POINT('Ctrl Pts',(26.0646917874786,16.,-32.2494199728239));
#4429=CARTESIAN_POINT('Ctrl Pts',(26.5910699437429,16.,-32.0814490620008));
#4430=CARTESIAN_POINT('Ctrl Pts',(27.0964779866055,16.,-31.8927161944123));
#4431=CARTESIAN_POINT('Ctrl Pts',(27.5628508984918,16.,-31.6980018872162));
#4432=CARTESIAN_POINT('Ctrl Pts',(27.9743242182535,16.,-31.5103157422533));
#4433=CARTESIAN_POINT('Ctrl Pts',(28.3205488607664,16.,-31.3385118189763));
#4434=CARTESIAN_POINT('Ctrl Pts',(28.5992756191305,16.,-31.1853180175949));
#4435=CARTESIAN_POINT('Ctrl Pts',(28.820801522413,16.,-31.0443060103356));
#4436=CARTESIAN_POINT('Ctrl Pts',(29.0035576424963,16.,-30.9018551277008));
#4437=CARTESIAN_POINT('Ctrl Pts',(29.1651488804843,16.,-30.7415830139867));
#4438=CARTESIAN_POINT('Ctrl Pts',(29.3152285911407,16.,-30.5479280033596));
#4439=CARTESIAN_POINT('Ctrl Pts',(29.4465726787258,16.,-30.3102439487855));
#4440=CARTESIAN_POINT('Ctrl Pts',(29.5427003103662,16.,-30.0246594638038));
#4441=CARTESIAN_POINT('Ctrl Pts',(29.5873494071564,16.,-29.6959857766627));
#4442=CARTESIAN_POINT('Ctrl Pts',(29.5726002015227,16.,-29.339259420844));
#4443=CARTESIAN_POINT('Ctrl Pts',(29.5093665109818,16.,-28.9823901401857));
#4444=CARTESIAN_POINT('Ctrl Pts',(29.4188787995345,16.,-28.6587471208213));
#4445=CARTESIAN_POINT('Ctrl Pts',(29.3198814769931,16.,-28.3972411023313));
#4446=CARTESIAN_POINT('Ctrl Pts',(29.2191943664268,16.,-28.2146328893498));
#4447=CARTESIAN_POINT('Ctrl Pts',(29.0964065041161,16.,-28.1036689055259));
#4448=CARTESIAN_POINT('Ctrl Pts',(28.9078354307164,16.,-28.0351609087574));
#4449=CARTESIAN_POINT('Ctrl Pts',(28.6105635128596,16.,-27.9747597353332));
#4450=CARTESIAN_POINT('Ctrl Pts',(28.1826151211961,16.,-27.8967291810393));
#4451=CARTESIAN_POINT('Ctrl Pts',(27.6408786154304,16.,-27.7965687142577));
#4452=CARTESIAN_POINT('Ctrl Pts',(27.026775065289,16.,-27.6835857568289));
#4453=CARTESIAN_POINT('Ctrl Pts',(26.395501132433,16.,-27.5757343400783));
#4454=CARTESIAN_POINT('Ctrl Pts',(25.8041149398005,16.,-27.4936859902633));
#4455=CARTESIAN_POINT('Ctrl Pts',(25.299664019437,16.,-27.4550136272397));
#4456=CARTESIAN_POINT('Ctrl Pts',(24.9083566925977,16.,-27.4688424204512));
#4457=CARTESIAN_POINT('Ctrl Pts',(24.6216586593037,16.,-27.5290356614939));
#4458=CARTESIAN_POINT('Ctrl Pts',(24.3919403088367,16.,-27.6119852971786));
#4459=CARTESIAN_POINT('Ctrl Pts',(24.156834117223,16.,-27.6882758299694));
#4460=CARTESIAN_POINT('Ctrl Pts',(23.8574446922516,16.,-27.7313690826522));
#4461=CARTESIAN_POINT('Ctrl Pts',(23.4610592127163,16.,-27.7284910387692));
#4462=CARTESIAN_POINT('Ctrl Pts',(22.9757372960202,16.,-27.6875203962122));
#4463=CARTESIAN_POINT('Ctrl Pts',(22.4354746075579,16.,-27.6293492940314));
#4464=CARTESIAN_POINT('Ctrl Pts',(21.8896831513196,16.,-27.5823763014661));
#4465=CARTESIAN_POINT('Ctrl Pts',(21.3909452509246,16.,-27.5761471444844));
#4466=CARTESIAN_POINT('Ctrl Pts',(20.9837045228167,16.,-27.6354556920503));
#4467=CARTESIAN_POINT('Ctrl Pts',(20.6920981972937,16.,-27.7740241875865));
#4468=CARTESIAN_POINT('Ctrl Pts',(20.5093945336875,16.,-27.9889621073761));
#4469=CARTESIAN_POINT('Ctrl Pts',(20.4307314077675,16.,-28.2111491562782));
#4470=CARTESIAN_POINT('Ctrl Pts',(20.3959602175635,16.,-28.3975183486342));
#4471=CARTESIAN_POINT('Ctrl Pts',(20.3803074817567,16.,-28.5280251122195));
#4472=CARTESIAN_POINT('Ctrl Pts',(20.3741107031716,16.,-28.5945766128702));
#4473=CARTESIAN_POINT('',(20.3741107031716,16.5,-28.5945766128702));
#4474=CARTESIAN_POINT('',(20.3741107031716,16.,-28.5945766128702));
#4475=CARTESIAN_POINT('Ctrl Pts',(20.3741107031716,16.5,-28.5945766128702));
#4476=CARTESIAN_POINT('Ctrl Pts',(20.3679139245866,16.5,-28.6611281135208));
#4477=CARTESIAN_POINT('Ctrl Pts',(20.3587795460532,16.5,-28.7968273525382));
#4478=CARTESIAN_POINT('Ctrl Pts',(20.3533409635868,16.5,-29.0065626843414));
#4479=CARTESIAN_POINT('Ctrl Pts',(20.360216452319,16.5,-29.293288122515));
#4480=CARTESIAN_POINT('Ctrl Pts',(20.3988892483629,16.5,-29.6545795993816));
#4481=CARTESIAN_POINT('Ctrl Pts',(20.4808512477264,16.5,-30.0128964908104));
#4482=CARTESIAN_POINT('Ctrl Pts',(20.6203218989026,16.5,-30.3641990683865));
#4483=CARTESIAN_POINT('Ctrl Pts',(20.8264733967205,16.5,-30.7049728942645));
#4484=CARTESIAN_POINT('Ctrl Pts',(21.0984489167596,16.5,-31.0311049542437));
#4485=CARTESIAN_POINT('Ctrl Pts',(21.4287012850716,16.5,-31.3380329754827));
#4486=CARTESIAN_POINT('Ctrl Pts',(21.8054760812086,16.5,-31.6207780234477));
#4487=CARTESIAN_POINT('Ctrl Pts',(22.2156971692739,16.5,-31.874008092179));
#4488=CARTESIAN_POINT('Ctrl Pts',(22.6474837241658,16.5,-32.0921182204244));
#4489=CARTESIAN_POINT('Ctrl Pts',(23.0932906445611,16.5,-32.2692306171824));
#4490=CARTESIAN_POINT('Ctrl Pts',(23.5512583295192,16.5,-32.3994683342903));
#4491=CARTESIAN_POINT('Ctrl Pts',(24.0225860844466,16.5,-32.4778561495915));
#4492=CARTESIAN_POINT('Ctrl Pts',(24.5097122746055,16.5,-32.5010958953074));
#4493=CARTESIAN_POINT('Ctrl Pts',(25.0141754378171,16.5,-32.4683958190803));
#4494=CARTESIAN_POINT('Ctrl Pts',(25.5346131470847,16.5,-32.3822807078898));
#4495=CARTESIAN_POINT('Ctrl Pts',(26.0646917874786,16.5,-32.2494199728239));
#4496=CARTESIAN_POINT('Ctrl Pts',(26.5910699437429,16.5,-32.0814490620008));
#4497=CARTESIAN_POINT('Ctrl Pts',(27.0964779866055,16.5,-31.8927161944123));
#4498=CARTESIAN_POINT('Ctrl Pts',(27.5628508984918,16.5,-31.6980018872162));
#4499=CARTESIAN_POINT('Ctrl Pts',(27.9743242182535,16.5,-31.5103157422533));
#4500=CARTESIAN_POINT('Ctrl Pts',(28.3205488607664,16.5,-31.3385118189763));
#4501=CARTESIAN_POINT('Ctrl Pts',(28.5992756191305,16.5,-31.1853180175949));
#4502=CARTESIAN_POINT('Ctrl Pts',(28.820801522413,16.5,-31.0443060103356));
#4503=CARTESIAN_POINT('Ctrl Pts',(29.0035576424963,16.5,-30.9018551277008));
#4504=CARTESIAN_POINT('Ctrl Pts',(29.1651488804843,16.5,-30.7415830139867));
#4505=CARTESIAN_POINT('Ctrl Pts',(29.3152285911407,16.5,-30.5479280033596));
#4506=CARTESIAN_POINT('Ctrl Pts',(29.4465726787258,16.5,-30.3102439487855));
#4507=CARTESIAN_POINT('Ctrl Pts',(29.5427003103662,16.5,-30.0246594638038));
#4508=CARTESIAN_POINT('Ctrl Pts',(29.5873494071564,16.5,-29.6959857766627));
#4509=CARTESIAN_POINT('Ctrl Pts',(29.5726002015227,16.5,-29.339259420844));
#4510=CARTESIAN_POINT('Ctrl Pts',(29.5093665109818,16.5,-28.9823901401857));
#4511=CARTESIAN_POINT('Ctrl Pts',(29.4188787995345,16.5,-28.6587471208213));
#4512=CARTESIAN_POINT('Ctrl Pts',(29.3198814769931,16.5,-28.3972411023313));
#4513=CARTESIAN_POINT('Ctrl Pts',(29.2191943664268,16.5,-28.2146328893498));
#4514=CARTESIAN_POINT('Ctrl Pts',(29.0964065041161,16.5,-28.1036689055259));
#4515=CARTESIAN_POINT('Ctrl Pts',(28.9078354307164,16.5,-28.0351609087574));
#4516=CARTESIAN_POINT('Ctrl Pts',(28.6105635128596,16.5,-27.9747597353332));
#4517=CARTESIAN_POINT('Ctrl Pts',(28.1826151211961,16.5,-27.8967291810393));
#4518=CARTESIAN_POINT('Ctrl Pts',(27.6408786154304,16.5,-27.7965687142577));
#4519=CARTESIAN_POINT('Ctrl Pts',(27.026775065289,16.5,-27.6835857568289));
#4520=CARTESIAN_POINT('Ctrl Pts',(26.395501132433,16.5,-27.5757343400783));
#4521=CARTESIAN_POINT('Ctrl Pts',(25.8041149398005,16.5,-27.4936859902633));
#4522=CARTESIAN_POINT('Ctrl Pts',(25.299664019437,16.5,-27.4550136272397));
#4523=CARTESIAN_POINT('Ctrl Pts',(24.9083566925977,16.5,-27.4688424204512));
#4524=CARTESIAN_POINT('Ctrl Pts',(24.6216586593037,16.5,-27.5290356614939));
#4525=CARTESIAN_POINT('Ctrl Pts',(24.3919403088367,16.5,-27.6119852971786));
#4526=CARTESIAN_POINT('Ctrl Pts',(24.156834117223,16.5,-27.6882758299694));
#4527=CARTESIAN_POINT('Ctrl Pts',(23.8574446922516,16.5,-27.7313690826522));
#4528=CARTESIAN_POINT('Ctrl Pts',(23.4610592127163,16.5,-27.7284910387692));
#4529=CARTESIAN_POINT('Ctrl Pts',(22.9757372960202,16.5,-27.6875203962122));
#4530=CARTESIAN_POINT('Ctrl Pts',(22.4354746075579,16.5,-27.6293492940314));
#4531=CARTESIAN_POINT('Ctrl Pts',(21.8896831513196,16.5,-27.5823763014661));
#4532=CARTESIAN_POINT('Ctrl Pts',(21.3909452509246,16.5,-27.5761471444844));
#4533=CARTESIAN_POINT('Ctrl Pts',(20.9837045228167,16.5,-27.6354556920503));
#4534=CARTESIAN_POINT('Ctrl Pts',(20.6920981972937,16.5,-27.7740241875865));
#4535=CARTESIAN_POINT('Ctrl Pts',(20.5093945336875,16.5,-27.9889621073761));
#4536=CARTESIAN_POINT('Ctrl Pts',(20.4307314077675,16.5,-28.2111491562782));
#4537=CARTESIAN_POINT('Ctrl Pts',(20.3959602175635,16.5,-28.3975183486342));
#4538=CARTESIAN_POINT('Ctrl Pts',(20.3803074817567,16.5,-28.5280251122195));
#4539=CARTESIAN_POINT('Ctrl Pts',(20.3741107031716,16.5,-28.5945766128702));
#4540=CARTESIAN_POINT('Origin',(23.7893665896261,16.,-37.6195697185117));
#4541=CARTESIAN_POINT('',(23.7893665896261,16.,-37.6195697185117));
#4542=CARTESIAN_POINT('',(22.3741107329739,16.,-37.09457673953));
#4543=CARTESIAN_POINT('',(22.3741107329739,16.,-37.09457673953));
#4544=CARTESIAN_POINT('',(22.3741107329739,16.5,-37.09457673953));
#4545=CARTESIAN_POINT('',(22.3741107329739,16.,-37.09457673953));
#4546=CARTESIAN_POINT('',(23.7893665896261,16.5,-37.6195697185117));
#4547=CARTESIAN_POINT('',(22.3741107329739,16.5,-37.09457673953));
#4548=CARTESIAN_POINT('',(23.7893665896261,16.,-37.6195697185117));
#4549=CARTESIAN_POINT('Origin',(22.6896821766898,16.,-37.8098104819311));
#4550=CARTESIAN_POINT('',(22.6896821766898,16.,-37.8098104819311));
#4551=CARTESIAN_POINT('',(22.6896821766898,16.,-37.8098104819311));
#4552=CARTESIAN_POINT('',(22.6896821766898,16.5,-37.8098104819311));
#4553=CARTESIAN_POINT('',(22.6896821766898,16.5,-37.8098104819311));
#4554=CARTESIAN_POINT('',(22.6896821766898,16.,-37.8098104819311));
#4555=CARTESIAN_POINT('Origin',(22.4649323031775,16.,-37.6195697185117));
#4556=CARTESIAN_POINT('',(22.4649323031775,16.,-37.6195697185117));
#4557=CARTESIAN_POINT('',(22.4649323031775,16.,-37.6195697185117));
#4558=CARTESIAN_POINT('',(22.4649323031775,16.5,-37.6195697185117));
#4559=CARTESIAN_POINT('',(22.4649323031775,16.5,-37.6195697185117));
#4560=CARTESIAN_POINT('',(22.4649323031775,16.,-37.6195697185117));
#4561=CARTESIAN_POINT('Origin',(22.3741107329739,16.,-37.09457673953));
#4562=CARTESIAN_POINT('',(22.3741107329739,16.,-37.09457673953));
#4563=CARTESIAN_POINT('',(22.3741107329739,16.5,-37.09457673953));
#4564=CARTESIAN_POINT('Origin',(27.2584988191927,16.,-37.9711170636032));
#4565=CARTESIAN_POINT('',(27.2584988191927,16.,-37.9711170636032));
#4566=CARTESIAN_POINT('',(27.4755528291136,16.,-37.7146901002214));
#4567=CARTESIAN_POINT('',(27.4755528291136,16.,-37.7146901002214));
#4568=CARTESIAN_POINT('',(27.4755528291136,16.5,-37.7146901002214));
#4569=CARTESIAN_POINT('',(27.4755528291136,16.,-37.7146901002214));
#4570=CARTESIAN_POINT('',(27.2584988191927,16.5,-37.9711170636032));
#4571=CARTESIAN_POINT('',(27.4755528291136,16.5,-37.7146901002214));
#4572=CARTESIAN_POINT('',(27.2584988191927,16.,-37.9711170636032));
#4573=CARTESIAN_POINT('Origin',(26.9690285459468,16.,-38.0211941994812));
#4574=CARTESIAN_POINT('',(26.9690285459468,16.,-38.0211941994812));
#4575=CARTESIAN_POINT('',(27.2584988191927,16.,-37.9711170636032));
#4576=CARTESIAN_POINT('',(26.9690285459468,16.5,-38.0211941994812));
#4577=CARTESIAN_POINT('',(27.2584988191927,16.5,-37.9711170636032));
#4578=CARTESIAN_POINT('',(26.9690285459468,16.,-38.0211941994812));
#4579=CARTESIAN_POINT('Origin',(26.8356697057543,16.,-37.7146901002214));
#4580=CARTESIAN_POINT('',(26.8356697057543,16.,-37.7146901002214));
#4581=CARTESIAN_POINT('',(26.9690285459468,16.,-38.0211941994812));
#4582=CARTESIAN_POINT('',(26.8356697057543,16.5,-37.7146901002214));
#4583=CARTESIAN_POINT('',(26.9690285459468,16.5,-38.0211941994812));
#4584=CARTESIAN_POINT('',(26.8356697057543,16.,-37.7146901002214));
#4585=CARTESIAN_POINT('Origin',(27.1137636825698,16.,-37.6665810156246));
#4586=CARTESIAN_POINT('',(27.1137636825698,16.,-37.6665810156246));
#4587=CARTESIAN_POINT('',(26.8356697057543,16.,-37.7146901002214));
#4588=CARTESIAN_POINT('',(27.1137636825698,16.5,-37.6665810156246));
#4589=CARTESIAN_POINT('',(26.8356697057543,16.5,-37.7146901002214));
#4590=CARTESIAN_POINT('',(27.1137636825698,16.,-37.6665810156246));
#4591=CARTESIAN_POINT('Origin',(27.4755528291136,16.,-37.7146901002214));
#4592=CARTESIAN_POINT('',(27.1137636825698,16.,-37.6665810156246));
#4593=CARTESIAN_POINT('',(27.1137636825698,16.5,-37.6665810156246));
#4594=CARTESIAN_POINT('Origin',(21.0568769653592,16.,-36.3535247529064));
#4595=CARTESIAN_POINT('',(20.0477356915903,16.,-33.7255526857999));
#4596=CARTESIAN_POINT('',(21.0568769653592,16.,-36.3535247529064));
#4597=CARTESIAN_POINT('',(19.997760071523,16.,-33.5954078418748));
#4598=CARTESIAN_POINT('',(20.0477356915903,16.5,-33.7255526857999));
#4599=CARTESIAN_POINT('',(20.0477356915903,16.,-33.7255526857999));
#4600=CARTESIAN_POINT('',(21.0568769653592,16.5,-36.3535247529064));
#4601=CARTESIAN_POINT('',(19.997760071523,16.5,-33.5954078418748));
#4602=CARTESIAN_POINT('',(21.0568769653592,16.,-36.3535247529064));
#4603=CARTESIAN_POINT('Origin',(22.4249029532308,16.,-38.4496936052904));
#4604=CARTESIAN_POINT('',(22.4249029532308,16.,-38.4496936052904));
#4605=CARTESIAN_POINT('',(21.0568769653592,16.,-36.3535247529064));
#4606=CARTESIAN_POINT('',(22.4249029532308,16.5,-38.4496936052904));
#4607=CARTESIAN_POINT('',(21.0568769653592,16.5,-36.3535247529064));
#4608=CARTESIAN_POINT('',(22.4249029532308,16.,-38.4496936052904));
#4609=CARTESIAN_POINT('Origin',(23.1089159471666,16.,-39.1778364698027));
#4610=CARTESIAN_POINT('',(23.1089159471666,16.,-39.1778364698027));
#4611=CARTESIAN_POINT('',(22.4249029532308,16.,-38.4496936052904));
#4612=CARTESIAN_POINT('',(23.1089159471666,16.5,-39.1778364698027));
#4613=CARTESIAN_POINT('',(22.4249029532308,16.5,-38.4496936052904));
#4614=CARTESIAN_POINT('',(23.1089159471666,16.,-39.1778364698027));
#4615=CARTESIAN_POINT('Origin',(23.748799070526,16.,-39.7073949167208));
#4616=CARTESIAN_POINT('',(23.748799070526,16.,-39.7073949167208));
#4617=CARTESIAN_POINT('',(23.1089159471666,16.,-39.1778364698027));
#4618=CARTESIAN_POINT('',(23.748799070526,16.5,-39.7073949167208));
#4619=CARTESIAN_POINT('',(23.1089159471666,16.5,-39.1778364698027));
#4620=CARTESIAN_POINT('',(23.748799070526,16.,-39.7073949167208));
#4621=CARTESIAN_POINT('Origin',(24.5431367409031,16.,-40.1486936224858));
#4622=CARTESIAN_POINT('',(24.5431367409031,16.,-40.1486936224858));
#4623=CARTESIAN_POINT('',(23.748799070526,16.,-39.7073949167208));
#4624=CARTESIAN_POINT('',(24.5431367409031,16.5,-40.1486936224858));
#4625=CARTESIAN_POINT('',(23.748799070526,16.5,-39.7073949167208));
#4626=CARTESIAN_POINT('',(24.5431367409031,16.,-40.1486936224858));
#4627=CARTESIAN_POINT('Origin',(25.0726951878211,16.,-40.2590182989271));
#4628=CARTESIAN_POINT('',(25.0726951878211,16.,-40.2590182989271));
#4629=CARTESIAN_POINT('',(24.5431367409031,16.,-40.1486936224858));
#4630=CARTESIAN_POINT('',(25.0726951878211,16.5,-40.2590182989271));
#4631=CARTESIAN_POINT('',(24.5431367409031,16.5,-40.1486936224858));
#4632=CARTESIAN_POINT('',(25.0726951878211,16.,-40.2590182989271));
#4633=CARTESIAN_POINT('Origin',(25.874110785128,16.,-40.2590182989271));
#4634=CARTESIAN_POINT('',(25.874110785128,16.,-40.2590182989271));
#4635=CARTESIAN_POINT('',(25.0726951878211,16.,-40.2590182989271));
#4636=CARTESIAN_POINT('',(25.874110785128,16.5,-40.2590182989271));
#4637=CARTESIAN_POINT('',(25.0726951878211,16.5,-40.2590182989271));
#4638=CARTESIAN_POINT('',(25.874110785128,16.,-40.2590182989271));
#4639=CARTESIAN_POINT('Origin',(26.286266628675,16.,-40.1486936224858));
#4640=CARTESIAN_POINT('',(26.286266628675,16.,-40.1486936224858));
#4641=CARTESIAN_POINT('',(25.874110785128,16.,-40.2590182989271));
#4642=CARTESIAN_POINT('',(26.286266628675,16.5,-40.1486936224858));
#4643=CARTESIAN_POINT('',(25.874110785128,16.5,-40.2590182989271));
#4644=CARTESIAN_POINT('',(26.286266628675,16.,-40.1486936224858));
#4645=CARTESIAN_POINT('Origin',(26.8741108000292,16.,-39.5945767767829));
#4646=CARTESIAN_POINT('',(26.8741108000292,16.,-39.5945767767829));
#4647=CARTESIAN_POINT('',(26.286266628675,16.,-40.1486936224858));
#4648=CARTESIAN_POINT('',(26.8741108000292,16.5,-39.5945767767829));
#4649=CARTESIAN_POINT('',(26.286266628675,16.5,-40.1486936224858));
#4650=CARTESIAN_POINT('',(26.8741108000292,16.,-39.5945767767829));
#4651=CARTESIAN_POINT('Origin',(27.5764160179516,16.,-38.3304273845225));
#4652=CARTESIAN_POINT('',(27.5764160179516,16.,-38.3304273845225));
#4653=CARTESIAN_POINT('',(26.8741108000292,16.,-39.5945767767829));
#4654=CARTESIAN_POINT('',(27.5764160179516,16.5,-38.3304273845225));
#4655=CARTESIAN_POINT('',(26.8741108000292,16.5,-39.5945767767829));
#4656=CARTESIAN_POINT('',(27.5764160179516,16.,-38.3304273845225));
#4657=CARTESIAN_POINT('Origin',(28.558954963365,16.,-36.1770052706004));
#4658=CARTESIAN_POINT('',(28.558954963365,16.,-36.1770052706004));
#4659=CARTESIAN_POINT('',(27.5764160179516,16.,-38.3304273845225));
#4660=CARTESIAN_POINT('',(28.558954963365,16.5,-36.1770052706004));
#4661=CARTESIAN_POINT('',(27.5764160179516,16.5,-38.3304273845225));
#4662=CARTESIAN_POINT('',(28.558954963365,16.,-36.1770052706004));
#4663=CARTESIAN_POINT('Origin',(29.1767731514361,16.,-34.2352909652341));
#4664=CARTESIAN_POINT('',(29.1767731514361,16.,-34.2352909652341));
#4665=CARTESIAN_POINT('',(28.558954963365,16.,-36.1770052706004));
#4666=CARTESIAN_POINT('',(29.1767731514361,16.5,-34.2352909652341));
#4667=CARTESIAN_POINT('',(28.558954963365,16.5,-36.1770052706004));
#4668=CARTESIAN_POINT('',(29.1767731514361,16.,-34.2352909652341));
#4669=CARTESIAN_POINT('Ctrl Pts',(29.6842666630659,16.,-32.6907454950565));
#4670=CARTESIAN_POINT('Ctrl Pts',(29.6842666630659,16.5,-32.6907454950565));
#4671=CARTESIAN_POINT('Ctrl Pts',(29.6547875921176,16.,-32.6692374328619));
#4672=CARTESIAN_POINT('Ctrl Pts',(29.6547875921176,16.5,-32.6692374328619));
#4673=CARTESIAN_POINT('Ctrl Pts',(29.5902647439954,16.,-32.6264782867868));
#4674=CARTESIAN_POINT('Ctrl Pts',(29.5902647439954,16.5,-32.6264782867868));
#4675=CARTESIAN_POINT('Ctrl Pts',(29.4766123315016,16.,-32.5637380782325));
#4676=CARTESIAN_POINT('Ctrl Pts',(29.4766123315016,16.5,-32.5637380782325));
#4677=CARTESIAN_POINT('Ctrl Pts',(29.2936273757937,16.,-32.4865051117495));
#4678=CARTESIAN_POINT('Ctrl Pts',(29.2936273757937,16.5,-32.4865051117495));
#4679=CARTESIAN_POINT('Ctrl Pts',(29.028942444551,16.,-32.4129464502046));
#4680=CARTESIAN_POINT('Ctrl Pts',(29.028942444551,16.5,-32.4129464502046));
#4681=CARTESIAN_POINT('Ctrl Pts',(28.7514007543629,16.,-32.3755716910224));
#4682=CARTESIAN_POINT('Ctrl Pts',(28.7514007543629,16.5,-32.3755716910224));
#4683=CARTESIAN_POINT('Ctrl Pts',(28.4866013822869,16.,-32.3861387178078));
#4684=CARTESIAN_POINT('Ctrl Pts',(28.4866013822869,16.5,-32.3861387178078));
#4685=CARTESIAN_POINT('Ctrl Pts',(28.258716372054,16.,-32.4527310838626));
#4686=CARTESIAN_POINT('Ctrl Pts',(28.258716372054,16.5,-32.4527310838626));
#4687=CARTESIAN_POINT('Ctrl Pts',(28.0860889492315,16.,-32.5771514658398));
#4688=CARTESIAN_POINT('Ctrl Pts',(28.0860889492315,16.5,-32.5771514658398));
#4689=CARTESIAN_POINT('Ctrl Pts',(27.9781634825718,16.,-32.7532989383273));
#4690=CARTESIAN_POINT('Ctrl Pts',(27.9781634825718,16.5,-32.7532989383273));
#4691=CARTESIAN_POINT('Ctrl Pts',(27.9376935665919,16.,-32.9694912019948));
#4692=CARTESIAN_POINT('Ctrl Pts',(27.9376935665919,16.5,-32.9694912019948));
#4693=CARTESIAN_POINT('Ctrl Pts',(27.9620997426026,16.,-33.2101466318027));
#4694=CARTESIAN_POINT('Ctrl Pts',(27.9620997426026,16.5,-33.2101466318027));
#4695=CARTESIAN_POINT('Ctrl Pts',(28.0450931941356,16.,-33.4576667622116));
#4696=CARTESIAN_POINT('Ctrl Pts',(28.0450931941356,16.5,-33.4576667622116));
#4697=CARTESIAN_POINT('Ctrl Pts',(28.1781612105423,16.,-33.694225217999));
#4698=CARTESIAN_POINT('Ctrl Pts',(28.1781612105423,16.5,-33.694225217999));
#4699=CARTESIAN_POINT('Ctrl Pts',(28.3520155886314,16.,-33.9035378325));
#4700=CARTESIAN_POINT('Ctrl Pts',(28.3520155886314,16.5,-33.9035378325));
#4701=CARTESIAN_POINT('Ctrl Pts',(28.5566319111246,16.,-34.0716663185791));
#4702=CARTESIAN_POINT('Ctrl Pts',(28.5566319111246,16.5,-34.0716663185791));
#4703=CARTESIAN_POINT('Ctrl Pts',(28.7682612508054,16.,-34.1810866884779));
#4704=CARTESIAN_POINT('Ctrl Pts',(28.7682612508054,16.5,-34.1810866884779));
#4705=CARTESIAN_POINT('Ctrl Pts',(28.9410738860747,16.,-34.2269975254989));
#4706=CARTESIAN_POINT('Ctrl Pts',(28.9410738860747,16.5,-34.2269975254989));
#4707=CARTESIAN_POINT('Ctrl Pts',(29.0667025240039,16.,-34.2384753099729));
#4708=CARTESIAN_POINT('Ctrl Pts',(29.0667025240039,16.5,-34.2384753099729));
#4709=CARTESIAN_POINT('Ctrl Pts',(29.1447114672536,16.,-34.2372315620565));
#4710=CARTESIAN_POINT('Ctrl Pts',(29.1447114672536,16.5,-34.2372315620565));
#4711=CARTESIAN_POINT('Ctrl Pts',(29.1767731514361,16.,-34.2352909652341));
#4712=CARTESIAN_POINT('Ctrl Pts',(29.1767731514361,16.5,-34.2352909652341));
#4713=CARTESIAN_POINT('',(29.6842666630659,16.,-32.6907454950565));
#4714=CARTESIAN_POINT('Ctrl Pts',(29.1767731514361,16.,-34.2352909652341));
#4715=CARTESIAN_POINT('Ctrl Pts',(29.1447114672536,16.,-34.2372315620564));
#4716=CARTESIAN_POINT('Ctrl Pts',(29.0667025240039,16.,-34.2384753099729));
#4717=CARTESIAN_POINT('Ctrl Pts',(28.9410738860747,16.,-34.2269975254989));
#4718=CARTESIAN_POINT('Ctrl Pts',(28.7682612508055,16.,-34.1810866884779));
#4719=CARTESIAN_POINT('Ctrl Pts',(28.5566319111246,16.,-34.0716663185791));
#4720=CARTESIAN_POINT('Ctrl Pts',(28.3520155886314,16.,-33.9035378325));
#4721=CARTESIAN_POINT('Ctrl Pts',(28.1781612105423,16.,-33.694225217999));
#4722=CARTESIAN_POINT('Ctrl Pts',(28.0450931941356,16.,-33.4576667622116));
#4723=CARTESIAN_POINT('Ctrl Pts',(27.9620997426026,16.,-33.2101466318027));
#4724=CARTESIAN_POINT('Ctrl Pts',(27.9376935665919,16.,-32.9694912019948));
#4725=CARTESIAN_POINT('Ctrl Pts',(27.9781634825718,16.,-32.7532989383273));
#4726=CARTESIAN_POINT('Ctrl Pts',(28.0860889492315,16.,-32.5771514658398));
#4727=CARTESIAN_POINT('Ctrl Pts',(28.258716372054,16.,-32.4527310838626));
#4728=CARTESIAN_POINT('Ctrl Pts',(28.4866013822869,16.,-32.3861387178078));
#4729=CARTESIAN_POINT('Ctrl Pts',(28.7514007543629,16.,-32.3755716910224));
#4730=CARTESIAN_POINT('Ctrl Pts',(29.028942444551,16.,-32.4129464502046));
#4731=CARTESIAN_POINT('Ctrl Pts',(29.2936273757937,16.,-32.4865051117495));
#4732=CARTESIAN_POINT('Ctrl Pts',(29.4766123315016,16.,-32.5637380782325));
#4733=CARTESIAN_POINT('Ctrl Pts',(29.5902647439954,16.,-32.6264782867868));
#4734=CARTESIAN_POINT('Ctrl Pts',(29.6547875921176,16.,-32.6692374328619));
#4735=CARTESIAN_POINT('Ctrl Pts',(29.6842666630659,16.,-32.6907454950565));
#4736=CARTESIAN_POINT('',(29.6842666630659,16.5,-32.6907454950565));
#4737=CARTESIAN_POINT('Ctrl Pts',(29.6842666630659,16.5,-32.6907454950565));
#4738=CARTESIAN_POINT('Ctrl Pts',(29.6547875921176,16.5,-32.6692374328619));
#4739=CARTESIAN_POINT('Ctrl Pts',(29.5902647439954,16.5,-32.6264782867868));
#4740=CARTESIAN_POINT('Ctrl Pts',(29.4766123315016,16.5,-32.5637380782325));
#4741=CARTESIAN_POINT('Ctrl Pts',(29.2936273757937,16.5,-32.4865051117495));
#4742=CARTESIAN_POINT('Ctrl Pts',(29.028942444551,16.5,-32.4129464502046));
#4743=CARTESIAN_POINT('Ctrl Pts',(28.7514007543629,16.5,-32.3755716910224));
#4744=CARTESIAN_POINT('Ctrl Pts',(28.4866013822869,16.5,-32.3861387178078));
#4745=CARTESIAN_POINT('Ctrl Pts',(28.258716372054,16.5,-32.4527310838626));
#4746=CARTESIAN_POINT('Ctrl Pts',(28.0860889492315,16.5,-32.5771514658398));
#4747=CARTESIAN_POINT('Ctrl Pts',(27.9781634825718,16.5,-32.7532989383273));
#4748=CARTESIAN_POINT('Ctrl Pts',(27.9376935665919,16.5,-32.9694912019948));
#4749=CARTESIAN_POINT('Ctrl Pts',(27.9620997426026,16.5,-33.2101466318027));
#4750=CARTESIAN_POINT('Ctrl Pts',(28.0450931941356,16.5,-33.4576667622116));
#4751=CARTESIAN_POINT('Ctrl Pts',(28.1781612105423,16.5,-33.694225217999));
#4752=CARTESIAN_POINT('Ctrl Pts',(28.3520155886314,16.5,-33.9035378325));
#4753=CARTESIAN_POINT('Ctrl Pts',(28.5566319111246,16.5,-34.0716663185791));
#4754=CARTESIAN_POINT('Ctrl Pts',(28.7682612508055,16.5,-34.1810866884779));
#4755=CARTESIAN_POINT('Ctrl Pts',(28.9410738860747,16.5,-34.2269975254989));
#4756=CARTESIAN_POINT('Ctrl Pts',(29.0667025240039,16.5,-34.2384753099729));
#4757=CARTESIAN_POINT('Ctrl Pts',(29.1447114672536,16.5,-34.2372315620564));
#4758=CARTESIAN_POINT('Ctrl Pts',(29.1767731514361,16.5,-34.2352909652341));
#4759=CARTESIAN_POINT('',(29.6842666630659,16.,-32.6907454950565));
#4760=CARTESIAN_POINT('Origin',(30.213825109984,16.,-31.3668493777613));
#4761=CARTESIAN_POINT('',(30.213825109984,16.,-31.3668493777613));
#4762=CARTESIAN_POINT('',(29.6842666630659,16.,-32.6907454950565));
#4763=CARTESIAN_POINT('',(30.213825109984,16.5,-31.3668493777613));
#4764=CARTESIAN_POINT('',(29.6842666630659,16.5,-32.6907454950565));
#4765=CARTESIAN_POINT('',(30.213825109984,16.,-31.3668493777613));
#4766=CARTESIAN_POINT('Origin',(30.5447991393077,16.,-29.9105636487367));
#4767=CARTESIAN_POINT('',(30.5447991393077,16.,-29.9105636487367));
#4768=CARTESIAN_POINT('',(30.213825109984,16.,-31.3668493777613));
#4769=CARTESIAN_POINT('',(30.5447991393077,16.5,-29.9105636487367));
#4770=CARTESIAN_POINT('',(30.213825109984,16.5,-31.3668493777613));
#4771=CARTESIAN_POINT('',(30.5447991393077,16.,-29.9105636487367));
#4772=CARTESIAN_POINT('Origin',(30.655123815749,16.,-28.277758437406));
#4773=CARTESIAN_POINT('',(30.655123815749,16.,-28.277758437406));
#4774=CARTESIAN_POINT('',(30.5447991393077,16.,-29.9105636487367));
#4775=CARTESIAN_POINT('',(30.655123815749,16.5,-28.277758437406));
#4776=CARTESIAN_POINT('',(30.5447991393077,16.5,-29.9105636487367));
#4777=CARTESIAN_POINT('',(30.655123815749,16.,-28.277758437406));
#4778=CARTESIAN_POINT('Origin',(30.5999614775284,16.,-27.4392908964524));
#4779=CARTESIAN_POINT('',(30.5999614775284,16.,-27.4392908964524));
#4780=CARTESIAN_POINT('',(30.655123815749,16.,-28.277758437406));
#4781=CARTESIAN_POINT('',(30.5999614775284,16.5,-27.4392908964524));
#4782=CARTESIAN_POINT('',(30.655123815749,16.5,-28.277758437406));
#4783=CARTESIAN_POINT('',(30.5999614775284,16.,-27.4392908964524));
#4784=CARTESIAN_POINT('Ctrl Pts',(18.6738639542279,16.,-27.1303818024168));
#4785=CARTESIAN_POINT('Ctrl Pts',(18.6738639542279,16.5,-27.1303818024168));
#4786=CARTESIAN_POINT('Ctrl Pts',(18.9239557183303,16.,-27.0465262456418));
#4787=CARTESIAN_POINT('Ctrl Pts',(18.9239557183303,16.5,-27.0465262456418));
#4788=CARTESIAN_POINT('Ctrl Pts',(19.4231354569076,16.,-26.8866264016455));
#4789=CARTESIAN_POINT('Ctrl Pts',(19.4231354569076,16.5,-26.8866264016455));
#4790=CARTESIAN_POINT('Ctrl Pts',(20.1688938191151,16.,-26.6702094854147));
#4791=CARTESIAN_POINT('Ctrl Pts',(20.1688938191151,16.5,-26.6702094854147));
#4792=CARTESIAN_POINT('Ctrl Pts',(21.157115663752,16.,-26.42929861842));
#4793=CARTESIAN_POINT('Ctrl Pts',(21.157115663752,16.5,-26.42929861842));
#4794=CARTESIAN_POINT('Ctrl Pts',(22.3814902932541,16.,-26.2130022576439));
#4795=CARTESIAN_POINT('Ctrl Pts',(22.3814902932541,16.5,-26.2130022576439));
#4796=CARTESIAN_POINT('Ctrl Pts',(23.5939658727617,16.,-26.0893016802711));
#4797=CARTESIAN_POINT('Ctrl Pts',(23.5939658727617,16.5,-26.0893016802711));
#4798=CARTESIAN_POINT('Ctrl Pts',(24.7935364322646,16.,-26.0660251231002));
#4799=CARTESIAN_POINT('Ctrl Pts',(24.7935364322646,16.5,-26.0660251231002));
#4800=CARTESIAN_POINT('Ctrl Pts',(25.979590408441,16.,-26.1479316370487));
#4801=CARTESIAN_POINT('Ctrl Pts',(25.979590408441,16.5,-26.1479316370487));
#4802=CARTESIAN_POINT('Ctrl Pts',(27.1525814577282,16.,-26.3314909677438));
#4803=CARTESIAN_POINT('Ctrl Pts',(27.1525814577282,16.5,-26.3314909677438));
#4804=CARTESIAN_POINT('Ctrl Pts',(28.3134620149074,16.,-26.6092914777198));
#4805=CARTESIAN_POINT('Ctrl Pts',(28.3134620149074,16.5,-26.6092914777198));
#4806=CARTESIAN_POINT('Ctrl Pts',(29.233255929309,16.,-26.9008716758698));
#4807=CARTESIAN_POINT('Ctrl Pts',(29.233255929309,16.5,-26.9008716758698));
#4808=CARTESIAN_POINT('Ctrl Pts',(29.9184052636293,16.,-27.1561008507362));
#4809=CARTESIAN_POINT('Ctrl Pts',(29.9184052636293,16.5,-27.1561008507362));
#4810=CARTESIAN_POINT('Ctrl Pts',(30.3731182805007,16.,-27.3422312304175));
#4811=CARTESIAN_POINT('Ctrl Pts',(30.3731182805007,16.5,-27.3422312304175));
#4812=CARTESIAN_POINT('Ctrl Pts',(30.5999614775284,16.,-27.4392908964524));
#4813=CARTESIAN_POINT('Ctrl Pts',(30.5999614775284,16.5,-27.4392908964524));
#4814=CARTESIAN_POINT('',(18.6738639542279,16.,-27.1303818024168));
#4815=CARTESIAN_POINT('Ctrl Pts',(18.6738639542279,16.,-27.1303818024168));
#4816=CARTESIAN_POINT('Ctrl Pts',(18.9239557183303,16.,-27.0465262456418));
#4817=CARTESIAN_POINT('Ctrl Pts',(19.4231354569076,16.,-26.8866264016455));
#4818=CARTESIAN_POINT('Ctrl Pts',(20.1688938191151,16.,-26.6702094854147));
#4819=CARTESIAN_POINT('Ctrl Pts',(21.157115663752,16.,-26.42929861842));
#4820=CARTESIAN_POINT('Ctrl Pts',(22.3814902932541,16.,-26.2130022576439));
#4821=CARTESIAN_POINT('Ctrl Pts',(23.5939658727617,16.,-26.0893016802711));
#4822=CARTESIAN_POINT('Ctrl Pts',(24.7935364322646,16.,-26.0660251231002));
#4823=CARTESIAN_POINT('Ctrl Pts',(25.979590408441,16.,-26.1479316370487));
#4824=CARTESIAN_POINT('Ctrl Pts',(27.1525814577282,16.,-26.3314909677438));
#4825=CARTESIAN_POINT('Ctrl Pts',(28.3134620149074,16.,-26.6092914777198));
#4826=CARTESIAN_POINT('Ctrl Pts',(29.233255929309,16.,-26.9008716758698));
#4827=CARTESIAN_POINT('Ctrl Pts',(29.9184052636293,16.,-27.1561008507362));
#4828=CARTESIAN_POINT('Ctrl Pts',(30.3731182805007,16.,-27.3422312304175));
#4829=CARTESIAN_POINT('Ctrl Pts',(30.5999614775284,16.,-27.4392908964524));
#4830=CARTESIAN_POINT('',(18.6738639542279,16.5,-27.1303818024168));
#4831=CARTESIAN_POINT('Ctrl Pts',(18.6738639542279,16.5,-27.1303818024168));
#4832=CARTESIAN_POINT('Ctrl Pts',(18.9239557183303,16.5,-27.0465262456418));
#4833=CARTESIAN_POINT('Ctrl Pts',(19.4231354569076,16.5,-26.8866264016455));
#4834=CARTESIAN_POINT('Ctrl Pts',(20.1688938191151,16.5,-26.6702094854147));
#4835=CARTESIAN_POINT('Ctrl Pts',(21.157115663752,16.5,-26.42929861842));
#4836=CARTESIAN_POINT('Ctrl Pts',(22.3814902932541,16.5,-26.2130022576439));
#4837=CARTESIAN_POINT('Ctrl Pts',(23.5939658727617,16.5,-26.0893016802711));
#4838=CARTESIAN_POINT('Ctrl Pts',(24.7935364322646,16.5,-26.0660251231002));
#4839=CARTESIAN_POINT('Ctrl Pts',(25.979590408441,16.5,-26.1479316370487));
#4840=CARTESIAN_POINT('Ctrl Pts',(27.1525814577282,16.5,-26.3314909677438));
#4841=CARTESIAN_POINT('Ctrl Pts',(28.3134620149074,16.5,-26.6092914777198));
#4842=CARTESIAN_POINT('Ctrl Pts',(29.233255929309,16.5,-26.9008716758698));
#4843=CARTESIAN_POINT('Ctrl Pts',(29.9184052636293,16.5,-27.1561008507362));
#4844=CARTESIAN_POINT('Ctrl Pts',(30.3731182805007,16.5,-27.3422312304175));
#4845=CARTESIAN_POINT('Ctrl Pts',(30.5999614775284,16.5,-27.4392908964524));
#4846=CARTESIAN_POINT('',(18.6738639542279,16.,-27.1303818024168));
#4847=CARTESIAN_POINT('Origin',(19.5785263010462,16.,-32.3597714657327));
#4848=CARTESIAN_POINT('',(19.5785263010462,16.,-32.3597714657327));
#4849=CARTESIAN_POINT('',(18.6738639542279,16.,-27.1303818024168));
#4850=CARTESIAN_POINT('',(19.5785263010462,16.5,-32.3597714657327));
#4851=CARTESIAN_POINT('',(18.6738639542279,16.5,-27.1303818024168));
#4852=CARTESIAN_POINT('',(19.5785263010462,16.,-32.3597714657327));
#4853=CARTESIAN_POINT('Ctrl Pts',(20.0477356915903,16.,-33.7255526858));
#4854=CARTESIAN_POINT('Ctrl Pts',(20.0477356915903,16.5,-33.7255526858));
#4855=CARTESIAN_POINT('Ctrl Pts',(20.0625645393915,16.,-33.7372969593199));
#4856=CARTESIAN_POINT('Ctrl Pts',(20.0625645393915,16.5,-33.7372969593199));
#4857=CARTESIAN_POINT('Ctrl Pts',(20.1000564401067,16.,-33.7639046325743));
#4858=CARTESIAN_POINT('Ctrl Pts',(20.1000564401067,16.5,-33.7639046325743));
#4859=CARTESIAN_POINT('Ctrl Pts',(20.1732389585039,16.,-33.8051144057199));
#4860=CARTESIAN_POINT('Ctrl Pts',(20.1732389585039,16.5,-33.8051144057199));
#4861=CARTESIAN_POINT('Ctrl Pts',(20.3032834511503,16.,-33.8561613778707));
#4862=CARTESIAN_POINT('Ctrl Pts',(20.3032834511503,16.5,-33.8561613778707));
#4863=CARTESIAN_POINT('Ctrl Pts',(20.5108420782696,16.,-33.9035485441719));
#4864=CARTESIAN_POINT('Ctrl Pts',(20.5108420782696,16.5,-33.9035485441719));
#4865=CARTESIAN_POINT('Ctrl Pts',(20.7568016602541,16.,-33.927421821077));
#4866=CARTESIAN_POINT('Ctrl Pts',(20.7568016602541,16.5,-33.927421821077));
#4867=CARTESIAN_POINT('Ctrl Pts',(21.0116031493262,16.,-33.9222795289638));
#4868=CARTESIAN_POINT('Ctrl Pts',(21.0116031493262,16.5,-33.9222795289638));
#4869=CARTESIAN_POINT('Ctrl Pts',(21.2535112430182,16.,-33.8871958613721));
#4870=CARTESIAN_POINT('Ctrl Pts',(21.2535112430182,16.5,-33.8871958613721));
#4871=CARTESIAN_POINT('Ctrl Pts',(21.4631138250657,16.,-33.8234645379193));
#4872=CARTESIAN_POINT('Ctrl Pts',(21.4631138250657,16.5,-33.8234645379193));
#4873=CARTESIAN_POINT('Ctrl Pts',(21.6262887690442,16.,-33.7341333638425));
#4874=CARTESIAN_POINT('Ctrl Pts',(21.6262887690442,16.5,-33.7341333638425));
#4875=CARTESIAN_POINT('Ctrl Pts',(21.7372334691748,16.,-33.6235637214949));
#4876=CARTESIAN_POINT('Ctrl Pts',(21.7372334691748,16.5,-33.6235637214949));
#4877=CARTESIAN_POINT('Ctrl Pts',(21.7963376648834,16.,-33.4969670641211));
#4878=CARTESIAN_POINT('Ctrl Pts',(21.7963376648834,16.5,-33.4969670641211));
#4879=CARTESIAN_POINT('Ctrl Pts',(21.8080298315467,16.,-33.3599522180157));
#4880=CARTESIAN_POINT('Ctrl Pts',(21.8080298315467,16.5,-33.3599522180157));
#4881=CARTESIAN_POINT('Ctrl Pts',(21.7786056676045,16.,-33.2180614446568));
#4882=CARTESIAN_POINT('Ctrl Pts',(21.7786056676045,16.5,-33.2180614446568));
#4883=CARTESIAN_POINT('Ctrl Pts',(21.7141785055395,16.,-33.0763337484766));
#4884=CARTESIAN_POINT('Ctrl Pts',(21.7141785055395,16.5,-33.0763337484766));
#4885=CARTESIAN_POINT('Ctrl Pts',(21.6183063596432,16.,-32.9387980240772));
#4886=CARTESIAN_POINT('Ctrl Pts',(21.6183063596432,16.5,-32.9387980240772));
#4887=CARTESIAN_POINT('Ctrl Pts',(21.4926882286629,16.,-32.8086077740259));
#4888=CARTESIAN_POINT('Ctrl Pts',(21.4926882286629,16.5,-32.8086077740259));
#4889=CARTESIAN_POINT('Ctrl Pts',(21.3383413192723,16.,-32.6882744329753));
#4890=CARTESIAN_POINT('Ctrl Pts',(21.3383413192723,16.5,-32.6882744329753));
#4891=CARTESIAN_POINT('Ctrl Pts',(21.1565754422955,16.,-32.5798574531778));
#4892=CARTESIAN_POINT('Ctrl Pts',(21.1565754422955,16.5,-32.5798574531778));
#4893=CARTESIAN_POINT('Ctrl Pts',(20.9501250121914,16.,-32.4851839237238));
#4894=CARTESIAN_POINT('Ctrl Pts',(20.9501250121914,16.5,-32.4851839237238));
#4895=CARTESIAN_POINT('Ctrl Pts',(20.7240531900493,16.,-32.4060226492091));
#4896=CARTESIAN_POINT('Ctrl Pts',(20.7240531900493,16.5,-32.4060226492091));
#4897=CARTESIAN_POINT('Ctrl Pts',(20.487170542116,16.,-32.3443543582721));
#4898=CARTESIAN_POINT('Ctrl Pts',(20.487170542116,16.5,-32.3443543582721));
#4899=CARTESIAN_POINT('Ctrl Pts',(20.2516201020546,16.,-32.3022919829242));
#4900=CARTESIAN_POINT('Ctrl Pts',(20.2516201020546,16.5,-32.3022919829242));
#4901=CARTESIAN_POINT('Ctrl Pts',(20.0306704356949,16.,-32.2816589012833));
#4902=CARTESIAN_POINT('Ctrl Pts',(20.0306704356949,16.5,-32.2816589012833));
#4903=CARTESIAN_POINT('Ctrl Pts',(19.8370021188112,16.,-32.2836592561326));
#4904=CARTESIAN_POINT('Ctrl Pts',(19.8370021188112,16.5,-32.2836592561326));
#4905=CARTESIAN_POINT('Ctrl Pts',(19.7120326542235,16.,-32.3035376478074));
#4906=CARTESIAN_POINT('Ctrl Pts',(19.7120326542235,16.5,-32.3035376478074));
#4907=CARTESIAN_POINT('Ctrl Pts',(19.637786823524,16.,-32.3282188192883));
#4908=CARTESIAN_POINT('Ctrl Pts',(19.637786823524,16.5,-32.3282188192883));
#4909=CARTESIAN_POINT('Ctrl Pts',(19.5968950050105,16.,-32.3486365103984));
#4910=CARTESIAN_POINT('Ctrl Pts',(19.5968950050105,16.5,-32.3486365103984));
#4911=CARTESIAN_POINT('Ctrl Pts',(19.5785263010462,16.,-32.3597714657327));
#4912=CARTESIAN_POINT('Ctrl Pts',(19.5785263010462,16.5,-32.3597714657327));
#4913=CARTESIAN_POINT('Ctrl Pts',(20.0477356915903,16.,-33.7255526857999));
#4914=CARTESIAN_POINT('Ctrl Pts',(20.0625645393915,16.,-33.7372969593198));
#4915=CARTESIAN_POINT('Ctrl Pts',(20.1000564401066,16.,-33.7639046325742));
#4916=CARTESIAN_POINT('Ctrl Pts',(20.1732389585038,16.,-33.8051144057199));
#4917=CARTESIAN_POINT('Ctrl Pts',(20.3032834511502,16.,-33.8561613778707));
#4918=CARTESIAN_POINT('Ctrl Pts',(20.5108420782696,16.,-33.9035485441719));
#4919=CARTESIAN_POINT('Ctrl Pts',(20.7568016602541,16.,-33.927421821077));
#4920=CARTESIAN_POINT('Ctrl Pts',(21.0116031493262,16.,-33.9222795289638));
#4921=CARTESIAN_POINT('Ctrl Pts',(21.2535112430182,16.,-33.8871958613721));
#4922=CARTESIAN_POINT('Ctrl Pts',(21.4631138250657,16.,-33.8234645379193));
#4923=CARTESIAN_POINT('Ctrl Pts',(21.6262887690442,16.,-33.7341333638425));
#4924=CARTESIAN_POINT('Ctrl Pts',(21.7372334691748,16.,-33.6235637214949));
#4925=CARTESIAN_POINT('Ctrl Pts',(21.7963376648834,16.,-33.4969670641211));
#4926=CARTESIAN_POINT('Ctrl Pts',(21.8080298315467,16.,-33.3599522180157));
#4927=CARTESIAN_POINT('Ctrl Pts',(21.7786056676045,16.,-33.2180614446568));
#4928=CARTESIAN_POINT('Ctrl Pts',(21.7141785055395,16.,-33.0763337484766));
#4929=CARTESIAN_POINT('Ctrl Pts',(21.6183063596432,16.,-32.9387980240772));
#4930=CARTESIAN_POINT('Ctrl Pts',(21.4926882286629,16.,-32.8086077740259));
#4931=CARTESIAN_POINT('Ctrl Pts',(21.3383413192723,16.,-32.6882744329753));
#4932=CARTESIAN_POINT('Ctrl Pts',(21.1565754422955,16.,-32.5798574531778));
#4933=CARTESIAN_POINT('Ctrl Pts',(20.9501250121914,16.,-32.4851839237238));
#4934=CARTESIAN_POINT('Ctrl Pts',(20.7240531900493,16.,-32.4060226492091));
#4935=CARTESIAN_POINT('Ctrl Pts',(20.487170542116,16.,-32.3443543582721));
#4936=CARTESIAN_POINT('Ctrl Pts',(20.2516201020546,16.,-32.3022919829242));
#4937=CARTESIAN_POINT('Ctrl Pts',(20.0306704356949,16.,-32.2816589012833));
#4938=CARTESIAN_POINT('Ctrl Pts',(19.8370021188112,16.,-32.2836592561326));
#4939=CARTESIAN_POINT('Ctrl Pts',(19.7120326542235,16.,-32.3035376478074));
#4940=CARTESIAN_POINT('Ctrl Pts',(19.637786823524,16.,-32.3282188192883));
#4941=CARTESIAN_POINT('Ctrl Pts',(19.5968950050105,16.,-32.3486365103984));
#4942=CARTESIAN_POINT('Ctrl Pts',(19.5785263010462,16.,-32.3597714657327));
#4943=CARTESIAN_POINT('Ctrl Pts',(20.0477356915903,16.5,-33.7255526858));
#4944=CARTESIAN_POINT('Ctrl Pts',(20.0625645393915,16.5,-33.7372969593199));
#4945=CARTESIAN_POINT('Ctrl Pts',(20.1000564401067,16.5,-33.7639046325743));
#4946=CARTESIAN_POINT('Ctrl Pts',(20.1732389585039,16.5,-33.8051144057199));
#4947=CARTESIAN_POINT('Ctrl Pts',(20.3032834511503,16.5,-33.8561613778707));
#4948=CARTESIAN_POINT('Ctrl Pts',(20.5108420782696,16.5,-33.9035485441719));
#4949=CARTESIAN_POINT('Ctrl Pts',(20.7568016602541,16.5,-33.927421821077));
#4950=CARTESIAN_POINT('Ctrl Pts',(21.0116031493262,16.5,-33.9222795289638));
#4951=CARTESIAN_POINT('Ctrl Pts',(21.2535112430182,16.5,-33.8871958613721));
#4952=CARTESIAN_POINT('Ctrl Pts',(21.4631138250657,16.5,-33.8234645379193));
#4953=CARTESIAN_POINT('Ctrl Pts',(21.6262887690442,16.5,-33.7341333638425));
#4954=CARTESIAN_POINT('Ctrl Pts',(21.7372334691748,16.5,-33.6235637214949));
#4955=CARTESIAN_POINT('Ctrl Pts',(21.7963376648834,16.5,-33.4969670641211));
#4956=CARTESIAN_POINT('Ctrl Pts',(21.8080298315467,16.5,-33.3599522180157));
#4957=CARTESIAN_POINT('Ctrl Pts',(21.7786056676045,16.5,-33.2180614446568));
#4958=CARTESIAN_POINT('Ctrl Pts',(21.7141785055395,16.5,-33.0763337484766));
#4959=CARTESIAN_POINT('Ctrl Pts',(21.6183063596432,16.5,-32.9387980240772));
#4960=CARTESIAN_POINT('Ctrl Pts',(21.4926882286629,16.5,-32.8086077740259));
#4961=CARTESIAN_POINT('Ctrl Pts',(21.3383413192723,16.5,-32.6882744329753));
#4962=CARTESIAN_POINT('Ctrl Pts',(21.1565754422955,16.5,-32.5798574531778));
#4963=CARTESIAN_POINT('Ctrl Pts',(20.9501250121914,16.5,-32.4851839237238));
#4964=CARTESIAN_POINT('Ctrl Pts',(20.7240531900493,16.5,-32.4060226492091));
#4965=CARTESIAN_POINT('Ctrl Pts',(20.487170542116,16.5,-32.3443543582721));
#4966=CARTESIAN_POINT('Ctrl Pts',(20.2516201020546,16.5,-32.3022919829242));
#4967=CARTESIAN_POINT('Ctrl Pts',(20.0306704356949,16.5,-32.2816589012833));
#4968=CARTESIAN_POINT('Ctrl Pts',(19.8370021188112,16.5,-32.2836592561326));
#4969=CARTESIAN_POINT('Ctrl Pts',(19.7120326542235,16.5,-32.3035376478074));
#4970=CARTESIAN_POINT('Ctrl Pts',(19.637786823524,16.5,-32.3282188192883));
#4971=CARTESIAN_POINT('Ctrl Pts',(19.5968950050105,16.5,-32.3486365103984));
#4972=CARTESIAN_POINT('Ctrl Pts',(19.5785263010462,16.5,-32.3597714657327));
#4973=CARTESIAN_POINT('Origin',(24.6644938849884,16.5,-33.1625217110136));
#4974=CARTESIAN_POINT('Origin',(24.6644938849884,16.,-33.1625217110136));
#4975=CARTESIAN_POINT('Origin',(29.1898255589816,16.,-33.2187542739007));
#4976=CARTESIAN_POINT('',(29.1898255589816,16.5,-32.991581861088));
#4977=CARTESIAN_POINT('Origin',(29.1898255589816,16.5,-33.2187542739007));
#4978=CARTESIAN_POINT('',(29.1898255589816,16.,-32.991581861088));
#4979=CARTESIAN_POINT('',(29.1898255589816,16.,-32.991581861088));
#4980=CARTESIAN_POINT('Origin',(29.1898255589816,16.,-33.2187542739007));
#4981=CARTESIAN_POINT('Origin',(29.1898255589816,16.5,-33.2187542739007));
#4982=CARTESIAN_POINT('Origin',(29.1898255589816,16.,-33.2187542739007));
#4983=UNCERTAINTY_MEASURE_WITH_UNIT(LENGTH_MEASURE(0.01),#4987,
'DISTANCE_ACCURACY_VALUE',
'Maximum model space distance between geometric entities at asserted c
onnectivities');
#4984=UNCERTAINTY_MEASURE_WITH_UNIT(LENGTH_MEASURE(0.01),#4987,
'DISTANCE_ACCURACY_VALUE',
'Maximum model space distance between geometric entities at asserted c
onnectivities');
#4985=(
GEOMETRIC_REPRESENTATION_CONTEXT(3)
GLOBAL_UNCERTAINTY_ASSIGNED_CONTEXT((#4983))
GLOBAL_UNIT_ASSIGNED_CONTEXT((#4987,#4989,#4990))
REPRESENTATION_CONTEXT('','3D')
);
#4986=(
GEOMETRIC_REPRESENTATION_CONTEXT(3)
GLOBAL_UNCERTAINTY_ASSIGNED_CONTEXT((#4984))
GLOBAL_UNIT_ASSIGNED_CONTEXT((#4987,#4989,#4990))
REPRESENTATION_CONTEXT('','3D')
);
#4987=(
LENGTH_UNIT()
NAMED_UNIT(*)
SI_UNIT(.MILLI.,.METRE.)
);
#4988=(
LENGTH_UNIT()
NAMED_UNIT(*)
SI_UNIT($,.METRE.)
);
#4989=(
NAMED_UNIT(*)
PLANE_ANGLE_UNIT()
SI_UNIT($,.RADIAN.)
);
#4990=(
NAMED_UNIT(*)
SI_UNIT($,.STERADIAN.)
SOLID_ANGLE_UNIT()
);
#4991=SHAPE_DEFINITION_REPRESENTATION(#4992,#4993);
#4992=PRODUCT_DEFINITION_SHAPE('',$,#4995);
#4993=SHAPE_REPRESENTATION('',(#2811),#4985);
#4994=PRODUCT_DEFINITION_CONTEXT('part definition',#4999,'design');
#4995=PRODUCT_DEFINITION('HackPad','HackPad v3',#4996,#4994);
#4996=PRODUCT_DEFINITION_FORMATION('',$,#5001);
#4997=PRODUCT_RELATED_PRODUCT_CATEGORY('HackPad v3','HackPad v3',(#5001));
#4998=APPLICATION_PROTOCOL_DEFINITION('international standard',
'automotive_design',2009,#4999);
#4999=APPLICATION_CONTEXT(
'Core Data for Automotive Mechanical Design Process');
#5000=PRODUCT_CONTEXT('part definition',#4999,'mechanical');
#5001=PRODUCT('HackPad','HackPad v3',$,(#5000));
#5002=PRESENTATION_STYLE_ASSIGNMENT((#5005));
#5003=PRESENTATION_STYLE_ASSIGNMENT((#5006));
#5004=PRESENTATION_STYLE_ASSIGNMENT((#5007));
#5005=SURFACE_STYLE_USAGE(.BOTH.,#5008);
#5006=SURFACE_STYLE_USAGE(.BOTH.,#5009);
#5007=SURFACE_STYLE_USAGE(.BOTH.,#5010);
#5008=SURFACE_SIDE_STYLE('',(#5011));
#5009=SURFACE_SIDE_STYLE('',(#5012));
#5010=SURFACE_SIDE_STYLE('',(#5013));
#5011=SURFACE_STYLE_FILL_AREA(#5014);
#5012=SURFACE_STYLE_FILL_AREA(#5015);
#5013=SURFACE_STYLE_FILL_AREA(#5016);
#5014=FILL_AREA_STYLE('Steel - Satin',(#5017));
#5015=FILL_AREA_STYLE('ABS (White)',(#5018));
#5016=FILL_AREA_STYLE('Paint - Enamel Glossy (Green)',(#5019));
#5017=FILL_AREA_STYLE_COLOUR('Steel - Satin',#5020);
#5018=FILL_AREA_STYLE_COLOUR('ABS (White)',#5021);
#5019=FILL_AREA_STYLE_COLOUR('Paint - Enamel Glossy (Green)',#5022);
#5020=COLOUR_RGB('Steel - Satin',0.627450980392157,0.627450980392157,0.627450980392157);
#5021=COLOUR_RGB('ABS (White)',0.964705882352941,0.964705882352941,0.952941176470588);
#5022=COLOUR_RGB('Paint - Enamel Glossy (Green)',0.266666666666667,0.588235294117647,
0.282352941176471);
ENDSEC;
END-ISO-10303-21;
