ISO-10303-21;
HEADER;
/* Generated by software containing ST-Developer
 * from STEP Tools, Inc. (www.steptools.com) 
 */

FILE_DESCRIPTION(
/* description */ (''),
/* implementation_level */ '2;1');

FILE_NAME(
/* name */ 'HackPadmain.step',
/* time_stamp */ '2026-10-07T09:01:45+10:30',
/* author */ (''),
/* organization */ (''),
/* preprocessor_version */ 'ST-DEVELOPER v20.2',
/* originating_system */ 'Autodesk Translation Framework v15.15.0.0',
/* authorisation */ '');

FILE_SCHEMA (('AUTOMOTIVE_DESIGN { 1 0 10303 214 3 1 1 }'));
ENDSEC;

DATA;
#10=MECHANICAL_DESIGN_GEOMETRIC_PRESENTATION_REPRESENTATION('',(#29,#30,
#31,#32,#33,#34,#35,#36),#5727);
#11=SHAPE_REPRESENTATION_RELATIONSHIP('SRR','None',#5734,#12);
#12=ADVANCED_BREP_SHAPE_REPRESENTATION('',(#37,#38,#39,#40,#41,#42,#43),
#5726);
#13=(
BOUNDED_CURVE()
B_SPLINE_CURVE(5,(#5123,#5124,#5125,#5126,#5127,#5128,#5129,#5130,#5131,
#5132,#5133,#5134,#5135,#5136,#5137,#5138,#5139,#5140,#5141,#5142,#5143,
#5144,#5145,#5146,#5147,#5148,#5149,#5150,#5151,#5152,#5153,#5154,#5155,
#5156,#5157,#5158,#5159,#5160,#5161,#5162,#5163,#5164,#5165,#5166,#5167,
#5168,#5169,#5170,#5171,#5172,#5173,#5174,#5175,#5176,#5177,#5178,#5179,
#5180,#5181,#5182,#5183,#5184,#5185,#5186,#5187),.UNSPECIFIED.,.T.,.F.)
B_SPLINE_CURVE_WITH_KNOTS((6,1,1,1,1,1,1,1,1,1,1,1,1,1,1,1,1,1,1,1,1,1,
1,1,1,1,1,1,1,1,1,1,1,1,1,1,1,1,1,1,1,1,1,1,1,1,1,1,1,1,1,1,1,1,1,1,1,1,
1,1,6),(0.,0.0166666666666667,0.0333333333333333,0.05,0.0666666666666667,
0.0833333333333333,0.1,0.116666666666667,0.133333333333333,0.15,0.166666666666667,
0.183333333333333,0.2,0.216666666666667,0.233333333333333,0.25,0.266666666666667,
0.283333333333333,0.3,0.316666666666667,0.333333333333333,0.35,0.366666666666667,
0.383333333333333,0.4,0.416666666666667,0.433333333333333,0.45,0.466666666666667,
0.483333333333333,0.5,0.516666666666667,0.533333333333333,0.55,0.566666666666667,
0.583333333333333,0.6,0.616666666666667,0.633333333333334,0.65,0.666666666666667,
0.683333333333334,0.700000000000001,0.716666666666667,0.733333333333334,
0.750000000000001,0.766666666666667,0.783333333333334,0.800000000000001,
0.816666666666668,0.833333333333334,0.850000000000001,0.866666666666668,
0.883333333333334,0.900000000000001,0.916666666666668,0.933333333333335,
0.950000000000001,0.966666666666668,0.983333333333335,1.),.UNSPECIFIED.)
CURVE()
GEOMETRIC_REPRESENTATION_ITEM()
RATIONAL_B_SPLINE_CURVE((1.,1.,1.,1.,1.,1.,1.,1.,1.,1.,1.,1.,1.,1.,1.,1.,
1.,1.,1.,1.,1.,1.,1.,1.,1.,1.,1.,1.,1.,1.,1.,1.,1.,1.,1.,1.,1.,1.,1.,1.,
1.,1.,1.,1.,1.,1.,1.,1.,1.,1.,1.,1.,1.,1.,1.,1.,1.,1.,1.,1.,1.,1.,1.,1.,
1.))
REPRESENTATION_ITEM('')
);
#14=(
BOUNDED_CURVE()
B_SPLINE_CURVE(5,(#5190,#5191,#5192,#5193,#5194,#5195,#5196,#5197,#5198,
#5199,#5200,#5201,#5202,#5203,#5204,#5205,#5206,#5207,#5208,#5209,#5210,
#5211,#5212,#5213,#5214,#5215,#5216,#5217,#5218,#5219,#5220,#5221,#5222,
#5223,#5224,#5225,#5226,#5227,#5228,#5229,#5230,#5231,#5232,#5233,#5234,
#5235,#5236,#5237,#5238,#5239,#5240,#5241,#5242,#5243,#5244,#5245,#5246,
#5247,#5248,#5249,#5250,#5251,#5252,#5253,#5254),.UNSPECIFIED.,.T.,.F.)
B_SPLINE_CURVE_WITH_KNOTS((6,1,1,1,1,1,1,1,1,1,1,1,1,1,1,1,1,1,1,1,1,1,
1,1,1,1,1,1,1,1,1,1,1,1,1,1,1,1,1,1,1,1,1,1,1,1,1,1,1,1,1,1,1,1,1,1,1,1,
1,1,6),(0.,0.0166666666666667,0.0333333333333333,0.05,0.0666666666666667,
0.0833333333333333,0.1,0.116666666666667,0.133333333333333,0.15,0.166666666666667,
0.183333333333333,0.2,0.216666666666667,0.233333333333333,0.25,0.266666666666667,
0.283333333333333,0.3,0.316666666666667,0.333333333333333,0.35,0.366666666666667,
0.383333333333333,0.4,0.416666666666667,0.433333333333333,0.45,0.466666666666667,
0.483333333333333,0.5,0.516666666666667,0.533333333333333,0.55,0.566666666666667,
0.583333333333333,0.6,0.616666666666667,0.633333333333334,0.65,0.666666666666667,
0.683333333333334,0.700000000000001,0.716666666666667,0.733333333333334,
0.750000000000001,0.766666666666667,0.783333333333334,0.800000000000001,
0.816666666666668,0.833333333333334,0.850000000000001,0.866666666666668,
0.883333333333334,0.900000000000001,0.916666666666668,0.933333333333335,
0.950000000000001,0.966666666666668,0.983333333333335,1.),.UNSPECIFIED.)
CURVE()
GEOMETRIC_REPRESENTATION_ITEM()
RATIONAL_B_SPLINE_CURVE((1.,1.,1.,1.,1.,1.,1.,1.,1.,1.,1.,1.,1.,1.,1.,1.,
1.,1.,1.,1.,1.,1.,1.,1.,1.,1.,1.,1.,1.,1.,1.,1.,1.,1.,1.,1.,1.,1.,1.,1.,
1.,1.,1.,1.,1.,1.,1.,1.,1.,1.,1.,1.,1.,1.,1.,1.,1.,1.,1.,1.,1.,1.,1.,1.,
1.))
REPRESENTATION_ITEM('')
);
#15=(
BOUNDED_CURVE()
B_SPLINE_CURVE(5,(#5429,#5430,#5431,#5432,#5433,#5434,#5435,#5436,#5437,
#5438,#5439,#5440,#5441,#5442,#5443,#5444,#5445,#5446,#5447,#5448,#5449,
#5450),.UNSPECIFIED.,.F.,.F.)
B_SPLINE_CURVE_WITH_KNOTS((6,1,1,1,1,1,1,1,1,1,1,1,1,1,1,1,1,6),(0.443055076228508,
0.466666666666667,0.5,0.533333333333333,0.566666666666667,0.6,0.633333333333333,
0.666666666666667,0.7,0.733333333333333,0.766666666666667,0.8,0.833333333333333,
0.866666666666667,0.9,0.933333333333333,0.966666666666667,1.),
 .UNSPECIFIED.)
CURVE()
GEOMETRIC_REPRESENTATION_ITEM()
RATIONAL_B_SPLINE_CURVE((1.,1.,1.,1.,1.,1.,1.,1.,1.,1.,1.,1.,1.,1.,1.,1.,
1.,1.,1.,1.,1.,1.))
REPRESENTATION_ITEM('')
);
#16=(
BOUNDED_CURVE()
B_SPLINE_CURVE(5,(#5452,#5453,#5454,#5455,#5456,#5457,#5458,#5459,#5460,
#5461,#5462,#5463,#5464,#5465,#5466,#5467,#5468,#5469,#5470,#5471,#5472,
#5473),.UNSPECIFIED.,.F.,.F.)
B_SPLINE_CURVE_WITH_KNOTS((6,1,1,1,1,1,1,1,1,1,1,1,1,1,1,1,1,6),(-1.,-0.966666666666667,
-0.933333333333333,-0.9,-0.866666666666667,-0.833333333333333,-0.8,-0.766666666666667,
-0.733333333333333,-0.7,-0.666666666666667,-0.633333333333333,-0.6,-0.566666666666667,
-0.533333333333333,-0.5,-0.466666666666667,-0.443055076228508),
 .UNSPECIFIED.)
CURVE()
GEOMETRIC_REPRESENTATION_ITEM()
RATIONAL_B_SPLINE_CURVE((1.,1.,1.,1.,1.,1.,1.,1.,1.,1.,1.,1.,1.,1.,1.,1.,
1.,1.,1.,1.,1.,1.))
REPRESENTATION_ITEM('')
);
#17=(
BOUNDED_CURVE()
B_SPLINE_CURVE(5,(#5530,#5531,#5532,#5533,#5534,#5535,#5536,#5537,#5538,
#5539,#5540,#5541,#5542,#5543,#5544),.UNSPECIFIED.,.F.,.F.)
B_SPLINE_CURVE_WITH_KNOTS((6,1,1,1,1,1,1,1,1,1,6),(0.,0.1,0.2,0.3,0.4,0.5,
0.6,0.7,0.8,0.9,1.),.UNSPECIFIED.)
CURVE()
GEOMETRIC_REPRESENTATION_ITEM()
RATIONAL_B_SPLINE_CURVE((1.,1.,1.,1.,1.,1.,1.,1.,1.,1.,1.,1.,1.,1.,1.))
REPRESENTATION_ITEM('')
);
#18=(
BOUNDED_CURVE()
B_SPLINE_CURVE(5,(#5546,#5547,#5548,#5549,#5550,#5551,#5552,#5553,#5554,
#5555,#5556,#5557,#5558,#5559,#5560),.UNSPECIFIED.,.F.,.F.)
B_SPLINE_CURVE_WITH_KNOTS((6,1,1,1,1,1,1,1,1,1,6),(0.,0.1,0.2,0.3,0.4,0.5,
0.6,0.7,0.8,0.9,1.),.UNSPECIFIED.)
CURVE()
GEOMETRIC_REPRESENTATION_ITEM()
RATIONAL_B_SPLINE_CURVE((1.,1.,1.,1.,1.,1.,1.,1.,1.,1.,1.,1.,1.,1.,1.))
REPRESENTATION_ITEM('')
);
#19=(
BOUNDED_CURVE()
B_SPLINE_CURVE(5,(#5628,#5629,#5630,#5631,#5632,#5633,#5634,#5635,#5636,
#5637,#5638,#5639,#5640,#5641,#5642,#5643,#5644,#5645,#5646,#5647,#5648,
#5649,#5650,#5651,#5652,#5653,#5654,#5655,#5656,#5657),.UNSPECIFIED.,.F.,
 .F.)
B_SPLINE_CURVE_WITH_KNOTS((6,1,1,1,1,1,1,1,1,1,1,1,1,1,1,1,1,1,1,1,1,1,
1,1,1,6),(0.448789760183446,0.466666666666666,0.488888888888889,0.511111111111111,
0.533333333333333,0.555555555555555,0.577777777777778,0.6,0.622222222222222,
0.644444444444444,0.666666666666667,0.688888888888889,0.711111111111111,
0.733333333333333,0.755555555555556,0.777777777777778,0.8,0.822222222222222,
0.844444444444445,0.866666666666667,0.888888888888889,0.911111111111111,
0.933333333333334,0.955555555555556,0.977777777777778,1.),.UNSPECIFIED.)
CURVE()
GEOMETRIC_REPRESENTATION_ITEM()
RATIONAL_B_SPLINE_CURVE((1.,1.,1.,1.,1.,1.,1.,1.,1.,1.,1.,1.,1.,1.,1.,1.,
1.,1.,1.,1.,1.,1.,1.,1.,1.,1.,1.,1.,1.,1.))
REPRESENTATION_ITEM('')
);
#20=(
BOUNDED_CURVE()
B_SPLINE_CURVE(5,(#5658,#5659,#5660,#5661,#5662,#5663,#5664,#5665,#5666,
#5667,#5668,#5669,#5670,#5671,#5672,#5673,#5674,#5675,#5676,#5677,#5678,
#5679,#5680,#5681,#5682,#5683,#5684,#5685,#5686,#5687),.UNSPECIFIED.,.F.,
 .F.)
B_SPLINE_CURVE_WITH_KNOTS((6,1,1,1,1,1,1,1,1,1,1,1,1,1,1,1,1,1,1,1,1,1,
1,1,1,6),(0.448789760183465,0.466666666666666,0.488888888888889,0.511111111111111,
0.533333333333333,0.555555555555555,0.577777777777778,0.6,0.622222222222222,
0.644444444444444,0.666666666666667,0.688888888888889,0.711111111111111,
0.733333333333333,0.755555555555556,0.777777777777778,0.8,0.822222222222222,
0.844444444444445,0.866666666666667,0.888888888888889,0.911111111111111,
0.933333333333334,0.955555555555556,0.977777777777778,1.),.UNSPECIFIED.)
CURVE()
GEOMETRIC_REPRESENTATION_ITEM()
RATIONAL_B_SPLINE_CURVE((1.,1.,1.,1.,1.,1.,1.,1.,1.,1.,1.,1.,1.,1.,1.,1.,
1.,1.,1.,1.,1.,1.,1.,1.,1.,1.,1.,1.,1.,1.))
REPRESENTATION_ITEM('')
);
#21=(
BOUNDED_SURFACE()
B_SPLINE_SURFACE(2,2,((#4370,#4371,#4372),(#4373,#4374,#4375),(#4376,#4377,
#4378)),.UNSPECIFIED.,.F.,.F.,.F.)
B_SPLINE_SURFACE_WITH_KNOTS((3,3),(3,3),(-1.5707963267949,0.),(-1.5707963267949,
0.),.UNSPECIFIED.)
GEOMETRIC_REPRESENTATION_ITEM()
RATIONAL_B_SPLINE_SURFACE(((1.,0.707106781186548,1.),(0.707106781186542,
0.499999999999996,0.707106781186542),(1.,0.707106781186548,1.)))
REPRESENTATION_ITEM('')
SURFACE()
);
#22=(
BOUNDED_SURFACE()
B_SPLINE_SURFACE(2,2,((#4503,#4504,#4505),(#4506,#4507,#4508),(#4509,#4510,
#4511)),.UNSPECIFIED.,.F.,.F.,.F.)
B_SPLINE_SURFACE_WITH_KNOTS((3,3),(3,3),(-1.5707963267949,0.),(-3.14159265358979,
-1.5707963267949),.UNSPECIFIED.)
GEOMETRIC_REPRESENTATION_ITEM()
RATIONAL_B_SPLINE_SURFACE(((1.,0.707106781186548,1.),(0.707106781186542,
0.499999999999996,0.707106781186542),(1.,0.707106781186548,1.)))
REPRESENTATION_ITEM('')
SURFACE()
);
#23=(
BOUNDED_SURFACE()
B_SPLINE_SURFACE(2,2,((#4527,#4528,#4529),(#4530,#4531,#4532),(#4533,#4534,
#4535)),.UNSPECIFIED.,.F.,.F.,.F.)
B_SPLINE_SURFACE_WITH_KNOTS((3,3),(3,3),(-1.5707963267949,0.),(0.,1.5707963267949),
 .UNSPECIFIED.)
GEOMETRIC_REPRESENTATION_ITEM()
RATIONAL_B_SPLINE_SURFACE(((1.,0.707106781186548,1.),(0.707106781186542,
0.499999999999996,0.707106781186542),(1.,0.707106781186548,1.)))
REPRESENTATION_ITEM('')
SURFACE()
);
#24=(
BOUNDED_SURFACE()
B_SPLINE_SURFACE(2,2,((#4551,#4552,#4553),(#4554,#4555,#4556),(#4557,#4558,
#4559)),.UNSPECIFIED.,.F.,.F.,.F.)
B_SPLINE_SURFACE_WITH_KNOTS((3,3),(3,3),(-1.5707963267949,0.),(1.5707963267949,
3.14159265358979),.UNSPECIFIED.)
GEOMETRIC_REPRESENTATION_ITEM()
RATIONAL_B_SPLINE_SURFACE(((1.,0.707106781186548,1.),(0.707106781186542,
0.499999999999996,0.707106781186542),(1.,0.707106781186548,1.)))
REPRESENTATION_ITEM('')
SURFACE()
);
#25=(
BOUNDED_SURFACE()
B_SPLINE_SURFACE(5,1,((#4992,#4993),(#4994,#4995),(#4996,#4997),(#4998,
#4999),(#5000,#5001),(#5002,#5003),(#5004,#5005),(#5006,#5007),(#5008,#5009),
(#5010,#5011),(#5012,#5013),(#5014,#5015),(#5016,#5017),(#5018,#5019),(#5020,
#5021),(#5022,#5023),(#5024,#5025),(#5026,#5027),(#5028,#5029),(#5030,#5031),
(#5032,#5033),(#5034,#5035),(#5036,#5037),(#5038,#5039),(#5040,#5041),(#5042,
#5043),(#5044,#5045),(#5046,#5047),(#5048,#5049),(#5050,#5051),(#5052,#5053),
(#5054,#5055),(#5056,#5057),(#5058,#5059),(#5060,#5061),(#5062,#5063),(#5064,
#5065),(#5066,#5067),(#5068,#5069),(#5070,#5071),(#5072,#5073),(#5074,#5075),
(#5076,#5077),(#5078,#5079),(#5080,#5081),(#5082,#5083),(#5084,#5085),(#5086,
#5087),(#5088,#5089),(#5090,#5091),(#5092,#5093),(#5094,#5095),(#5096,#5097),
(#5098,#5099),(#5100,#5101),(#5102,#5103),(#5104,#5105),(#5106,#5107),(#5108,
#5109),(#5110,#5111),(#5112,#5113),(#5114,#5115),(#5116,#5117),(#5118,#5119),
(#5120,#5121)),.UNSPECIFIED.,.T.,.F.,.F.)
B_SPLINE_SURFACE_WITH_KNOTS((6,1,1,1,1,1,1,1,1,1,1,1,1,1,1,1,1,1,1,1,1,
1,1,1,1,1,1,1,1,1,1,1,1,1,1,1,1,1,1,1,1,1,1,1,1,1,1,1,1,1,1,1,1,1,1,1,1,
1,1,1,6),(2,2),(0.,0.0166666666666667,0.0333333333333333,0.05,0.0666666666666667,
0.0833333333333333,0.1,0.116666666666667,0.133333333333333,0.15,0.166666666666667,
0.183333333333333,0.2,0.216666666666667,0.233333333333333,0.25,0.266666666666667,
0.283333333333333,0.3,0.316666666666667,0.333333333333333,0.35,0.366666666666667,
0.383333333333333,0.4,0.416666666666667,0.433333333333333,0.45,0.466666666666667,
0.483333333333333,0.5,0.516666666666667,0.533333333333333,0.55,0.566666666666667,
0.583333333333333,0.6,0.616666666666667,0.633333333333334,0.65,0.666666666666667,
0.683333333333334,0.700000000000001,0.716666666666667,0.733333333333334,
0.750000000000001,0.766666666666667,0.783333333333334,0.800000000000001,
0.816666666666668,0.833333333333334,0.850000000000001,0.866666666666668,
0.883333333333334,0.900000000000001,0.916666666666668,0.933333333333335,
0.950000000000001,0.966666666666668,0.983333333333335,1.),(0.,0.05),
 .UNSPECIFIED.)
GEOMETRIC_REPRESENTATION_ITEM()
RATIONAL_B_SPLINE_SURFACE(((1.,1.),(1.,1.),(1.,1.),(1.,1.),(1.,1.),(1.,
1.),(1.,1.),(1.,1.),(1.,1.),(1.,1.),(1.,1.),(1.,1.),(1.,1.),(1.,1.),(1.,
1.),(1.,1.),(1.,1.),(1.,1.),(1.,1.),(1.,1.),(1.,1.),(1.,1.),(1.,1.),(1.,
1.),(1.,1.),(1.,1.),(1.,1.),(1.,1.),(1.,1.),(1.,1.),(1.,1.),(1.,1.),(1.,
1.),(1.,1.),(1.,1.),(1.,1.),(1.,1.),(1.,1.),(1.,1.),(1.,1.),(1.,1.),(1.,
1.),(1.,1.),(1.,1.),(1.,1.),(1.,1.),(1.,1.),(1.,1.),(1.,1.),(1.,1.),(1.,
1.),(1.,1.),(1.,1.),(1.,1.),(1.,1.),(1.,1.),(1.,1.),(1.,1.),(1.,1.),(1.,
1.),(1.,1.),(1.,1.),(1.,1.),(1.,1.),(1.,1.)))
REPRESENTATION_ITEM('')
SURFACE()
);
#26=(
BOUNDED_SURFACE()
B_SPLINE_SURFACE(5,1,((#5384,#5385),(#5386,#5387),(#5388,#5389),(#5390,
#5391),(#5392,#5393),(#5394,#5395),(#5396,#5397),(#5398,#5399),(#5400,#5401),
(#5402,#5403),(#5404,#5405),(#5406,#5407),(#5408,#5409),(#5410,#5411),(#5412,
#5413),(#5414,#5415),(#5416,#5417),(#5418,#5419),(#5420,#5421),(#5422,#5423),
(#5424,#5425),(#5426,#5427)),.UNSPECIFIED.,.F.,.F.,.F.)
B_SPLINE_SURFACE_WITH_KNOTS((6,1,1,1,1,1,1,1,1,1,1,1,1,1,1,1,1,6),(2,2),
(-1.,-0.966666666666667,-0.933333333333333,-0.9,-0.866666666666667,-0.833333333333333,
-0.8,-0.766666666666667,-0.733333333333333,-0.7,-0.666666666666667,-0.633333333333333,
-0.6,-0.566666666666667,-0.533333333333333,-0.5,-0.466666666666667,-0.443055076228508),
(0.,0.05),.UNSPECIFIED.)
GEOMETRIC_REPRESENTATION_ITEM()
RATIONAL_B_SPLINE_SURFACE(((1.,1.),(1.,1.),(1.,1.),(1.,1.),(1.,1.),(1.,
1.),(1.,1.),(1.,1.),(1.,1.),(1.,1.),(1.,1.),(1.,1.),(1.,1.),(1.,1.),(1.,
1.),(1.,1.),(1.,1.),(1.,1.),(1.,1.),(1.,1.),(1.,1.),(1.,1.)))
REPRESENTATION_ITEM('')
SURFACE()
);
#27=(
BOUNDED_SURFACE()
B_SPLINE_SURFACE(5,1,((#5499,#5500),(#5501,#5502),(#5503,#5504),(#5505,
#5506),(#5507,#5508),(#5509,#5510),(#5511,#5512),(#5513,#5514),(#5515,#5516),
(#5517,#5518),(#5519,#5520),(#5521,#5522),(#5523,#5524),(#5525,#5526),(#5527,
#5528)),.UNSPECIFIED.,.F.,.F.,.F.)
B_SPLINE_SURFACE_WITH_KNOTS((6,1,1,1,1,1,1,1,1,1,6),(2,2),(0.,0.1,0.2,0.3,
0.4,0.5,0.6,0.7,0.8,0.9,1.),(0.,0.05),.UNSPECIFIED.)
GEOMETRIC_REPRESENTATION_ITEM()
RATIONAL_B_SPLINE_SURFACE(((1.,1.),(1.,1.),(1.,1.),(1.,1.),(1.,1.),(1.,
1.),(1.,1.),(1.,1.),(1.,1.),(1.,1.),(1.,1.),(1.,1.),(1.,1.),(1.,1.),(1.,
1.)))
REPRESENTATION_ITEM('')
SURFACE()
);
#28=(
BOUNDED_SURFACE()
B_SPLINE_SURFACE(5,1,((#5568,#5569),(#5570,#5571),(#5572,#5573),(#5574,
#5575),(#5576,#5577),(#5578,#5579),(#5580,#5581),(#5582,#5583),(#5584,#5585),
(#5586,#5587),(#5588,#5589),(#5590,#5591),(#5592,#5593),(#5594,#5595),(#5596,
#5597),(#5598,#5599),(#5600,#5601),(#5602,#5603),(#5604,#5605),(#5606,#5607),
(#5608,#5609),(#5610,#5611),(#5612,#5613),(#5614,#5615),(#5616,#5617),(#5618,
#5619),(#5620,#5621),(#5622,#5623),(#5624,#5625),(#5626,#5627)),
 .UNSPECIFIED.,.F.,.F.,.F.)
B_SPLINE_SURFACE_WITH_KNOTS((6,1,1,1,1,1,1,1,1,1,1,1,1,1,1,1,1,1,1,1,1,
1,1,1,1,6),(2,2),(0.448789760183465,0.466666666666666,0.488888888888889,
0.511111111111111,0.533333333333333,0.555555555555555,0.577777777777778,
0.6,0.622222222222222,0.644444444444444,0.666666666666667,0.688888888888889,
0.711111111111111,0.733333333333333,0.755555555555556,0.777777777777778,
0.8,0.822222222222222,0.844444444444445,0.866666666666667,0.888888888888889,
0.911111111111111,0.933333333333334,0.955555555555556,0.977777777777778,
1.),(0.,0.05),.UNSPECIFIED.)
GEOMETRIC_REPRESENTATION_ITEM()
RATIONAL_B_SPLINE_SURFACE(((1.,1.),(1.,1.),(1.,1.),(1.,1.),(1.,1.),(1.,
1.),(1.,1.),(1.,1.),(1.,1.),(1.,1.),(1.,1.),(1.,1.),(1.,1.),(1.,1.),(1.,
1.),(1.,1.),(1.,1.),(1.,1.),(1.,1.),(1.,1.),(1.,1.),(1.,1.),(1.,1.),(1.,
1.),(1.,1.),(1.,1.),(1.,1.),(1.,1.),(1.,1.),(1.,1.)))
REPRESENTATION_ITEM('')
SURFACE()
);
#29=STYLED_ITEM('',(#5744),#37);
#30=STYLED_ITEM('',(#5744),#38);
#31=STYLED_ITEM('',(#5744),#39);
#32=STYLED_ITEM('',(#5744),#40);
#33=STYLED_ITEM('',(#5744),#41);
#34=STYLED_ITEM('',(#5744),#42);
#35=STYLED_ITEM('',(#5745),#3240);
#36=STYLED_ITEM('',(#5743),#43);
#37=MANIFOLD_SOLID_BREP('botton piece',#3241);
#38=MANIFOLD_SOLID_BREP('top peice',#3242);
#39=MANIFOLD_SOLID_BREP('shark1',#3243);
#40=MANIFOLD_SOLID_BREP('shark2',#3244);
#41=MANIFOLD_SOLID_BREP('shark3',#3245);
#42=MANIFOLD_SOLID_BREP('shark4',#3246);
#43=MANIFOLD_SOLID_BREP('pcb',#3247);
#44=FACE_BOUND('',#391,.T.);
#45=FACE_BOUND('',#392,.T.);
#46=FACE_BOUND('',#393,.T.);
#47=FACE_BOUND('',#394,.T.);
#48=FACE_BOUND('',#395,.T.);
#49=FACE_BOUND('',#400,.T.);
#50=FACE_BOUND('',#401,.T.);
#51=FACE_BOUND('',#402,.T.);
#52=FACE_BOUND('',#403,.T.);
#53=FACE_BOUND('',#422,.T.);
#54=FACE_BOUND('',#423,.T.);
#55=FACE_BOUND('',#424,.T.);
#56=FACE_BOUND('',#425,.T.);
#57=FACE_BOUND('',#426,.T.);
#58=FACE_BOUND('',#427,.T.);
#59=FACE_BOUND('',#428,.T.);
#60=FACE_BOUND('',#429,.T.);
#61=FACE_BOUND('',#430,.T.);
#62=FACE_BOUND('',#431,.T.);
#63=FACE_BOUND('',#432,.T.);
#64=FACE_BOUND('',#433,.T.);
#65=FACE_BOUND('',#434,.T.);
#66=FACE_BOUND('',#435,.T.);
#67=FACE_BOUND('',#448,.T.);
#68=FACE_BOUND('',#449,.T.);
#69=FACE_BOUND('',#450,.T.);
#70=FACE_BOUND('',#451,.T.);
#71=FACE_BOUND('',#452,.T.);
#72=FACE_BOUND('',#453,.T.);
#73=FACE_BOUND('',#454,.T.);
#74=FACE_BOUND('',#455,.T.);
#75=FACE_BOUND('',#456,.T.);
#76=FACE_BOUND('',#457,.T.);
#77=FACE_BOUND('',#458,.T.);
#78=FACE_BOUND('',#459,.T.);
#79=FACE_BOUND('',#460,.T.);
#80=FACE_BOUND('',#461,.T.);
#81=FACE_BOUND('',#582,.T.);
#82=FACE_BOUND('',#583,.T.);
#83=FACE_BOUND('',#584,.T.);
#84=FACE_BOUND('',#586,.T.);
#85=FACE_BOUND('',#587,.T.);
#86=FACE_BOUND('',#588,.T.);
#87=PLANE('',#3264);
#88=PLANE('',#3272);
#89=PLANE('',#3277);
#90=PLANE('',#3283);
#91=PLANE('',#3285);
#92=PLANE('',#3286);
#93=PLANE('',#3291);
#94=PLANE('',#3292);
#95=PLANE('',#3293);
#96=PLANE('',#3294);
#97=PLANE('',#3295);
#98=PLANE('',#3304);
#99=PLANE('',#3305);
#100=PLANE('',#3319);
#101=PLANE('',#3326);
#102=PLANE('',#3332);
#103=PLANE('',#3337);
#104=PLANE('',#3338);
#105=PLANE('',#3339);
#106=PLANE('',#3340);
#107=PLANE('',#3341);
#108=PLANE('',#3342);
#109=PLANE('',#3343);
#110=PLANE('',#3344);
#111=PLANE('',#3345);
#112=PLANE('',#3346);
#113=PLANE('',#3347);
#114=PLANE('',#3348);
#115=PLANE('',#3349);
#116=PLANE('',#3350);
#117=PLANE('',#3351);
#118=PLANE('',#3352);
#119=PLANE('',#3353);
#120=PLANE('',#3354);
#121=PLANE('',#3355);
#122=PLANE('',#3356);
#123=PLANE('',#3357);
#124=PLANE('',#3358);
#125=PLANE('',#3359);
#126=PLANE('',#3360);
#127=PLANE('',#3362);
#128=PLANE('',#3363);
#129=PLANE('',#3364);
#130=PLANE('',#3365);
#131=PLANE('',#3366);
#132=PLANE('',#3367);
#133=PLANE('',#3368);
#134=PLANE('',#3369);
#135=PLANE('',#3372);
#136=PLANE('',#3373);
#137=PLANE('',#3374);
#138=PLANE('',#3375);
#139=PLANE('',#3376);
#140=PLANE('',#3377);
#141=PLANE('',#3378);
#142=PLANE('',#3379);
#143=PLANE('',#3381);
#144=PLANE('',#3382);
#145=PLANE('',#3383);
#146=PLANE('',#3384);
#147=PLANE('',#3385);
#148=PLANE('',#3386);
#149=PLANE('',#3387);
#150=PLANE('',#3388);
#151=PLANE('',#3389);
#152=PLANE('',#3390);
#153=PLANE('',#3391);
#154=PLANE('',#3392);
#155=PLANE('',#3393);
#156=PLANE('',#3394);
#157=PLANE('',#3395);
#158=PLANE('',#3396);
#159=PLANE('',#3397);
#160=PLANE('',#3398);
#161=PLANE('',#3399);
#162=PLANE('',#3400);
#163=PLANE('',#3401);
#164=PLANE('',#3402);
#165=PLANE('',#3403);
#166=PLANE('',#3404);
#167=PLANE('',#3405);
#168=PLANE('',#3406);
#169=PLANE('',#3407);
#170=PLANE('',#3408);
#171=PLANE('',#3409);
#172=PLANE('',#3410);
#173=PLANE('',#3411);
#174=PLANE('',#3412);
#175=PLANE('',#3413);
#176=PLANE('',#3414);
#177=PLANE('',#3415);
#178=PLANE('',#3416);
#179=PLANE('',#3417);
#180=PLANE('',#3418);
#181=PLANE('',#3419);
#182=PLANE('',#3420);
#183=PLANE('',#3421);
#184=PLANE('',#3422);
#185=PLANE('',#3426);
#186=PLANE('',#3427);
#187=PLANE('',#3428);
#188=PLANE('',#3429);
#189=PLANE('',#3430);
#190=PLANE('',#3431);
#191=PLANE('',#3432);
#192=PLANE('',#3433);
#193=PLANE('',#3434);
#194=PLANE('',#3435);
#195=PLANE('',#3436);
#196=PLANE('',#3437);
#197=PLANE('',#3438);
#198=PLANE('',#3439);
#199=PLANE('',#3440);
#200=PLANE('',#3441);
#201=PLANE('',#3442);
#202=PLANE('',#3443);
#203=PLANE('',#3444);
#204=PLANE('',#3445);
#205=PLANE('',#3446);
#206=PLANE('',#3447);
#207=PLANE('',#3448);
#208=PLANE('',#3449);
#209=PLANE('',#3450);
#210=PLANE('',#3451);
#211=PLANE('',#3452);
#212=PLANE('',#3453);
#213=PLANE('',#3454);
#214=PLANE('',#3455);
#215=PLANE('',#3459);
#216=PLANE('',#3460);
#217=PLANE('',#3461);
#218=PLANE('',#3462);
#219=PLANE('',#3463);
#220=PLANE('',#3464);
#221=PLANE('',#3465);
#222=PLANE('',#3466);
#223=FACE_OUTER_BOUND('',#389,.T.);
#224=FACE_OUTER_BOUND('',#390,.T.);
#225=FACE_OUTER_BOUND('',#396,.T.);
#226=FACE_OUTER_BOUND('',#397,.T.);
#227=FACE_OUTER_BOUND('',#398,.T.);
#228=FACE_OUTER_BOUND('',#399,.T.);
#229=FACE_OUTER_BOUND('',#404,.T.);
#230=FACE_OUTER_BOUND('',#405,.T.);
#231=FACE_OUTER_BOUND('',#406,.T.);
#232=FACE_OUTER_BOUND('',#407,.T.);
#233=FACE_OUTER_BOUND('',#408,.T.);
#234=FACE_OUTER_BOUND('',#409,.T.);
#235=FACE_OUTER_BOUND('',#410,.T.);
#236=FACE_OUTER_BOUND('',#411,.T.);
#237=FACE_OUTER_BOUND('',#412,.T.);
#238=FACE_OUTER_BOUND('',#413,.T.);
#239=FACE_OUTER_BOUND('',#414,.T.);
#240=FACE_OUTER_BOUND('',#415,.T.);
#241=FACE_OUTER_BOUND('',#416,.T.);
#242=FACE_OUTER_BOUND('',#417,.T.);
#243=FACE_OUTER_BOUND('',#418,.T.);
#244=FACE_OUTER_BOUND('',#419,.T.);
#245=FACE_OUTER_BOUND('',#420,.T.);
#246=FACE_OUTER_BOUND('',#421,.T.);
#247=FACE_OUTER_BOUND('',#436,.T.);
#248=FACE_OUTER_BOUND('',#437,.T.);
#249=FACE_OUTER_BOUND('',#438,.T.);
#250=FACE_OUTER_BOUND('',#439,.T.);
#251=FACE_OUTER_BOUND('',#440,.T.);
#252=FACE_OUTER_BOUND('',#441,.T.);
#253=FACE_OUTER_BOUND('',#442,.T.);
#254=FACE_OUTER_BOUND('',#443,.T.);
#255=FACE_OUTER_BOUND('',#444,.T.);
#256=FACE_OUTER_BOUND('',#445,.T.);
#257=FACE_OUTER_BOUND('',#446,.T.);
#258=FACE_OUTER_BOUND('',#447,.T.);
#259=FACE_OUTER_BOUND('',#462,.T.);
#260=FACE_OUTER_BOUND('',#463,.T.);
#261=FACE_OUTER_BOUND('',#464,.T.);
#262=FACE_OUTER_BOUND('',#465,.T.);
#263=FACE_OUTER_BOUND('',#466,.T.);
#264=FACE_OUTER_BOUND('',#467,.T.);
#265=FACE_OUTER_BOUND('',#468,.T.);
#266=FACE_OUTER_BOUND('',#469,.T.);
#267=FACE_OUTER_BOUND('',#470,.T.);
#268=FACE_OUTER_BOUND('',#471,.T.);
#269=FACE_OUTER_BOUND('',#472,.T.);
#270=FACE_OUTER_BOUND('',#473,.T.);
#271=FACE_OUTER_BOUND('',#474,.T.);
#272=FACE_OUTER_BOUND('',#475,.T.);
#273=FACE_OUTER_BOUND('',#476,.T.);
#274=FACE_OUTER_BOUND('',#477,.T.);
#275=FACE_OUTER_BOUND('',#478,.T.);
#276=FACE_OUTER_BOUND('',#479,.T.);
#277=FACE_OUTER_BOUND('',#480,.T.);
#278=FACE_OUTER_BOUND('',#481,.T.);
#279=FACE_OUTER_BOUND('',#482,.T.);
#280=FACE_OUTER_BOUND('',#483,.T.);
#281=FACE_OUTER_BOUND('',#484,.T.);
#282=FACE_OUTER_BOUND('',#485,.T.);
#283=FACE_OUTER_BOUND('',#486,.T.);
#284=FACE_OUTER_BOUND('',#487,.T.);
#285=FACE_OUTER_BOUND('',#488,.T.);
#286=FACE_OUTER_BOUND('',#489,.T.);
#287=FACE_OUTER_BOUND('',#490,.T.);
#288=FACE_OUTER_BOUND('',#491,.T.);
#289=FACE_OUTER_BOUND('',#492,.T.);
#290=FACE_OUTER_BOUND('',#493,.T.);
#291=FACE_OUTER_BOUND('',#494,.T.);
#292=FACE_OUTER_BOUND('',#495,.T.);
#293=FACE_OUTER_BOUND('',#496,.T.);
#294=FACE_OUTER_BOUND('',#497,.T.);
#295=FACE_OUTER_BOUND('',#498,.T.);
#296=FACE_OUTER_BOUND('',#499,.T.);
#297=FACE_OUTER_BOUND('',#500,.T.);
#298=FACE_OUTER_BOUND('',#501,.T.);
#299=FACE_OUTER_BOUND('',#502,.T.);
#300=FACE_OUTER_BOUND('',#503,.T.);
#301=FACE_OUTER_BOUND('',#504,.T.);
#302=FACE_OUTER_BOUND('',#505,.T.);
#303=FACE_OUTER_BOUND('',#506,.T.);
#304=FACE_OUTER_BOUND('',#507,.T.);
#305=FACE_OUTER_BOUND('',#508,.T.);
#306=FACE_OUTER_BOUND('',#509,.T.);
#307=FACE_OUTER_BOUND('',#510,.T.);
#308=FACE_OUTER_BOUND('',#511,.T.);
#309=FACE_OUTER_BOUND('',#512,.T.);
#310=FACE_OUTER_BOUND('',#513,.T.);
#311=FACE_OUTER_BOUND('',#514,.T.);
#312=FACE_OUTER_BOUND('',#515,.T.);
#313=FACE_OUTER_BOUND('',#516,.T.);
#314=FACE_OUTER_BOUND('',#517,.T.);
#315=FACE_OUTER_BOUND('',#518,.T.);
#316=FACE_OUTER_BOUND('',#519,.T.);
#317=FACE_OUTER_BOUND('',#520,.T.);
#318=FACE_OUTER_BOUND('',#521,.T.);
#319=FACE_OUTER_BOUND('',#522,.T.);
#320=FACE_OUTER_BOUND('',#523,.T.);
#321=FACE_OUTER_BOUND('',#524,.T.);
#322=FACE_OUTER_BOUND('',#525,.T.);
#323=FACE_OUTER_BOUND('',#526,.T.);
#324=FACE_OUTER_BOUND('',#527,.T.);
#325=FACE_OUTER_BOUND('',#528,.T.);
#326=FACE_OUTER_BOUND('',#529,.T.);
#327=FACE_OUTER_BOUND('',#530,.T.);
#328=FACE_OUTER_BOUND('',#531,.T.);
#329=FACE_OUTER_BOUND('',#532,.T.);
#330=FACE_OUTER_BOUND('',#533,.T.);
#331=FACE_OUTER_BOUND('',#534,.T.);
#332=FACE_OUTER_BOUND('',#535,.T.);
#333=FACE_OUTER_BOUND('',#536,.T.);
#334=FACE_OUTER_BOUND('',#537,.T.);
#335=FACE_OUTER_BOUND('',#538,.T.);
#336=FACE_OUTER_BOUND('',#539,.T.);
#337=FACE_OUTER_BOUND('',#540,.T.);
#338=FACE_OUTER_BOUND('',#541,.T.);
#339=FACE_OUTER_BOUND('',#542,.T.);
#340=FACE_OUTER_BOUND('',#543,.T.);
#341=FACE_OUTER_BOUND('',#544,.T.);
#342=FACE_OUTER_BOUND('',#545,.T.);
#343=FACE_OUTER_BOUND('',#546,.T.);
#344=FACE_OUTER_BOUND('',#547,.T.);
#345=FACE_OUTER_BOUND('',#548,.T.);
#346=FACE_OUTER_BOUND('',#549,.T.);
#347=FACE_OUTER_BOUND('',#550,.T.);
#348=FACE_OUTER_BOUND('',#551,.T.);
#349=FACE_OUTER_BOUND('',#552,.T.);
#350=FACE_OUTER_BOUND('',#553,.T.);
#351=FACE_OUTER_BOUND('',#554,.T.);
#352=FACE_OUTER_BOUND('',#555,.T.);
#353=FACE_OUTER_BOUND('',#556,.T.);
#354=FACE_OUTER_BOUND('',#557,.T.);
#355=FACE_OUTER_BOUND('',#558,.T.);
#356=FACE_OUTER_BOUND('',#559,.T.);
#357=FACE_OUTER_BOUND('',#560,.T.);
#358=FACE_OUTER_BOUND('',#561,.T.);
#359=FACE_OUTER_BOUND('',#562,.T.);
#360=FACE_OUTER_BOUND('',#563,.T.);
#361=FACE_OUTER_BOUND('',#564,.T.);
#362=FACE_OUTER_BOUND('',#565,.T.);
#363=FACE_OUTER_BOUND('',#566,.T.);
#364=FACE_OUTER_BOUND('',#567,.T.);
#365=FACE_OUTER_BOUND('',#568,.T.);
#366=FACE_OUTER_BOUND('',#569,.T.);
#367=FACE_OUTER_BOUND('',#570,.T.);
#368=FACE_OUTER_BOUND('',#571,.T.);
#369=FACE_OUTER_BOUND('',#572,.T.);
#370=FACE_OUTER_BOUND('',#573,.T.);
#371=FACE_OUTER_BOUND('',#574,.T.);
#372=FACE_OUTER_BOUND('',#575,.T.);
#373=FACE_OUTER_BOUND('',#576,.T.);
#374=FACE_OUTER_BOUND('',#577,.T.);
#375=FACE_OUTER_BOUND('',#578,.T.);
#376=FACE_OUTER_BOUND('',#579,.T.);
#377=FACE_OUTER_BOUND('',#580,.T.);
#378=FACE_OUTER_BOUND('',#581,.T.);
#379=FACE_OUTER_BOUND('',#585,.T.);
#380=FACE_OUTER_BOUND('',#589,.T.);
#381=FACE_OUTER_BOUND('',#590,.T.);
#382=FACE_OUTER_BOUND('',#591,.T.);
#383=FACE_OUTER_BOUND('',#592,.T.);
#384=FACE_OUTER_BOUND('',#593,.T.);
#385=FACE_OUTER_BOUND('',#594,.T.);
#386=FACE_OUTER_BOUND('',#595,.T.);
#387=FACE_OUTER_BOUND('',#596,.T.);
#388=FACE_OUTER_BOUND('',#597,.T.);
#389=EDGE_LOOP('',(#2163,#2164,#2165,#2166));
#390=EDGE_LOOP('',(#2167,#2168,#2169,#2170,#2171,#2172,#2173,#2174));
#391=EDGE_LOOP('',(#2175));
#392=EDGE_LOOP('',(#2176));
#393=EDGE_LOOP('',(#2177,#2178,#2179,#2180));
#394=EDGE_LOOP('',(#2181));
#395=EDGE_LOOP('',(#2182));
#396=EDGE_LOOP('',(#2183,#2184,#2185,#2186));
#397=EDGE_LOOP('',(#2187,#2188,#2189,#2190));
#398=EDGE_LOOP('',(#2191,#2192,#2193,#2194));
#399=EDGE_LOOP('',(#2195,#2196,#2197,#2198,#2199,#2200,#2201,#2202));
#400=EDGE_LOOP('',(#2203));
#401=EDGE_LOOP('',(#2204));
#402=EDGE_LOOP('',(#2205));
#403=EDGE_LOOP('',(#2206));
#404=EDGE_LOOP('',(#2207,#2208,#2209,#2210));
#405=EDGE_LOOP('',(#2211,#2212,#2213,#2214));
#406=EDGE_LOOP('',(#2215,#2216,#2217,#2218));
#407=EDGE_LOOP('',(#2219,#2220,#2221,#2222));
#408=EDGE_LOOP('',(#2223,#2224,#2225,#2226));
#409=EDGE_LOOP('',(#2227,#2228,#2229,#2230));
#410=EDGE_LOOP('',(#2231,#2232,#2233,#2234));
#411=EDGE_LOOP('',(#2235,#2236,#2237,#2238));
#412=EDGE_LOOP('',(#2239,#2240,#2241,#2242));
#413=EDGE_LOOP('',(#2243,#2244,#2245,#2246));
#414=EDGE_LOOP('',(#2247,#2248,#2249,#2250));
#415=EDGE_LOOP('',(#2251,#2252,#2253,#2254));
#416=EDGE_LOOP('',(#2255,#2256,#2257,#2258));
#417=EDGE_LOOP('',(#2259,#2260,#2261,#2262));
#418=EDGE_LOOP('',(#2263,#2264,#2265,#2266));
#419=EDGE_LOOP('',(#2267,#2268,#2269,#2270));
#420=EDGE_LOOP('',(#2271,#2272,#2273,#2274));
#421=EDGE_LOOP('',(#2275,#2276,#2277,#2278,#2279,#2280,#2281,#2282));
#422=EDGE_LOOP('',(#2283));
#423=EDGE_LOOP('',(#2284,#2285,#2286,#2287));
#424=EDGE_LOOP('',(#2288,#2289,#2290,#2291));
#425=EDGE_LOOP('',(#2292));
#426=EDGE_LOOP('',(#2293));
#427=EDGE_LOOP('',(#2294,#2295,#2296,#2297));
#428=EDGE_LOOP('',(#2298,#2299,#2300,#2301));
#429=EDGE_LOOP('',(#2302));
#430=EDGE_LOOP('',(#2303,#2304,#2305,#2306));
#431=EDGE_LOOP('',(#2307,#2308,#2309,#2310));
#432=EDGE_LOOP('',(#2311,#2312,#2313,#2314));
#433=EDGE_LOOP('',(#2315,#2316,#2317,#2318));
#434=EDGE_LOOP('',(#2319,#2320,#2321,#2322));
#435=EDGE_LOOP('',(#2323,#2324,#2325,#2326));
#436=EDGE_LOOP('',(#2327,#2328,#2329,#2330));
#437=EDGE_LOOP('',(#2331,#2332,#2333,#2334));
#438=EDGE_LOOP('',(#2335,#2336,#2337,#2338));
#439=EDGE_LOOP('',(#2339,#2340,#2341,#2342));
#440=EDGE_LOOP('',(#2343,#2344,#2345,#2346));
#441=EDGE_LOOP('',(#2347,#2348,#2349,#2350));
#442=EDGE_LOOP('',(#2351,#2352,#2353,#2354));
#443=EDGE_LOOP('',(#2355,#2356,#2357,#2358));
#444=EDGE_LOOP('',(#2359,#2360,#2361,#2362));
#445=EDGE_LOOP('',(#2363,#2364,#2365,#2366));
#446=EDGE_LOOP('',(#2367,#2368,#2369,#2370));
#447=EDGE_LOOP('',(#2371,#2372,#2373,#2374,#2375,#2376,#2377,#2378));
#448=EDGE_LOOP('',(#2379,#2380,#2381,#2382));
#449=EDGE_LOOP('',(#2383,#2384,#2385,#2386));
#450=EDGE_LOOP('',(#2387,#2388,#2389,#2390));
#451=EDGE_LOOP('',(#2391,#2392,#2393,#2394));
#452=EDGE_LOOP('',(#2395,#2396,#2397,#2398));
#453=EDGE_LOOP('',(#2399,#2400,#2401,#2402));
#454=EDGE_LOOP('',(#2403));
#455=EDGE_LOOP('',(#2404,#2405,#2406,#2407));
#456=EDGE_LOOP('',(#2408,#2409,#2410,#2411));
#457=EDGE_LOOP('',(#2412));
#458=EDGE_LOOP('',(#2413));
#459=EDGE_LOOP('',(#2414,#2415,#2416,#2417));
#460=EDGE_LOOP('',(#2418,#2419,#2420,#2421));
#461=EDGE_LOOP('',(#2422));
#462=EDGE_LOOP('',(#2423,#2424,#2425,#2426));
#463=EDGE_LOOP('',(#2427,#2428,#2429,#2430));
#464=EDGE_LOOP('',(#2431,#2432,#2433,#2434));
#465=EDGE_LOOP('',(#2435,#2436,#2437,#2438));
#466=EDGE_LOOP('',(#2439,#2440,#2441,#2442));
#467=EDGE_LOOP('',(#2443,#2444,#2445,#2446));
#468=EDGE_LOOP('',(#2447,#2448,#2449,#2450));
#469=EDGE_LOOP('',(#2451,#2452,#2453,#2454));
#470=EDGE_LOOP('',(#2455,#2456,#2457,#2458));
#471=EDGE_LOOP('',(#2459,#2460,#2461,#2462));
#472=EDGE_LOOP('',(#2463,#2464,#2465,#2466));
#473=EDGE_LOOP('',(#2467,#2468,#2469,#2470));
#474=EDGE_LOOP('',(#2471,#2472,#2473,#2474));
#475=EDGE_LOOP('',(#2475,#2476,#2477,#2478));
#476=EDGE_LOOP('',(#2479,#2480,#2481,#2482));
#477=EDGE_LOOP('',(#2483,#2484,#2485,#2486));
#478=EDGE_LOOP('',(#2487,#2488,#2489,#2490));
#479=EDGE_LOOP('',(#2491,#2492,#2493,#2494));
#480=EDGE_LOOP('',(#2495,#2496,#2497,#2498));
#481=EDGE_LOOP('',(#2499,#2500,#2501,#2502));
#482=EDGE_LOOP('',(#2503,#2504,#2505,#2506));
#483=EDGE_LOOP('',(#2507,#2508,#2509,#2510));
#484=EDGE_LOOP('',(#2511,#2512,#2513,#2514));
#485=EDGE_LOOP('',(#2515,#2516,#2517,#2518));
#486=EDGE_LOOP('',(#2519,#2520,#2521,#2522));
#487=EDGE_LOOP('',(#2523,#2524,#2525,#2526));
#488=EDGE_LOOP('',(#2527,#2528,#2529,#2530));
#489=EDGE_LOOP('',(#2531,#2532,#2533,#2534));
#490=EDGE_LOOP('',(#2535,#2536,#2537,#2538));
#491=EDGE_LOOP('',(#2539,#2540,#2541,#2542));
#492=EDGE_LOOP('',(#2543,#2544,#2545,#2546));
#493=EDGE_LOOP('',(#2547,#2548,#2549,#2550));
#494=EDGE_LOOP('',(#2551,#2552,#2553,#2554));
#495=EDGE_LOOP('',(#2555,#2556,#2557,#2558));
#496=EDGE_LOOP('',(#2559,#2560,#2561,#2562));
#497=EDGE_LOOP('',(#2563,#2564,#2565,#2566));
#498=EDGE_LOOP('',(#2567,#2568,#2569,#2570));
#499=EDGE_LOOP('',(#2571,#2572,#2573,#2574));
#500=EDGE_LOOP('',(#2575,#2576,#2577,#2578));
#501=EDGE_LOOP('',(#2579,#2580,#2581,#2582));
#502=EDGE_LOOP('',(#2583,#2584,#2585,#2586));
#503=EDGE_LOOP('',(#2587,#2588,#2589,#2590));
#504=EDGE_LOOP('',(#2591,#2592,#2593,#2594));
#505=EDGE_LOOP('',(#2595,#2596,#2597,#2598));
#506=EDGE_LOOP('',(#2599,#2600,#2601,#2602));
#507=EDGE_LOOP('',(#2603,#2604,#2605,#2606));
#508=EDGE_LOOP('',(#2607,#2608,#2609,#2610));
#509=EDGE_LOOP('',(#2611,#2612,#2613,#2614));
#510=EDGE_LOOP('',(#2615,#2616,#2617,#2618));
#511=EDGE_LOOP('',(#2619,#2620,#2621,#2622));
#512=EDGE_LOOP('',(#2623,#2624,#2625,#2626));
#513=EDGE_LOOP('',(#2627,#2628,#2629,#2630));
#514=EDGE_LOOP('',(#2631,#2632,#2633,#2634));
#515=EDGE_LOOP('',(#2635,#2636,#2637,#2638));
#516=EDGE_LOOP('',(#2639,#2640,#2641,#2642));
#517=EDGE_LOOP('',(#2643,#2644,#2645,#2646));
#518=EDGE_LOOP('',(#2647,#2648,#2649,#2650));
#519=EDGE_LOOP('',(#2651,#2652,#2653,#2654));
#520=EDGE_LOOP('',(#2655,#2656,#2657,#2658));
#521=EDGE_LOOP('',(#2659,#2660,#2661,#2662));
#522=EDGE_LOOP('',(#2663,#2664,#2665,#2666));
#523=EDGE_LOOP('',(#2667,#2668,#2669,#2670));
#524=EDGE_LOOP('',(#2671,#2672,#2673,#2674));
#525=EDGE_LOOP('',(#2675,#2676,#2677,#2678));
#526=EDGE_LOOP('',(#2679,#2680,#2681,#2682));
#527=EDGE_LOOP('',(#2683,#2684,#2685,#2686));
#528=EDGE_LOOP('',(#2687,#2688,#2689,#2690));
#529=EDGE_LOOP('',(#2691,#2692,#2693,#2694));
#530=EDGE_LOOP('',(#2695,#2696,#2697,#2698));
#531=EDGE_LOOP('',(#2699,#2700,#2701,#2702));
#532=EDGE_LOOP('',(#2703,#2704,#2705,#2706));
#533=EDGE_LOOP('',(#2707,#2708,#2709,#2710));
#534=EDGE_LOOP('',(#2711,#2712,#2713,#2714));
#535=EDGE_LOOP('',(#2715,#2716,#2717,#2718));
#536=EDGE_LOOP('',(#2719,#2720,#2721,#2722));
#537=EDGE_LOOP('',(#2723,#2724,#2725,#2726));
#538=EDGE_LOOP('',(#2727,#2728,#2729,#2730));
#539=EDGE_LOOP('',(#2731,#2732,#2733,#2734));
#540=EDGE_LOOP('',(#2735,#2736,#2737,#2738));
#541=EDGE_LOOP('',(#2739,#2740,#2741,#2742));
#542=EDGE_LOOP('',(#2743,#2744,#2745,#2746));
#543=EDGE_LOOP('',(#2747,#2748,#2749,#2750));
#544=EDGE_LOOP('',(#2751,#2752,#2753,#2754));
#545=EDGE_LOOP('',(#2755,#2756,#2757,#2758));
#546=EDGE_LOOP('',(#2759,#2760,#2761,#2762,#2763,#2764,#2765,#2766,#2767,
#2768,#2769,#2770,#2771,#2772,#2773,#2774,#2775,#2776,#2777,#2778,#2779,
#2780,#2781,#2782,#2783,#2784,#2785,#2786,#2787,#2788,#2789,#2790,#2791,
#2792,#2793,#2794,#2795,#2796,#2797));
#547=EDGE_LOOP('',(#2798,#2799,#2800,#2801,#2802,#2803,#2804,#2805,#2806,
#2807,#2808,#2809,#2810,#2811,#2812,#2813,#2814,#2815,#2816,#2817,#2818,
#2819,#2820,#2821,#2822,#2823,#2824,#2825,#2826,#2827,#2828,#2829,#2830,
#2831,#2832,#2833,#2834,#2835,#2836));
#548=EDGE_LOOP('',(#2837,#2838,#2839,#2840));
#549=EDGE_LOOP('',(#2841));
#550=EDGE_LOOP('',(#2842));
#551=EDGE_LOOP('',(#2843,#2844,#2845,#2846));
#552=EDGE_LOOP('',(#2847,#2848,#2849,#2850));
#553=EDGE_LOOP('',(#2851,#2852,#2853,#2854));
#554=EDGE_LOOP('',(#2855,#2856,#2857,#2858));
#555=EDGE_LOOP('',(#2859,#2860,#2861,#2862));
#556=EDGE_LOOP('',(#2863,#2864,#2865,#2866));
#557=EDGE_LOOP('',(#2867,#2868,#2869,#2870));
#558=EDGE_LOOP('',(#2871,#2872,#2873,#2874));
#559=EDGE_LOOP('',(#2875,#2876,#2877,#2878));
#560=EDGE_LOOP('',(#2879,#2880,#2881,#2882));
#561=EDGE_LOOP('',(#2883,#2884,#2885,#2886));
#562=EDGE_LOOP('',(#2887,#2888,#2889,#2890));
#563=EDGE_LOOP('',(#2891,#2892,#2893,#2894));
#564=EDGE_LOOP('',(#2895,#2896,#2897,#2898));
#565=EDGE_LOOP('',(#2899,#2900,#2901,#2902));
#566=EDGE_LOOP('',(#2903,#2904,#2905,#2906));
#567=EDGE_LOOP('',(#2907,#2908,#2909,#2910));
#568=EDGE_LOOP('',(#2911,#2912,#2913,#2914));
#569=EDGE_LOOP('',(#2915,#2916,#2917,#2918));
#570=EDGE_LOOP('',(#2919,#2920,#2921,#2922));
#571=EDGE_LOOP('',(#2923,#2924,#2925,#2926));
#572=EDGE_LOOP('',(#2927,#2928,#2929,#2930));
#573=EDGE_LOOP('',(#2931,#2932,#2933,#2934));
#574=EDGE_LOOP('',(#2935,#2936,#2937,#2938));
#575=EDGE_LOOP('',(#2939,#2940,#2941,#2942));
#576=EDGE_LOOP('',(#2943,#2944,#2945,#2946));
#577=EDGE_LOOP('',(#2947,#2948,#2949,#2950));
#578=EDGE_LOOP('',(#2951,#2952,#2953,#2954));
#579=EDGE_LOOP('',(#2955,#2956,#2957,#2958));
#580=EDGE_LOOP('',(#2959,#2960,#2961,#2962));
#581=EDGE_LOOP('',(#2963,#2964,#2965,#2966,#2967,#2968,#2969,#2970,#2971,
#2972,#2973,#2974,#2975,#2976,#2977,#2978,#2979,#2980,#2981,#2982));
#582=EDGE_LOOP('',(#2983,#2984,#2985,#2986,#2987));
#583=EDGE_LOOP('',(#2988,#2989,#2990,#2991));
#584=EDGE_LOOP('',(#2992));
#585=EDGE_LOOP('',(#2993,#2994,#2995,#2996,#2997,#2998,#2999,#3000,#3001,
#3002,#3003,#3004,#3005,#3006,#3007,#3008,#3009,#3010,#3011,#3012));
#586=EDGE_LOOP('',(#3013,#3014,#3015,#3016,#3017));
#587=EDGE_LOOP('',(#3018,#3019,#3020,#3021));
#588=EDGE_LOOP('',(#3022));
#589=EDGE_LOOP('',(#3023,#3024,#3025,#3026));
#590=EDGE_LOOP('',(#3027));
#591=EDGE_LOOP('',(#3028));
#592=EDGE_LOOP('',(#3029,#3030,#3031,#3032));
#593=EDGE_LOOP('',(#3033,#3034,#3035,#3036));
#594=EDGE_LOOP('',(#3037,#3038,#3039,#3040));
#595=EDGE_LOOP('',(#3041,#3042,#3043,#3044));
#596=EDGE_LOOP('',(#3045,#3046,#3047,#3048));
#597=EDGE_LOOP('',(#3049,#3050,#3051,#3052));
#598=LINE('',#4276,#987);
#599=LINE('',#4279,#988);
#600=LINE('',#4282,#989);
#601=LINE('',#4286,#990);
#602=LINE('',#4290,#991);
#603=LINE('',#4293,#992);
#604=LINE('',#4300,#993);
#605=LINE('',#4302,#994);
#606=LINE('',#4304,#995);
#607=LINE('',#4305,#996);
#608=LINE('',#4312,#997);
#609=LINE('',#4313,#998);
#610=LINE('',#4317,#999);
#611=LINE('',#4320,#1000);
#612=LINE('',#4323,#1001);
#613=LINE('',#4325,#1002);
#614=LINE('',#4327,#1003);
#615=LINE('',#4330,#1004);
#616=LINE('',#4340,#1005);
#617=LINE('',#4342,#1006);
#618=LINE('',#4346,#1007);
#619=LINE('',#4347,#1008);
#620=LINE('',#4348,#1009);
#621=LINE('',#4351,#1010);
#622=LINE('',#4352,#1011);
#623=LINE('',#4354,#1012);
#624=LINE('',#4356,#1013);
#625=LINE('',#4358,#1014);
#626=LINE('',#4360,#1015);
#627=LINE('',#4363,#1016);
#628=LINE('',#4364,#1017);
#629=LINE('',#4366,#1018);
#630=LINE('',#4391,#1019);
#631=LINE('',#4392,#1020);
#632=LINE('',#4395,#1021);
#633=LINE('',#4398,#1022);
#634=LINE('',#4401,#1023);
#635=LINE('',#4402,#1024);
#636=LINE('',#4405,#1025);
#637=LINE('',#4409,#1026);
#638=LINE('',#4413,#1027);
#639=LINE('',#4419,#1028);
#640=LINE('',#4421,#1029);
#641=LINE('',#4423,#1030);
#642=LINE('',#4424,#1031);
#643=LINE('',#4427,#1032);
#644=LINE('',#4429,#1033);
#645=LINE('',#4431,#1034);
#646=LINE('',#4432,#1035);
#647=LINE('',#4439,#1036);
#648=LINE('',#4441,#1037);
#649=LINE('',#4443,#1038);
#650=LINE('',#4444,#1039);
#651=LINE('',#4447,#1040);
#652=LINE('',#4449,#1041);
#653=LINE('',#4451,#1042);
#654=LINE('',#4452,#1043);
#655=LINE('',#4457,#1044);
#656=LINE('',#4459,#1045);
#657=LINE('',#4461,#1046);
#658=LINE('',#4462,#1047);
#659=LINE('',#4465,#1048);
#660=LINE('',#4467,#1049);
#661=LINE('',#4469,#1050);
#662=LINE('',#4470,#1051);
#663=LINE('',#4473,#1052);
#664=LINE('',#4475,#1053);
#665=LINE('',#4477,#1054);
#666=LINE('',#4478,#1055);
#667=LINE('',#4481,#1056);
#668=LINE('',#4483,#1057);
#669=LINE('',#4485,#1058);
#670=LINE('',#4486,#1059);
#671=LINE('',#4489,#1060);
#672=LINE('',#4491,#1061);
#673=LINE('',#4493,#1062);
#674=LINE('',#4494,#1063);
#675=LINE('',#4497,#1064);
#676=LINE('',#4499,#1065);
#677=LINE('',#4501,#1066);
#678=LINE('',#4502,#1067);
#679=LINE('',#4518,#1068);
#680=LINE('',#4521,#1069);
#681=LINE('',#4524,#1070);
#682=LINE('',#4526,#1071);
#683=LINE('',#4545,#1072);
#684=LINE('',#4546,#1073);
#685=LINE('',#4548,#1074);
#686=LINE('',#4549,#1075);
#687=LINE('',#4566,#1076);
#688=LINE('',#4568,#1077);
#689=LINE('',#4569,#1078);
#690=LINE('',#4573,#1079);
#691=LINE('',#4575,#1080);
#692=LINE('',#4577,#1081);
#693=LINE('',#4578,#1082);
#694=LINE('',#4581,#1083);
#695=LINE('',#4583,#1084);
#696=LINE('',#4585,#1085);
#697=LINE('',#4586,#1086);
#698=LINE('',#4589,#1087);
#699=LINE('',#4591,#1088);
#700=LINE('',#4593,#1089);
#701=LINE('',#4594,#1090);
#702=LINE('',#4597,#1091);
#703=LINE('',#4599,#1092);
#704=LINE('',#4601,#1093);
#705=LINE('',#4602,#1094);
#706=LINE('',#4605,#1095);
#707=LINE('',#4607,#1096);
#708=LINE('',#4609,#1097);
#709=LINE('',#4610,#1098);
#710=LINE('',#4613,#1099);
#711=LINE('',#4615,#1100);
#712=LINE('',#4617,#1101);
#713=LINE('',#4618,#1102);
#714=LINE('',#4623,#1103);
#715=LINE('',#4625,#1104);
#716=LINE('',#4627,#1105);
#717=LINE('',#4628,#1106);
#718=LINE('',#4631,#1107);
#719=LINE('',#4633,#1108);
#720=LINE('',#4635,#1109);
#721=LINE('',#4636,#1110);
#722=LINE('',#4643,#1111);
#723=LINE('',#4645,#1112);
#724=LINE('',#4647,#1113);
#725=LINE('',#4648,#1114);
#726=LINE('',#4651,#1115);
#727=LINE('',#4653,#1116);
#728=LINE('',#4655,#1117);
#729=LINE('',#4656,#1118);
#730=LINE('',#4660,#1119);
#731=LINE('',#4661,#1120);
#732=LINE('',#4663,#1121);
#733=LINE('',#4665,#1122);
#734=LINE('',#4668,#1123);
#735=LINE('',#4669,#1124);
#736=LINE('',#4671,#1125);
#737=LINE('',#4673,#1126);
#738=LINE('',#4676,#1127);
#739=LINE('',#4677,#1128);
#740=LINE('',#4679,#1129);
#741=LINE('',#4681,#1130);
#742=LINE('',#4684,#1131);
#743=LINE('',#4685,#1132);
#744=LINE('',#4687,#1133);
#745=LINE('',#4689,#1134);
#746=LINE('',#4692,#1135);
#747=LINE('',#4693,#1136);
#748=LINE('',#4695,#1137);
#749=LINE('',#4697,#1138);
#750=LINE('',#4700,#1139);
#751=LINE('',#4701,#1140);
#752=LINE('',#4703,#1141);
#753=LINE('',#4705,#1142);
#754=LINE('',#4708,#1143);
#755=LINE('',#4710,#1144);
#756=LINE('',#4711,#1145);
#757=LINE('',#4713,#1146);
#758=LINE('',#4715,#1147);
#759=LINE('',#4718,#1148);
#760=LINE('',#4719,#1149);
#761=LINE('',#4721,#1150);
#762=LINE('',#4723,#1151);
#763=LINE('',#4726,#1152);
#764=LINE('',#4728,#1153);
#765=LINE('',#4730,#1154);
#766=LINE('',#4731,#1155);
#767=LINE('',#4733,#1156);
#768=LINE('',#4735,#1157);
#769=LINE('',#4738,#1158);
#770=LINE('',#4739,#1159);
#771=LINE('',#4741,#1160);
#772=LINE('',#4743,#1161);
#773=LINE('',#4746,#1162);
#774=LINE('',#4751,#1163);
#775=LINE('',#4753,#1164);
#776=LINE('',#4755,#1165);
#777=LINE('',#4756,#1166);
#778=LINE('',#4759,#1167);
#779=LINE('',#4761,#1168);
#780=LINE('',#4762,#1169);
#781=LINE('',#4765,#1170);
#782=LINE('',#4767,#1171);
#783=LINE('',#4768,#1172);
#784=LINE('',#4771,#1173);
#785=LINE('',#4773,#1174);
#786=LINE('',#4774,#1175);
#787=LINE('',#4777,#1176);
#788=LINE('',#4779,#1177);
#789=LINE('',#4780,#1178);
#790=LINE('',#4783,#1179);
#791=LINE('',#4785,#1180);
#792=LINE('',#4786,#1181);
#793=LINE('',#4789,#1182);
#794=LINE('',#4791,#1183);
#795=LINE('',#4792,#1184);
#796=LINE('',#4795,#1185);
#797=LINE('',#4797,#1186);
#798=LINE('',#4798,#1187);
#799=LINE('',#4801,#1188);
#800=LINE('',#4803,#1189);
#801=LINE('',#4804,#1190);
#802=LINE('',#4807,#1191);
#803=LINE('',#4809,#1192);
#804=LINE('',#4810,#1193);
#805=LINE('',#4813,#1194);
#806=LINE('',#4815,#1195);
#807=LINE('',#4816,#1196);
#808=LINE('',#4819,#1197);
#809=LINE('',#4821,#1198);
#810=LINE('',#4822,#1199);
#811=LINE('',#4825,#1200);
#812=LINE('',#4827,#1201);
#813=LINE('',#4828,#1202);
#814=LINE('',#4831,#1203);
#815=LINE('',#4833,#1204);
#816=LINE('',#4834,#1205);
#817=LINE('',#4837,#1206);
#818=LINE('',#4839,#1207);
#819=LINE('',#4840,#1208);
#820=LINE('',#4843,#1209);
#821=LINE('',#4845,#1210);
#822=LINE('',#4846,#1211);
#823=LINE('',#4849,#1212);
#824=LINE('',#4851,#1213);
#825=LINE('',#4852,#1214);
#826=LINE('',#4855,#1215);
#827=LINE('',#4857,#1216);
#828=LINE('',#4858,#1217);
#829=LINE('',#4861,#1218);
#830=LINE('',#4863,#1219);
#831=LINE('',#4864,#1220);
#832=LINE('',#4867,#1221);
#833=LINE('',#4869,#1222);
#834=LINE('',#4870,#1223);
#835=LINE('',#4873,#1224);
#836=LINE('',#4875,#1225);
#837=LINE('',#4876,#1226);
#838=LINE('',#4879,#1227);
#839=LINE('',#4881,#1228);
#840=LINE('',#4882,#1229);
#841=LINE('',#4885,#1230);
#842=LINE('',#4887,#1231);
#843=LINE('',#4888,#1232);
#844=LINE('',#4891,#1233);
#845=LINE('',#4893,#1234);
#846=LINE('',#4894,#1235);
#847=LINE('',#4897,#1236);
#848=LINE('',#4899,#1237);
#849=LINE('',#4900,#1238);
#850=LINE('',#4903,#1239);
#851=LINE('',#4905,#1240);
#852=LINE('',#4906,#1241);
#853=LINE('',#4909,#1242);
#854=LINE('',#4911,#1243);
#855=LINE('',#4912,#1244);
#856=LINE('',#4915,#1245);
#857=LINE('',#4917,#1246);
#858=LINE('',#4918,#1247);
#859=LINE('',#4921,#1248);
#860=LINE('',#4923,#1249);
#861=LINE('',#4924,#1250);
#862=LINE('',#4927,#1251);
#863=LINE('',#4929,#1252);
#864=LINE('',#4930,#1253);
#865=LINE('',#4933,#1254);
#866=LINE('',#4935,#1255);
#867=LINE('',#4936,#1256);
#868=LINE('',#4939,#1257);
#869=LINE('',#4941,#1258);
#870=LINE('',#4942,#1259);
#871=LINE('',#4945,#1260);
#872=LINE('',#4947,#1261);
#873=LINE('',#4948,#1262);
#874=LINE('',#4951,#1263);
#875=LINE('',#4953,#1264);
#876=LINE('',#4954,#1265);
#877=LINE('',#4957,#1266);
#878=LINE('',#4959,#1267);
#879=LINE('',#4960,#1268);
#880=LINE('',#4963,#1269);
#881=LINE('',#4965,#1270);
#882=LINE('',#4966,#1271);
#883=LINE('',#4969,#1272);
#884=LINE('',#4971,#1273);
#885=LINE('',#4972,#1274);
#886=LINE('',#4975,#1275);
#887=LINE('',#4977,#1276);
#888=LINE('',#4978,#1277);
#889=LINE('',#4980,#1278);
#890=LINE('',#4981,#1279);
#891=LINE('',#4988,#1280);
#892=LINE('',#5189,#1281);
#893=LINE('',#5258,#1282);
#894=LINE('',#5260,#1283);
#895=LINE('',#5262,#1284);
#896=LINE('',#5263,#1285);
#897=LINE('',#5266,#1286);
#898=LINE('',#5268,#1287);
#899=LINE('',#5269,#1288);
#900=LINE('',#5272,#1289);
#901=LINE('',#5274,#1290);
#902=LINE('',#5275,#1291);
#903=LINE('',#5277,#1292);
#904=LINE('',#5278,#1293);
#905=LINE('',#5282,#1294);
#906=LINE('',#5284,#1295);
#907=LINE('',#5286,#1296);
#908=LINE('',#5287,#1297);
#909=LINE('',#5290,#1298);
#910=LINE('',#5292,#1299);
#911=LINE('',#5293,#1300);
#912=LINE('',#5296,#1301);
#913=LINE('',#5298,#1302);
#914=LINE('',#5299,#1303);
#915=LINE('',#5302,#1304);
#916=LINE('',#5304,#1305);
#917=LINE('',#5305,#1306);
#918=LINE('',#5307,#1307);
#919=LINE('',#5308,#1308);
#920=LINE('',#5312,#1309);
#921=LINE('',#5314,#1310);
#922=LINE('',#5316,#1311);
#923=LINE('',#5317,#1312);
#924=LINE('',#5320,#1313);
#925=LINE('',#5322,#1314);
#926=LINE('',#5323,#1315);
#927=LINE('',#5326,#1316);
#928=LINE('',#5328,#1317);
#929=LINE('',#5329,#1318);
#930=LINE('',#5332,#1319);
#931=LINE('',#5334,#1320);
#932=LINE('',#5335,#1321);
#933=LINE('',#5338,#1322);
#934=LINE('',#5340,#1323);
#935=LINE('',#5341,#1324);
#936=LINE('',#5344,#1325);
#937=LINE('',#5346,#1326);
#938=LINE('',#5347,#1327);
#939=LINE('',#5350,#1328);
#940=LINE('',#5352,#1329);
#941=LINE('',#5353,#1330);
#942=LINE('',#5356,#1331);
#943=LINE('',#5358,#1332);
#944=LINE('',#5359,#1333);
#945=LINE('',#5362,#1334);
#946=LINE('',#5364,#1335);
#947=LINE('',#5365,#1336);
#948=LINE('',#5368,#1337);
#949=LINE('',#5370,#1338);
#950=LINE('',#5371,#1339);
#951=LINE('',#5374,#1340);
#952=LINE('',#5376,#1341);
#953=LINE('',#5377,#1342);
#954=LINE('',#5380,#1343);
#955=LINE('',#5382,#1344);
#956=LINE('',#5383,#1345);
#957=LINE('',#5474,#1346);
#958=LINE('',#5477,#1347);
#959=LINE('',#5479,#1348);
#960=LINE('',#5480,#1349);
#961=LINE('',#5483,#1350);
#962=LINE('',#5485,#1351);
#963=LINE('',#5486,#1352);
#964=LINE('',#5489,#1353);
#965=LINE('',#5491,#1354);
#966=LINE('',#5492,#1355);
#967=LINE('',#5495,#1356);
#968=LINE('',#5497,#1357);
#969=LINE('',#5498,#1358);
#970=LINE('',#5561,#1359);
#971=LINE('',#5564,#1360);
#972=LINE('',#5566,#1361);
#973=LINE('',#5567,#1362);
#974=LINE('',#5694,#1363);
#975=LINE('',#5701,#1364);
#976=LINE('',#5703,#1365);
#977=LINE('',#5705,#1366);
#978=LINE('',#5706,#1367);
#979=LINE('',#5709,#1368);
#980=LINE('',#5711,#1369);
#981=LINE('',#5712,#1370);
#982=LINE('',#5715,#1371);
#983=LINE('',#5716,#1372);
#984=LINE('',#5719,#1373);
#985=LINE('',#5720,#1374);
#986=LINE('',#5722,#1375);
#987=VECTOR('',#3473,10.);
#988=VECTOR('',#3476,10.);
#989=VECTOR('',#3479,10.);
#990=VECTOR('',#3482,10.);
#991=VECTOR('',#3485,10.);
#992=VECTOR('',#3488,10.);
#993=VECTOR('',#3493,10.);
#994=VECTOR('',#3494,10.);
#995=VECTOR('',#3495,10.);
#996=VECTOR('',#3496,10.);
#997=VECTOR('',#3503,10.);
#998=VECTOR('',#3504,10.);
#999=VECTOR('',#3509,10.);
#1000=VECTOR('',#3512,10.);
#1001=VECTOR('',#3515,10.);
#1002=VECTOR('',#3518,10.);
#1003=VECTOR('',#3519,10.);
#1004=VECTOR('',#3522,10.);
#1005=VECTOR('',#3533,10.);
#1006=VECTOR('',#3536,10.);
#1007=VECTOR('',#3539,10.);
#1008=VECTOR('',#3540,10.);
#1009=VECTOR('',#3541,10.);
#1010=VECTOR('',#3544,10.);
#1011=VECTOR('',#3545,10.);
#1012=VECTOR('',#3548,1.45);
#1013=VECTOR('',#3551,1.45);
#1014=VECTOR('',#3554,1.45);
#1015=VECTOR('',#3557,1.45);
#1016=VECTOR('',#3560,10.);
#1017=VECTOR('',#3561,10.);
#1018=VECTOR('',#3564,10.);
#1019=VECTOR('',#3583,10.);
#1020=VECTOR('',#3584,10.);
#1021=VECTOR('',#3587,10.);
#1022=VECTOR('',#3590,10.);
#1023=VECTOR('',#3593,10.);
#1024=VECTOR('',#3594,10.);
#1025=VECTOR('',#3597,10.);
#1026=VECTOR('',#3600,10.);
#1027=VECTOR('',#3603,10.);
#1028=VECTOR('',#3608,10.);
#1029=VECTOR('',#3609,10.);
#1030=VECTOR('',#3610,10.);
#1031=VECTOR('',#3611,10.);
#1032=VECTOR('',#3612,10.);
#1033=VECTOR('',#3613,10.);
#1034=VECTOR('',#3614,10.);
#1035=VECTOR('',#3615,10.);
#1036=VECTOR('',#3620,10.);
#1037=VECTOR('',#3621,10.);
#1038=VECTOR('',#3622,10.);
#1039=VECTOR('',#3623,10.);
#1040=VECTOR('',#3624,10.);
#1041=VECTOR('',#3625,10.);
#1042=VECTOR('',#3626,10.);
#1043=VECTOR('',#3627,10.);
#1044=VECTOR('',#3630,10.);
#1045=VECTOR('',#3631,10.);
#1046=VECTOR('',#3632,10.);
#1047=VECTOR('',#3633,10.);
#1048=VECTOR('',#3634,10.);
#1049=VECTOR('',#3635,10.);
#1050=VECTOR('',#3636,10.);
#1051=VECTOR('',#3637,10.);
#1052=VECTOR('',#3638,10.);
#1053=VECTOR('',#3639,10.);
#1054=VECTOR('',#3640,10.);
#1055=VECTOR('',#3641,10.);
#1056=VECTOR('',#3642,10.);
#1057=VECTOR('',#3643,10.);
#1058=VECTOR('',#3644,10.);
#1059=VECTOR('',#3645,10.);
#1060=VECTOR('',#3646,10.);
#1061=VECTOR('',#3647,10.);
#1062=VECTOR('',#3648,10.);
#1063=VECTOR('',#3649,10.);
#1064=VECTOR('',#3650,10.);
#1065=VECTOR('',#3651,10.);
#1066=VECTOR('',#3652,10.);
#1067=VECTOR('',#3653,10.);
#1068=VECTOR('',#3662,10.);
#1069=VECTOR('',#3665,10.);
#1070=VECTOR('',#3668,10.);
#1071=VECTOR('',#3671,10.);
#1072=VECTOR('',#3682,10.);
#1073=VECTOR('',#3683,10.);
#1074=VECTOR('',#3686,10.);
#1075=VECTOR('',#3687,10.);
#1076=VECTOR('',#3698,10.);
#1077=VECTOR('',#3701,10.);
#1078=VECTOR('',#3702,10.);
#1079=VECTOR('',#3705,10.);
#1080=VECTOR('',#3706,10.);
#1081=VECTOR('',#3707,10.);
#1082=VECTOR('',#3708,10.);
#1083=VECTOR('',#3709,10.);
#1084=VECTOR('',#3710,10.);
#1085=VECTOR('',#3711,10.);
#1086=VECTOR('',#3712,10.);
#1087=VECTOR('',#3713,10.);
#1088=VECTOR('',#3714,10.);
#1089=VECTOR('',#3715,10.);
#1090=VECTOR('',#3716,10.);
#1091=VECTOR('',#3717,10.);
#1092=VECTOR('',#3718,10.);
#1093=VECTOR('',#3719,10.);
#1094=VECTOR('',#3720,10.);
#1095=VECTOR('',#3721,10.);
#1096=VECTOR('',#3722,10.);
#1097=VECTOR('',#3723,10.);
#1098=VECTOR('',#3724,10.);
#1099=VECTOR('',#3725,10.);
#1100=VECTOR('',#3726,10.);
#1101=VECTOR('',#3727,10.);
#1102=VECTOR('',#3728,10.);
#1103=VECTOR('',#3731,10.);
#1104=VECTOR('',#3732,10.);
#1105=VECTOR('',#3733,10.);
#1106=VECTOR('',#3734,10.);
#1107=VECTOR('',#3735,10.);
#1108=VECTOR('',#3736,10.);
#1109=VECTOR('',#3737,10.);
#1110=VECTOR('',#3738,10.);
#1111=VECTOR('',#3743,10.);
#1112=VECTOR('',#3744,10.);
#1113=VECTOR('',#3745,10.);
#1114=VECTOR('',#3746,10.);
#1115=VECTOR('',#3747,10.);
#1116=VECTOR('',#3748,10.);
#1117=VECTOR('',#3749,10.);
#1118=VECTOR('',#3750,10.);
#1119=VECTOR('',#3755,10.);
#1120=VECTOR('',#3756,10.);
#1121=VECTOR('',#3759,10.);
#1122=VECTOR('',#3762,10.);
#1123=VECTOR('',#3767,10.);
#1124=VECTOR('',#3768,10.);
#1125=VECTOR('',#3771,10.);
#1126=VECTOR('',#3774,10.);
#1127=VECTOR('',#3779,10.);
#1128=VECTOR('',#3780,10.);
#1129=VECTOR('',#3783,10.);
#1130=VECTOR('',#3786,10.);
#1131=VECTOR('',#3791,10.);
#1132=VECTOR('',#3792,10.);
#1133=VECTOR('',#3795,10.);
#1134=VECTOR('',#3798,10.);
#1135=VECTOR('',#3803,10.);
#1136=VECTOR('',#3804,10.);
#1137=VECTOR('',#3807,10.);
#1138=VECTOR('',#3810,10.);
#1139=VECTOR('',#3815,10.);
#1140=VECTOR('',#3816,10.);
#1141=VECTOR('',#3819,10.);
#1142=VECTOR('',#3822,10.);
#1143=VECTOR('',#3827,1.45);
#1144=VECTOR('',#3830,10.);
#1145=VECTOR('',#3831,10.);
#1146=VECTOR('',#3834,10.);
#1147=VECTOR('',#3837,10.);
#1148=VECTOR('',#3842,10.);
#1149=VECTOR('',#3843,10.);
#1150=VECTOR('',#3846,10.);
#1151=VECTOR('',#3849,10.);
#1152=VECTOR('',#3854,1.45);
#1153=VECTOR('',#3857,1.45);
#1154=VECTOR('',#3860,10.);
#1155=VECTOR('',#3861,10.);
#1156=VECTOR('',#3864,10.);
#1157=VECTOR('',#3867,10.);
#1158=VECTOR('',#3872,10.);
#1159=VECTOR('',#3873,10.);
#1160=VECTOR('',#3876,10.);
#1161=VECTOR('',#3879,10.);
#1162=VECTOR('',#3884,1.45);
#1163=VECTOR('',#3889,10.);
#1164=VECTOR('',#3890,10.);
#1165=VECTOR('',#3891,10.);
#1166=VECTOR('',#3892,10.);
#1167=VECTOR('',#3895,10.);
#1168=VECTOR('',#3896,10.);
#1169=VECTOR('',#3897,10.);
#1170=VECTOR('',#3900,10.);
#1171=VECTOR('',#3901,10.);
#1172=VECTOR('',#3902,10.);
#1173=VECTOR('',#3905,10.);
#1174=VECTOR('',#3906,10.);
#1175=VECTOR('',#3907,10.);
#1176=VECTOR('',#3910,10.);
#1177=VECTOR('',#3911,10.);
#1178=VECTOR('',#3912,10.);
#1179=VECTOR('',#3915,10.);
#1180=VECTOR('',#3916,10.);
#1181=VECTOR('',#3917,10.);
#1182=VECTOR('',#3920,10.);
#1183=VECTOR('',#3921,10.);
#1184=VECTOR('',#3922,10.);
#1185=VECTOR('',#3925,10.);
#1186=VECTOR('',#3926,10.);
#1187=VECTOR('',#3927,10.);
#1188=VECTOR('',#3930,10.);
#1189=VECTOR('',#3931,10.);
#1190=VECTOR('',#3932,10.);
#1191=VECTOR('',#3935,10.);
#1192=VECTOR('',#3936,10.);
#1193=VECTOR('',#3937,10.);
#1194=VECTOR('',#3940,10.);
#1195=VECTOR('',#3941,10.);
#1196=VECTOR('',#3942,10.);
#1197=VECTOR('',#3945,10.);
#1198=VECTOR('',#3946,10.);
#1199=VECTOR('',#3947,10.);
#1200=VECTOR('',#3950,10.);
#1201=VECTOR('',#3951,10.);
#1202=VECTOR('',#3952,10.);
#1203=VECTOR('',#3955,10.);
#1204=VECTOR('',#3956,10.);
#1205=VECTOR('',#3957,10.);
#1206=VECTOR('',#3960,10.);
#1207=VECTOR('',#3961,10.);
#1208=VECTOR('',#3962,10.);
#1209=VECTOR('',#3965,10.);
#1210=VECTOR('',#3966,10.);
#1211=VECTOR('',#3967,10.);
#1212=VECTOR('',#3970,10.);
#1213=VECTOR('',#3971,10.);
#1214=VECTOR('',#3972,10.);
#1215=VECTOR('',#3975,10.);
#1216=VECTOR('',#3976,10.);
#1217=VECTOR('',#3977,10.);
#1218=VECTOR('',#3980,10.);
#1219=VECTOR('',#3981,10.);
#1220=VECTOR('',#3982,10.);
#1221=VECTOR('',#3985,10.);
#1222=VECTOR('',#3986,10.);
#1223=VECTOR('',#3987,10.);
#1224=VECTOR('',#3990,10.);
#1225=VECTOR('',#3991,10.);
#1226=VECTOR('',#3992,10.);
#1227=VECTOR('',#3995,10.);
#1228=VECTOR('',#3996,10.);
#1229=VECTOR('',#3997,10.);
#1230=VECTOR('',#4000,10.);
#1231=VECTOR('',#4001,10.);
#1232=VECTOR('',#4002,10.);
#1233=VECTOR('',#4005,10.);
#1234=VECTOR('',#4006,10.);
#1235=VECTOR('',#4007,10.);
#1236=VECTOR('',#4010,10.);
#1237=VECTOR('',#4011,10.);
#1238=VECTOR('',#4012,10.);
#1239=VECTOR('',#4015,10.);
#1240=VECTOR('',#4016,10.);
#1241=VECTOR('',#4017,10.);
#1242=VECTOR('',#4020,10.);
#1243=VECTOR('',#4021,10.);
#1244=VECTOR('',#4022,10.);
#1245=VECTOR('',#4025,10.);
#1246=VECTOR('',#4026,10.);
#1247=VECTOR('',#4027,10.);
#1248=VECTOR('',#4030,10.);
#1249=VECTOR('',#4031,10.);
#1250=VECTOR('',#4032,10.);
#1251=VECTOR('',#4035,10.);
#1252=VECTOR('',#4036,10.);
#1253=VECTOR('',#4037,10.);
#1254=VECTOR('',#4040,10.);
#1255=VECTOR('',#4041,10.);
#1256=VECTOR('',#4042,10.);
#1257=VECTOR('',#4045,10.);
#1258=VECTOR('',#4046,10.);
#1259=VECTOR('',#4047,10.);
#1260=VECTOR('',#4050,10.);
#1261=VECTOR('',#4051,10.);
#1262=VECTOR('',#4052,10.);
#1263=VECTOR('',#4055,10.);
#1264=VECTOR('',#4056,10.);
#1265=VECTOR('',#4057,10.);
#1266=VECTOR('',#4060,10.);
#1267=VECTOR('',#4061,10.);
#1268=VECTOR('',#4062,10.);
#1269=VECTOR('',#4065,10.);
#1270=VECTOR('',#4066,10.);
#1271=VECTOR('',#4067,10.);
#1272=VECTOR('',#4070,10.);
#1273=VECTOR('',#4071,10.);
#1274=VECTOR('',#4072,10.);
#1275=VECTOR('',#4075,10.);
#1276=VECTOR('',#4076,10.);
#1277=VECTOR('',#4077,10.);
#1278=VECTOR('',#4080,10.);
#1279=VECTOR('',#4081,10.);
#1280=VECTOR('',#4090,0.205375651697835);
#1281=VECTOR('',#4097,10.);
#1282=VECTOR('',#4100,10.);
#1283=VECTOR('',#4101,10.);
#1284=VECTOR('',#4102,10.);
#1285=VECTOR('',#4103,10.);
#1286=VECTOR('',#4106,10.);
#1287=VECTOR('',#4107,10.);
#1288=VECTOR('',#4108,10.);
#1289=VECTOR('',#4111,10.);
#1290=VECTOR('',#4112,10.);
#1291=VECTOR('',#4113,10.);
#1292=VECTOR('',#4116,10.);
#1293=VECTOR('',#4117,10.);
#1294=VECTOR('',#4120,10.);
#1295=VECTOR('',#4121,10.);
#1296=VECTOR('',#4122,10.);
#1297=VECTOR('',#4123,10.);
#1298=VECTOR('',#4126,10.);
#1299=VECTOR('',#4127,10.);
#1300=VECTOR('',#4128,10.);
#1301=VECTOR('',#4131,10.);
#1302=VECTOR('',#4132,10.);
#1303=VECTOR('',#4133,10.);
#1304=VECTOR('',#4136,10.);
#1305=VECTOR('',#4137,10.);
#1306=VECTOR('',#4138,10.);
#1307=VECTOR('',#4141,10.);
#1308=VECTOR('',#4142,10.);
#1309=VECTOR('',#4145,10.);
#1310=VECTOR('',#4146,10.);
#1311=VECTOR('',#4147,10.);
#1312=VECTOR('',#4148,10.);
#1313=VECTOR('',#4151,10.);
#1314=VECTOR('',#4152,10.);
#1315=VECTOR('',#4153,10.);
#1316=VECTOR('',#4156,10.);
#1317=VECTOR('',#4157,10.);
#1318=VECTOR('',#4158,10.);
#1319=VECTOR('',#4161,10.);
#1320=VECTOR('',#4162,10.);
#1321=VECTOR('',#4163,10.);
#1322=VECTOR('',#4166,10.);
#1323=VECTOR('',#4167,10.);
#1324=VECTOR('',#4168,10.);
#1325=VECTOR('',#4171,10.);
#1326=VECTOR('',#4172,10.);
#1327=VECTOR('',#4173,10.);
#1328=VECTOR('',#4176,10.);
#1329=VECTOR('',#4177,10.);
#1330=VECTOR('',#4178,10.);
#1331=VECTOR('',#4181,10.);
#1332=VECTOR('',#4182,10.);
#1333=VECTOR('',#4183,10.);
#1334=VECTOR('',#4186,10.);
#1335=VECTOR('',#4187,10.);
#1336=VECTOR('',#4188,10.);
#1337=VECTOR('',#4191,10.);
#1338=VECTOR('',#4192,10.);
#1339=VECTOR('',#4193,10.);
#1340=VECTOR('',#4196,10.);
#1341=VECTOR('',#4197,10.);
#1342=VECTOR('',#4198,10.);
#1343=VECTOR('',#4201,10.);
#1344=VECTOR('',#4202,10.);
#1345=VECTOR('',#4203,10.);
#1346=VECTOR('',#4204,10.);
#1347=VECTOR('',#4207,10.);
#1348=VECTOR('',#4208,10.);
#1349=VECTOR('',#4209,10.);
#1350=VECTOR('',#4212,10.);
#1351=VECTOR('',#4213,10.);
#1352=VECTOR('',#4214,10.);
#1353=VECTOR('',#4217,10.);
#1354=VECTOR('',#4218,10.);
#1355=VECTOR('',#4219,10.);
#1356=VECTOR('',#4222,10.);
#1357=VECTOR('',#4223,10.);
#1358=VECTOR('',#4224,10.);
#1359=VECTOR('',#4225,10.);
#1360=VECTOR('',#4228,10.);
#1361=VECTOR('',#4229,10.);
#1362=VECTOR('',#4230,10.);
#1363=VECTOR('',#4239,0.227172412812662);
#1364=VECTOR('',#4248,10.);
#1365=VECTOR('',#4249,10.);
#1366=VECTOR('',#4250,10.);
#1367=VECTOR('',#4251,10.);
#1368=VECTOR('',#4254,10.);
#1369=VECTOR('',#4255,10.);
#1370=VECTOR('',#4256,10.);
#1371=VECTOR('',#4259,10.);
#1372=VECTOR('',#4260,10.);
#1373=VECTOR('',#4263,10.);
#1374=VECTOR('',#4264,10.);
#1375=VECTOR('',#4267,10.);
#1376=CIRCLE('',#3262,5.);
#1377=CIRCLE('',#3263,5.);
#1378=CIRCLE('',#3265,5.);
#1379=CIRCLE('',#3266,5.);
#1380=CIRCLE('',#3267,5.);
#1381=CIRCLE('',#3268,1.45);
#1382=CIRCLE('',#3269,1.45);
#1383=CIRCLE('',#3270,1.45);
#1384=CIRCLE('',#3271,1.45);
#1385=CIRCLE('',#3274,5.);
#1386=CIRCLE('',#3276,5.);
#1387=CIRCLE('',#3278,5.);
#1388=CIRCLE('',#3279,1.45);
#1389=CIRCLE('',#3280,1.45);
#1390=CIRCLE('',#3281,1.45);
#1391=CIRCLE('',#3282,1.45);
#1392=CIRCLE('',#3296,2.5);
#1393=CIRCLE('',#3297,5.);
#1394=CIRCLE('',#3298,2.5);
#1395=CIRCLE('',#3299,2.5);
#1396=CIRCLE('',#3301,5.);
#1397=CIRCLE('',#3303,2.5);
#1398=CIRCLE('',#3306,5.);
#1399=CIRCLE('',#3307,5.);
#1400=CIRCLE('',#3308,5.);
#1401=CIRCLE('',#3309,1.45);
#1402=CIRCLE('',#3310,1.45);
#1403=CIRCLE('',#3311,1.45);
#1404=CIRCLE('',#3312,1.45);
#1405=CIRCLE('',#3313,5.);
#1406=CIRCLE('',#3314,2.5);
#1407=CIRCLE('',#3315,2.5);
#1408=CIRCLE('',#3318,2.5);
#1409=CIRCLE('',#3320,2.5);
#1410=CIRCLE('',#3321,5.);
#1411=CIRCLE('',#3322,2.5);
#1412=CIRCLE('',#3323,2.5);
#1413=CIRCLE('',#3327,5.);
#1414=CIRCLE('',#3328,2.5);
#1415=CIRCLE('',#3329,2.5);
#1416=CIRCLE('',#3333,1.45);
#1417=CIRCLE('',#3334,1.45);
#1418=CIRCLE('',#3335,1.45);
#1419=CIRCLE('',#3336,1.45);
#1420=CIRCLE('',#3424,0.205375651697835);
#1421=CIRCLE('',#3425,0.205375651697835);
#1422=CIRCLE('',#3457,0.227172412812662);
#1423=CIRCLE('',#3458,0.227172412812662);
#1424=VERTEX_POINT('',#4272);
#1425=VERTEX_POINT('',#4273);
#1426=VERTEX_POINT('',#4275);
#1427=VERTEX_POINT('',#4277);
#1428=VERTEX_POINT('',#4281);
#1429=VERTEX_POINT('',#4283);
#1430=VERTEX_POINT('',#4285);
#1431=VERTEX_POINT('',#4287);
#1432=VERTEX_POINT('',#4289);
#1433=VERTEX_POINT('',#4291);
#1434=VERTEX_POINT('',#4294);
#1435=VERTEX_POINT('',#4296);
#1436=VERTEX_POINT('',#4298);
#1437=VERTEX_POINT('',#4299);
#1438=VERTEX_POINT('',#4301);
#1439=VERTEX_POINT('',#4303);
#1440=VERTEX_POINT('',#4306);
#1441=VERTEX_POINT('',#4308);
#1442=VERTEX_POINT('',#4311);
#1443=VERTEX_POINT('',#4315);
#1444=VERTEX_POINT('',#4319);
#1445=VERTEX_POINT('',#4321);
#1446=VERTEX_POINT('',#4326);
#1447=VERTEX_POINT('',#4328);
#1448=VERTEX_POINT('',#4331);
#1449=VERTEX_POINT('',#4333);
#1450=VERTEX_POINT('',#4335);
#1451=VERTEX_POINT('',#4337);
#1452=VERTEX_POINT('',#4344);
#1453=VERTEX_POINT('',#4345);
#1454=VERTEX_POINT('',#4350);
#1455=VERTEX_POINT('',#4362);
#1456=VERTEX_POINT('',#4379);
#1457=VERTEX_POINT('',#4380);
#1458=VERTEX_POINT('',#4382);
#1459=VERTEX_POINT('',#4384);
#1460=VERTEX_POINT('',#4388);
#1461=VERTEX_POINT('',#4389);
#1462=VERTEX_POINT('',#4394);
#1463=VERTEX_POINT('',#4396);
#1464=VERTEX_POINT('',#4400);
#1465=VERTEX_POINT('',#4404);
#1466=VERTEX_POINT('',#4406);
#1467=VERTEX_POINT('',#4408);
#1468=VERTEX_POINT('',#4410);
#1469=VERTEX_POINT('',#4412);
#1470=VERTEX_POINT('',#4415);
#1471=VERTEX_POINT('',#4417);
#1472=VERTEX_POINT('',#4418);
#1473=VERTEX_POINT('',#4420);
#1474=VERTEX_POINT('',#4422);
#1475=VERTEX_POINT('',#4425);
#1476=VERTEX_POINT('',#4426);
#1477=VERTEX_POINT('',#4428);
#1478=VERTEX_POINT('',#4430);
#1479=VERTEX_POINT('',#4433);
#1480=VERTEX_POINT('',#4435);
#1481=VERTEX_POINT('',#4437);
#1482=VERTEX_POINT('',#4438);
#1483=VERTEX_POINT('',#4440);
#1484=VERTEX_POINT('',#4442);
#1485=VERTEX_POINT('',#4445);
#1486=VERTEX_POINT('',#4446);
#1487=VERTEX_POINT('',#4448);
#1488=VERTEX_POINT('',#4450);
#1489=VERTEX_POINT('',#4453);
#1490=VERTEX_POINT('',#4455);
#1491=VERTEX_POINT('',#4456);
#1492=VERTEX_POINT('',#4458);
#1493=VERTEX_POINT('',#4460);
#1494=VERTEX_POINT('',#4463);
#1495=VERTEX_POINT('',#4464);
#1496=VERTEX_POINT('',#4466);
#1497=VERTEX_POINT('',#4468);
#1498=VERTEX_POINT('',#4471);
#1499=VERTEX_POINT('',#4472);
#1500=VERTEX_POINT('',#4474);
#1501=VERTEX_POINT('',#4476);
#1502=VERTEX_POINT('',#4479);
#1503=VERTEX_POINT('',#4480);
#1504=VERTEX_POINT('',#4482);
#1505=VERTEX_POINT('',#4484);
#1506=VERTEX_POINT('',#4487);
#1507=VERTEX_POINT('',#4488);
#1508=VERTEX_POINT('',#4490);
#1509=VERTEX_POINT('',#4492);
#1510=VERTEX_POINT('',#4495);
#1511=VERTEX_POINT('',#4496);
#1512=VERTEX_POINT('',#4498);
#1513=VERTEX_POINT('',#4500);
#1514=VERTEX_POINT('',#4512);
#1515=VERTEX_POINT('',#4514);
#1516=VERTEX_POINT('',#4520);
#1517=VERTEX_POINT('',#4522);
#1518=VERTEX_POINT('',#4536);
#1519=VERTEX_POINT('',#4537);
#1520=VERTEX_POINT('',#4539);
#1521=VERTEX_POINT('',#4541);
#1522=VERTEX_POINT('',#4560);
#1523=VERTEX_POINT('',#4562);
#1524=VERTEX_POINT('',#4571);
#1525=VERTEX_POINT('',#4572);
#1526=VERTEX_POINT('',#4574);
#1527=VERTEX_POINT('',#4576);
#1528=VERTEX_POINT('',#4579);
#1529=VERTEX_POINT('',#4580);
#1530=VERTEX_POINT('',#4582);
#1531=VERTEX_POINT('',#4584);
#1532=VERTEX_POINT('',#4587);
#1533=VERTEX_POINT('',#4588);
#1534=VERTEX_POINT('',#4590);
#1535=VERTEX_POINT('',#4592);
#1536=VERTEX_POINT('',#4595);
#1537=VERTEX_POINT('',#4596);
#1538=VERTEX_POINT('',#4598);
#1539=VERTEX_POINT('',#4600);
#1540=VERTEX_POINT('',#4603);
#1541=VERTEX_POINT('',#4604);
#1542=VERTEX_POINT('',#4606);
#1543=VERTEX_POINT('',#4608);
#1544=VERTEX_POINT('',#4611);
#1545=VERTEX_POINT('',#4612);
#1546=VERTEX_POINT('',#4614);
#1547=VERTEX_POINT('',#4616);
#1548=VERTEX_POINT('',#4619);
#1549=VERTEX_POINT('',#4621);
#1550=VERTEX_POINT('',#4622);
#1551=VERTEX_POINT('',#4624);
#1552=VERTEX_POINT('',#4626);
#1553=VERTEX_POINT('',#4629);
#1554=VERTEX_POINT('',#4630);
#1555=VERTEX_POINT('',#4632);
#1556=VERTEX_POINT('',#4634);
#1557=VERTEX_POINT('',#4637);
#1558=VERTEX_POINT('',#4639);
#1559=VERTEX_POINT('',#4641);
#1560=VERTEX_POINT('',#4642);
#1561=VERTEX_POINT('',#4644);
#1562=VERTEX_POINT('',#4646);
#1563=VERTEX_POINT('',#4649);
#1564=VERTEX_POINT('',#4650);
#1565=VERTEX_POINT('',#4652);
#1566=VERTEX_POINT('',#4654);
#1567=VERTEX_POINT('',#4657);
#1568=VERTEX_POINT('',#4749);
#1569=VERTEX_POINT('',#4750);
#1570=VERTEX_POINT('',#4752);
#1571=VERTEX_POINT('',#4754);
#1572=VERTEX_POINT('',#4758);
#1573=VERTEX_POINT('',#4760);
#1574=VERTEX_POINT('',#4764);
#1575=VERTEX_POINT('',#4766);
#1576=VERTEX_POINT('',#4770);
#1577=VERTEX_POINT('',#4772);
#1578=VERTEX_POINT('',#4776);
#1579=VERTEX_POINT('',#4778);
#1580=VERTEX_POINT('',#4782);
#1581=VERTEX_POINT('',#4784);
#1582=VERTEX_POINT('',#4788);
#1583=VERTEX_POINT('',#4790);
#1584=VERTEX_POINT('',#4794);
#1585=VERTEX_POINT('',#4796);
#1586=VERTEX_POINT('',#4800);
#1587=VERTEX_POINT('',#4802);
#1588=VERTEX_POINT('',#4806);
#1589=VERTEX_POINT('',#4808);
#1590=VERTEX_POINT('',#4812);
#1591=VERTEX_POINT('',#4814);
#1592=VERTEX_POINT('',#4818);
#1593=VERTEX_POINT('',#4820);
#1594=VERTEX_POINT('',#4824);
#1595=VERTEX_POINT('',#4826);
#1596=VERTEX_POINT('',#4830);
#1597=VERTEX_POINT('',#4832);
#1598=VERTEX_POINT('',#4836);
#1599=VERTEX_POINT('',#4838);
#1600=VERTEX_POINT('',#4842);
#1601=VERTEX_POINT('',#4844);
#1602=VERTEX_POINT('',#4848);
#1603=VERTEX_POINT('',#4850);
#1604=VERTEX_POINT('',#4854);
#1605=VERTEX_POINT('',#4856);
#1606=VERTEX_POINT('',#4860);
#1607=VERTEX_POINT('',#4862);
#1608=VERTEX_POINT('',#4866);
#1609=VERTEX_POINT('',#4868);
#1610=VERTEX_POINT('',#4872);
#1611=VERTEX_POINT('',#4874);
#1612=VERTEX_POINT('',#4878);
#1613=VERTEX_POINT('',#4880);
#1614=VERTEX_POINT('',#4884);
#1615=VERTEX_POINT('',#4886);
#1616=VERTEX_POINT('',#4890);
#1617=VERTEX_POINT('',#4892);
#1618=VERTEX_POINT('',#4896);
#1619=VERTEX_POINT('',#4898);
#1620=VERTEX_POINT('',#4902);
#1621=VERTEX_POINT('',#4904);
#1622=VERTEX_POINT('',#4908);
#1623=VERTEX_POINT('',#4910);
#1624=VERTEX_POINT('',#4914);
#1625=VERTEX_POINT('',#4916);
#1626=VERTEX_POINT('',#4920);
#1627=VERTEX_POINT('',#4922);
#1628=VERTEX_POINT('',#4926);
#1629=VERTEX_POINT('',#4928);
#1630=VERTEX_POINT('',#4932);
#1631=VERTEX_POINT('',#4934);
#1632=VERTEX_POINT('',#4938);
#1633=VERTEX_POINT('',#4940);
#1634=VERTEX_POINT('',#4944);
#1635=VERTEX_POINT('',#4946);
#1636=VERTEX_POINT('',#4950);
#1637=VERTEX_POINT('',#4952);
#1638=VERTEX_POINT('',#4956);
#1639=VERTEX_POINT('',#4958);
#1640=VERTEX_POINT('',#4962);
#1641=VERTEX_POINT('',#4964);
#1642=VERTEX_POINT('',#4968);
#1643=VERTEX_POINT('',#4970);
#1644=VERTEX_POINT('',#4974);
#1645=VERTEX_POINT('',#4976);
#1646=VERTEX_POINT('',#4985);
#1647=VERTEX_POINT('',#4987);
#1648=VERTEX_POINT('',#5122);
#1649=VERTEX_POINT('',#5188);
#1650=VERTEX_POINT('',#5256);
#1651=VERTEX_POINT('',#5257);
#1652=VERTEX_POINT('',#5259);
#1653=VERTEX_POINT('',#5261);
#1654=VERTEX_POINT('',#5265);
#1655=VERTEX_POINT('',#5267);
#1656=VERTEX_POINT('',#5271);
#1657=VERTEX_POINT('',#5273);
#1658=VERTEX_POINT('',#5280);
#1659=VERTEX_POINT('',#5281);
#1660=VERTEX_POINT('',#5283);
#1661=VERTEX_POINT('',#5285);
#1662=VERTEX_POINT('',#5289);
#1663=VERTEX_POINT('',#5291);
#1664=VERTEX_POINT('',#5295);
#1665=VERTEX_POINT('',#5297);
#1666=VERTEX_POINT('',#5301);
#1667=VERTEX_POINT('',#5303);
#1668=VERTEX_POINT('',#5310);
#1669=VERTEX_POINT('',#5311);
#1670=VERTEX_POINT('',#5313);
#1671=VERTEX_POINT('',#5315);
#1672=VERTEX_POINT('',#5319);
#1673=VERTEX_POINT('',#5321);
#1674=VERTEX_POINT('',#5325);
#1675=VERTEX_POINT('',#5327);
#1676=VERTEX_POINT('',#5331);
#1677=VERTEX_POINT('',#5333);
#1678=VERTEX_POINT('',#5337);
#1679=VERTEX_POINT('',#5339);
#1680=VERTEX_POINT('',#5343);
#1681=VERTEX_POINT('',#5345);
#1682=VERTEX_POINT('',#5349);
#1683=VERTEX_POINT('',#5351);
#1684=VERTEX_POINT('',#5355);
#1685=VERTEX_POINT('',#5357);
#1686=VERTEX_POINT('',#5361);
#1687=VERTEX_POINT('',#5363);
#1688=VERTEX_POINT('',#5367);
#1689=VERTEX_POINT('',#5369);
#1690=VERTEX_POINT('',#5373);
#1691=VERTEX_POINT('',#5375);
#1692=VERTEX_POINT('',#5379);
#1693=VERTEX_POINT('',#5381);
#1694=VERTEX_POINT('',#5428);
#1695=VERTEX_POINT('',#5451);
#1696=VERTEX_POINT('',#5476);
#1697=VERTEX_POINT('',#5478);
#1698=VERTEX_POINT('',#5482);
#1699=VERTEX_POINT('',#5484);
#1700=VERTEX_POINT('',#5488);
#1701=VERTEX_POINT('',#5490);
#1702=VERTEX_POINT('',#5494);
#1703=VERTEX_POINT('',#5496);
#1704=VERTEX_POINT('',#5529);
#1705=VERTEX_POINT('',#5545);
#1706=VERTEX_POINT('',#5563);
#1707=VERTEX_POINT('',#5565);
#1708=VERTEX_POINT('',#5691);
#1709=VERTEX_POINT('',#5693);
#1710=VERTEX_POINT('',#5699);
#1711=VERTEX_POINT('',#5700);
#1712=VERTEX_POINT('',#5702);
#1713=VERTEX_POINT('',#5704);
#1714=VERTEX_POINT('',#5708);
#1715=VERTEX_POINT('',#5710);
#1716=VERTEX_POINT('',#5714);
#1717=VERTEX_POINT('',#5718);
#1718=EDGE_CURVE('',#1424,#1425,#1376,.T.);
#1719=EDGE_CURVE('',#1425,#1426,#598,.T.);
#1720=EDGE_CURVE('',#1426,#1427,#1377,.T.);
#1721=EDGE_CURVE('',#1427,#1424,#599,.T.);
#1722=EDGE_CURVE('',#1424,#1428,#600,.T.);
#1723=EDGE_CURVE('',#1429,#1428,#1378,.T.);
#1724=EDGE_CURVE('',#1429,#1430,#601,.T.);
#1725=EDGE_CURVE('',#1431,#1430,#1379,.T.);
#1726=EDGE_CURVE('',#1431,#1432,#602,.T.);
#1727=EDGE_CURVE('',#1433,#1432,#1380,.T.);
#1728=EDGE_CURVE('',#1433,#1425,#603,.T.);
#1729=EDGE_CURVE('',#1434,#1434,#1381,.T.);
#1730=EDGE_CURVE('',#1435,#1435,#1382,.T.);
#1731=EDGE_CURVE('',#1436,#1437,#604,.T.);
#1732=EDGE_CURVE('',#1437,#1438,#605,.T.);
#1733=EDGE_CURVE('',#1438,#1439,#606,.T.);
#1734=EDGE_CURVE('',#1439,#1436,#607,.T.);
#1735=EDGE_CURVE('',#1440,#1440,#1383,.T.);
#1736=EDGE_CURVE('',#1441,#1441,#1384,.T.);
#1737=EDGE_CURVE('',#1427,#1442,#608,.T.);
#1738=EDGE_CURVE('',#1428,#1442,#609,.T.);
#1739=EDGE_CURVE('',#1442,#1443,#1385,.T.);
#1740=EDGE_CURVE('',#1443,#1429,#610,.T.);
#1741=EDGE_CURVE('',#1432,#1444,#611,.T.);
#1742=EDGE_CURVE('',#1444,#1445,#1386,.T.);
#1743=EDGE_CURVE('',#1445,#1433,#612,.T.);
#1744=EDGE_CURVE('',#1445,#1426,#613,.T.);
#1745=EDGE_CURVE('',#1446,#1444,#614,.T.);
#1746=EDGE_CURVE('',#1447,#1446,#1387,.T.);
#1747=EDGE_CURVE('',#1443,#1447,#615,.T.);
#1748=EDGE_CURVE('',#1448,#1448,#1388,.T.);
#1749=EDGE_CURVE('',#1449,#1449,#1389,.T.);
#1750=EDGE_CURVE('',#1450,#1450,#1390,.T.);
#1751=EDGE_CURVE('',#1451,#1451,#1391,.T.);
#1752=EDGE_CURVE('',#1446,#1431,#616,.T.);
#1753=EDGE_CURVE('',#1430,#1447,#617,.T.);
#1754=EDGE_CURVE('',#1452,#1453,#618,.T.);
#1755=EDGE_CURVE('',#1452,#1439,#619,.T.);
#1756=EDGE_CURVE('',#1453,#1438,#620,.T.);
#1757=EDGE_CURVE('',#1454,#1452,#621,.T.);
#1758=EDGE_CURVE('',#1454,#1436,#622,.T.);
#1759=EDGE_CURVE('',#1441,#1449,#623,.T.);
#1760=EDGE_CURVE('',#1440,#1448,#624,.T.);
#1761=EDGE_CURVE('',#1435,#1451,#625,.T.);
#1762=EDGE_CURVE('',#1434,#1450,#626,.T.);
#1763=EDGE_CURVE('',#1453,#1455,#627,.T.);
#1764=EDGE_CURVE('',#1455,#1437,#628,.T.);
#1765=EDGE_CURVE('',#1455,#1454,#629,.T.);
#1766=EDGE_CURVE('',#1456,#1457,#1392,.T.);
#1767=EDGE_CURVE('',#1457,#1458,#1393,.T.);
#1768=EDGE_CURVE('',#1458,#1459,#1394,.T.);
#1769=EDGE_CURVE('',#1459,#1456,#1395,.T.);
#1770=EDGE_CURVE('',#1460,#1461,#1396,.T.);
#1771=EDGE_CURVE('',#1461,#1458,#630,.T.);
#1772=EDGE_CURVE('',#1457,#1460,#631,.T.);
#1773=EDGE_CURVE('',#1458,#1462,#632,.T.);
#1774=EDGE_CURVE('',#1463,#1462,#1397,.T.);
#1775=EDGE_CURVE('',#1463,#1459,#633,.T.);
#1776=EDGE_CURVE('',#1461,#1464,#634,.T.);
#1777=EDGE_CURVE('',#1462,#1464,#635,.T.);
#1778=EDGE_CURVE('',#1465,#1460,#636,.T.);
#1779=EDGE_CURVE('',#1466,#1465,#1398,.T.);
#1780=EDGE_CURVE('',#1467,#1466,#637,.T.);
#1781=EDGE_CURVE('',#1468,#1467,#1399,.T.);
#1782=EDGE_CURVE('',#1469,#1468,#638,.T.);
#1783=EDGE_CURVE('',#1464,#1469,#1400,.T.);
#1784=EDGE_CURVE('',#1470,#1470,#1401,.T.);
#1785=EDGE_CURVE('',#1471,#1472,#639,.T.);
#1786=EDGE_CURVE('',#1473,#1471,#640,.T.);
#1787=EDGE_CURVE('',#1474,#1473,#641,.T.);
#1788=EDGE_CURVE('',#1472,#1474,#642,.T.);
#1789=EDGE_CURVE('',#1475,#1476,#643,.T.);
#1790=EDGE_CURVE('',#1477,#1475,#644,.T.);
#1791=EDGE_CURVE('',#1478,#1477,#645,.T.);
#1792=EDGE_CURVE('',#1476,#1478,#646,.T.);
#1793=EDGE_CURVE('',#1479,#1479,#1402,.T.);
#1794=EDGE_CURVE('',#1480,#1480,#1403,.T.);
#1795=EDGE_CURVE('',#1481,#1482,#647,.T.);
#1796=EDGE_CURVE('',#1483,#1481,#648,.T.);
#1797=EDGE_CURVE('',#1484,#1483,#649,.T.);
#1798=EDGE_CURVE('',#1482,#1484,#650,.T.);
#1799=EDGE_CURVE('',#1485,#1486,#651,.T.);
#1800=EDGE_CURVE('',#1487,#1485,#652,.T.);
#1801=EDGE_CURVE('',#1488,#1487,#653,.T.);
#1802=EDGE_CURVE('',#1486,#1488,#654,.T.);
#1803=EDGE_CURVE('',#1489,#1489,#1404,.T.);
#1804=EDGE_CURVE('',#1490,#1491,#655,.T.);
#1805=EDGE_CURVE('',#1492,#1490,#656,.T.);
#1806=EDGE_CURVE('',#1493,#1492,#657,.T.);
#1807=EDGE_CURVE('',#1491,#1493,#658,.T.);
#1808=EDGE_CURVE('',#1494,#1495,#659,.T.);
#1809=EDGE_CURVE('',#1496,#1494,#660,.T.);
#1810=EDGE_CURVE('',#1497,#1496,#661,.T.);
#1811=EDGE_CURVE('',#1495,#1497,#662,.T.);
#1812=EDGE_CURVE('',#1498,#1499,#663,.T.);
#1813=EDGE_CURVE('',#1500,#1498,#664,.T.);
#1814=EDGE_CURVE('',#1501,#1500,#665,.T.);
#1815=EDGE_CURVE('',#1499,#1501,#666,.T.);
#1816=EDGE_CURVE('',#1502,#1503,#667,.T.);
#1817=EDGE_CURVE('',#1504,#1502,#668,.T.);
#1818=EDGE_CURVE('',#1505,#1504,#669,.T.);
#1819=EDGE_CURVE('',#1503,#1505,#670,.T.);
#1820=EDGE_CURVE('',#1506,#1507,#671,.T.);
#1821=EDGE_CURVE('',#1508,#1506,#672,.T.);
#1822=EDGE_CURVE('',#1509,#1508,#673,.T.);
#1823=EDGE_CURVE('',#1507,#1509,#674,.T.);
#1824=EDGE_CURVE('',#1510,#1511,#675,.T.);
#1825=EDGE_CURVE('',#1512,#1510,#676,.T.);
#1826=EDGE_CURVE('',#1513,#1512,#677,.T.);
#1827=EDGE_CURVE('',#1511,#1513,#678,.T.);
#1828=EDGE_CURVE('',#1462,#1514,#1405,.T.);
#1829=EDGE_CURVE('',#1514,#1515,#1406,.T.);
#1830=EDGE_CURVE('',#1515,#1463,#1407,.T.);
#1831=EDGE_CURVE('',#1469,#1514,#679,.T.);
#1832=EDGE_CURVE('',#1514,#1516,#680,.T.);
#1833=EDGE_CURVE('',#1517,#1516,#1408,.T.);
#1834=EDGE_CURVE('',#1517,#1515,#681,.T.);
#1835=EDGE_CURVE('',#1516,#1468,#682,.T.);
#1836=EDGE_CURVE('',#1518,#1519,#1409,.T.);
#1837=EDGE_CURVE('',#1519,#1520,#1410,.T.);
#1838=EDGE_CURVE('',#1520,#1521,#1411,.T.);
#1839=EDGE_CURVE('',#1521,#1518,#1412,.T.);
#1840=EDGE_CURVE('',#1465,#1520,#683,.T.);
#1841=EDGE_CURVE('',#1519,#1466,#684,.T.);
#1842=EDGE_CURVE('',#1456,#1521,#685,.T.);
#1843=EDGE_CURVE('',#1520,#1457,#686,.T.);
#1844=EDGE_CURVE('',#1516,#1522,#1413,.T.);
#1845=EDGE_CURVE('',#1522,#1523,#1414,.T.);
#1846=EDGE_CURVE('',#1523,#1517,#1415,.T.);
#1847=EDGE_CURVE('',#1467,#1522,#687,.T.);
#1848=EDGE_CURVE('',#1518,#1523,#688,.T.);
#1849=EDGE_CURVE('',#1522,#1519,#689,.T.);
#1850=EDGE_CURVE('',#1524,#1525,#690,.T.);
#1851=EDGE_CURVE('',#1525,#1526,#691,.T.);
#1852=EDGE_CURVE('',#1526,#1527,#692,.T.);
#1853=EDGE_CURVE('',#1527,#1524,#693,.T.);
#1854=EDGE_CURVE('',#1528,#1529,#694,.T.);
#1855=EDGE_CURVE('',#1529,#1530,#695,.T.);
#1856=EDGE_CURVE('',#1530,#1531,#696,.T.);
#1857=EDGE_CURVE('',#1531,#1528,#697,.T.);
#1858=EDGE_CURVE('',#1532,#1533,#698,.T.);
#1859=EDGE_CURVE('',#1533,#1534,#699,.T.);
#1860=EDGE_CURVE('',#1534,#1535,#700,.T.);
#1861=EDGE_CURVE('',#1535,#1532,#701,.T.);
#1862=EDGE_CURVE('',#1536,#1537,#702,.T.);
#1863=EDGE_CURVE('',#1537,#1538,#703,.T.);
#1864=EDGE_CURVE('',#1538,#1539,#704,.T.);
#1865=EDGE_CURVE('',#1539,#1536,#705,.T.);
#1866=EDGE_CURVE('',#1540,#1541,#706,.T.);
#1867=EDGE_CURVE('',#1541,#1542,#707,.T.);
#1868=EDGE_CURVE('',#1542,#1543,#708,.T.);
#1869=EDGE_CURVE('',#1543,#1540,#709,.T.);
#1870=EDGE_CURVE('',#1544,#1545,#710,.T.);
#1871=EDGE_CURVE('',#1545,#1546,#711,.T.);
#1872=EDGE_CURVE('',#1546,#1547,#712,.T.);
#1873=EDGE_CURVE('',#1547,#1544,#713,.T.);
#1874=EDGE_CURVE('',#1548,#1548,#1416,.T.);
#1875=EDGE_CURVE('',#1549,#1550,#714,.T.);
#1876=EDGE_CURVE('',#1550,#1551,#715,.T.);
#1877=EDGE_CURVE('',#1551,#1552,#716,.T.);
#1878=EDGE_CURVE('',#1552,#1549,#717,.T.);
#1879=EDGE_CURVE('',#1553,#1554,#718,.T.);
#1880=EDGE_CURVE('',#1554,#1555,#719,.T.);
#1881=EDGE_CURVE('',#1555,#1556,#720,.T.);
#1882=EDGE_CURVE('',#1556,#1553,#721,.T.);
#1883=EDGE_CURVE('',#1557,#1557,#1417,.T.);
#1884=EDGE_CURVE('',#1558,#1558,#1418,.T.);
#1885=EDGE_CURVE('',#1559,#1560,#722,.T.);
#1886=EDGE_CURVE('',#1560,#1561,#723,.T.);
#1887=EDGE_CURVE('',#1561,#1562,#724,.T.);
#1888=EDGE_CURVE('',#1562,#1559,#725,.T.);
#1889=EDGE_CURVE('',#1563,#1564,#726,.T.);
#1890=EDGE_CURVE('',#1564,#1565,#727,.T.);
#1891=EDGE_CURVE('',#1565,#1566,#728,.T.);
#1892=EDGE_CURVE('',#1566,#1563,#729,.T.);
#1893=EDGE_CURVE('',#1567,#1567,#1419,.T.);
#1894=EDGE_CURVE('',#1510,#1524,#730,.T.);
#1895=EDGE_CURVE('',#1512,#1527,#731,.T.);
#1896=EDGE_CURVE('',#1513,#1526,#732,.T.);
#1897=EDGE_CURVE('',#1511,#1525,#733,.T.);
#1898=EDGE_CURVE('',#1506,#1528,#734,.T.);
#1899=EDGE_CURVE('',#1508,#1531,#735,.T.);
#1900=EDGE_CURVE('',#1509,#1530,#736,.T.);
#1901=EDGE_CURVE('',#1507,#1529,#737,.T.);
#1902=EDGE_CURVE('',#1502,#1532,#738,.T.);
#1903=EDGE_CURVE('',#1504,#1535,#739,.T.);
#1904=EDGE_CURVE('',#1505,#1534,#740,.T.);
#1905=EDGE_CURVE('',#1503,#1533,#741,.T.);
#1906=EDGE_CURVE('',#1498,#1536,#742,.T.);
#1907=EDGE_CURVE('',#1500,#1539,#743,.T.);
#1908=EDGE_CURVE('',#1501,#1538,#744,.T.);
#1909=EDGE_CURVE('',#1499,#1537,#745,.T.);
#1910=EDGE_CURVE('',#1494,#1540,#746,.T.);
#1911=EDGE_CURVE('',#1496,#1543,#747,.T.);
#1912=EDGE_CURVE('',#1497,#1542,#748,.T.);
#1913=EDGE_CURVE('',#1495,#1541,#749,.T.);
#1914=EDGE_CURVE('',#1490,#1544,#750,.T.);
#1915=EDGE_CURVE('',#1492,#1547,#751,.T.);
#1916=EDGE_CURVE('',#1493,#1546,#752,.T.);
#1917=EDGE_CURVE('',#1491,#1545,#753,.T.);
#1918=EDGE_CURVE('',#1548,#1489,#754,.T.);
#1919=EDGE_CURVE('',#1485,#1549,#755,.T.);
#1920=EDGE_CURVE('',#1487,#1552,#756,.T.);
#1921=EDGE_CURVE('',#1488,#1551,#757,.T.);
#1922=EDGE_CURVE('',#1486,#1550,#758,.T.);
#1923=EDGE_CURVE('',#1481,#1553,#759,.T.);
#1924=EDGE_CURVE('',#1483,#1556,#760,.T.);
#1925=EDGE_CURVE('',#1484,#1555,#761,.T.);
#1926=EDGE_CURVE('',#1482,#1554,#762,.T.);
#1927=EDGE_CURVE('',#1557,#1480,#763,.T.);
#1928=EDGE_CURVE('',#1558,#1479,#764,.T.);
#1929=EDGE_CURVE('',#1475,#1559,#765,.T.);
#1930=EDGE_CURVE('',#1477,#1562,#766,.T.);
#1931=EDGE_CURVE('',#1478,#1561,#767,.T.);
#1932=EDGE_CURVE('',#1476,#1560,#768,.T.);
#1933=EDGE_CURVE('',#1471,#1563,#769,.T.);
#1934=EDGE_CURVE('',#1473,#1566,#770,.T.);
#1935=EDGE_CURVE('',#1474,#1565,#771,.T.);
#1936=EDGE_CURVE('',#1472,#1564,#772,.T.);
#1937=EDGE_CURVE('',#1567,#1470,#773,.T.);
#1938=EDGE_CURVE('',#1568,#1569,#774,.T.);
#1939=EDGE_CURVE('',#1569,#1570,#775,.T.);
#1940=EDGE_CURVE('',#1571,#1570,#776,.T.);
#1941=EDGE_CURVE('',#1568,#1571,#777,.T.);
#1942=EDGE_CURVE('',#1568,#1572,#778,.T.);
#1943=EDGE_CURVE('',#1573,#1571,#779,.T.);
#1944=EDGE_CURVE('',#1572,#1573,#780,.T.);
#1945=EDGE_CURVE('',#1574,#1572,#781,.T.);
#1946=EDGE_CURVE('',#1575,#1573,#782,.T.);
#1947=EDGE_CURVE('',#1574,#1575,#783,.T.);
#1948=EDGE_CURVE('',#1576,#1574,#784,.T.);
#1949=EDGE_CURVE('',#1577,#1575,#785,.T.);
#1950=EDGE_CURVE('',#1576,#1577,#786,.T.);
#1951=EDGE_CURVE('',#1578,#1576,#787,.T.);
#1952=EDGE_CURVE('',#1579,#1577,#788,.T.);
#1953=EDGE_CURVE('',#1578,#1579,#789,.T.);
#1954=EDGE_CURVE('',#1580,#1578,#790,.T.);
#1955=EDGE_CURVE('',#1581,#1579,#791,.T.);
#1956=EDGE_CURVE('',#1580,#1581,#792,.T.);
#1957=EDGE_CURVE('',#1582,#1580,#793,.T.);
#1958=EDGE_CURVE('',#1583,#1581,#794,.T.);
#1959=EDGE_CURVE('',#1582,#1583,#795,.T.);
#1960=EDGE_CURVE('',#1584,#1582,#796,.T.);
#1961=EDGE_CURVE('',#1585,#1583,#797,.T.);
#1962=EDGE_CURVE('',#1584,#1585,#798,.T.);
#1963=EDGE_CURVE('',#1586,#1584,#799,.T.);
#1964=EDGE_CURVE('',#1587,#1585,#800,.T.);
#1965=EDGE_CURVE('',#1586,#1587,#801,.T.);
#1966=EDGE_CURVE('',#1588,#1586,#802,.T.);
#1967=EDGE_CURVE('',#1589,#1587,#803,.T.);
#1968=EDGE_CURVE('',#1588,#1589,#804,.T.);
#1969=EDGE_CURVE('',#1590,#1588,#805,.T.);
#1970=EDGE_CURVE('',#1591,#1589,#806,.T.);
#1971=EDGE_CURVE('',#1590,#1591,#807,.T.);
#1972=EDGE_CURVE('',#1592,#1590,#808,.T.);
#1973=EDGE_CURVE('',#1593,#1591,#809,.T.);
#1974=EDGE_CURVE('',#1592,#1593,#810,.T.);
#1975=EDGE_CURVE('',#1594,#1592,#811,.T.);
#1976=EDGE_CURVE('',#1595,#1593,#812,.T.);
#1977=EDGE_CURVE('',#1594,#1595,#813,.T.);
#1978=EDGE_CURVE('',#1596,#1594,#814,.T.);
#1979=EDGE_CURVE('',#1597,#1595,#815,.T.);
#1980=EDGE_CURVE('',#1596,#1597,#816,.T.);
#1981=EDGE_CURVE('',#1598,#1596,#817,.T.);
#1982=EDGE_CURVE('',#1599,#1597,#818,.T.);
#1983=EDGE_CURVE('',#1598,#1599,#819,.T.);
#1984=EDGE_CURVE('',#1600,#1598,#820,.T.);
#1985=EDGE_CURVE('',#1601,#1599,#821,.T.);
#1986=EDGE_CURVE('',#1600,#1601,#822,.T.);
#1987=EDGE_CURVE('',#1602,#1600,#823,.T.);
#1988=EDGE_CURVE('',#1603,#1601,#824,.T.);
#1989=EDGE_CURVE('',#1602,#1603,#825,.T.);
#1990=EDGE_CURVE('',#1604,#1602,#826,.T.);
#1991=EDGE_CURVE('',#1605,#1603,#827,.T.);
#1992=EDGE_CURVE('',#1604,#1605,#828,.T.);
#1993=EDGE_CURVE('',#1606,#1604,#829,.T.);
#1994=EDGE_CURVE('',#1607,#1605,#830,.T.);
#1995=EDGE_CURVE('',#1606,#1607,#831,.T.);
#1996=EDGE_CURVE('',#1608,#1606,#832,.T.);
#1997=EDGE_CURVE('',#1609,#1607,#833,.T.);
#1998=EDGE_CURVE('',#1608,#1609,#834,.T.);
#1999=EDGE_CURVE('',#1610,#1608,#835,.T.);
#2000=EDGE_CURVE('',#1611,#1609,#836,.T.);
#2001=EDGE_CURVE('',#1610,#1611,#837,.T.);
#2002=EDGE_CURVE('',#1612,#1610,#838,.T.);
#2003=EDGE_CURVE('',#1613,#1611,#839,.T.);
#2004=EDGE_CURVE('',#1612,#1613,#840,.T.);
#2005=EDGE_CURVE('',#1614,#1612,#841,.T.);
#2006=EDGE_CURVE('',#1615,#1613,#842,.T.);
#2007=EDGE_CURVE('',#1614,#1615,#843,.T.);
#2008=EDGE_CURVE('',#1616,#1614,#844,.T.);
#2009=EDGE_CURVE('',#1617,#1615,#845,.T.);
#2010=EDGE_CURVE('',#1616,#1617,#846,.T.);
#2011=EDGE_CURVE('',#1618,#1616,#847,.T.);
#2012=EDGE_CURVE('',#1619,#1617,#848,.T.);
#2013=EDGE_CURVE('',#1618,#1619,#849,.T.);
#2014=EDGE_CURVE('',#1620,#1618,#850,.T.);
#2015=EDGE_CURVE('',#1621,#1619,#851,.T.);
#2016=EDGE_CURVE('',#1620,#1621,#852,.T.);
#2017=EDGE_CURVE('',#1622,#1620,#853,.T.);
#2018=EDGE_CURVE('',#1623,#1621,#854,.T.);
#2019=EDGE_CURVE('',#1622,#1623,#855,.T.);
#2020=EDGE_CURVE('',#1624,#1622,#856,.T.);
#2021=EDGE_CURVE('',#1625,#1623,#857,.T.);
#2022=EDGE_CURVE('',#1624,#1625,#858,.T.);
#2023=EDGE_CURVE('',#1626,#1624,#859,.T.);
#2024=EDGE_CURVE('',#1627,#1625,#860,.T.);
#2025=EDGE_CURVE('',#1626,#1627,#861,.T.);
#2026=EDGE_CURVE('',#1628,#1626,#862,.T.);
#2027=EDGE_CURVE('',#1629,#1627,#863,.T.);
#2028=EDGE_CURVE('',#1628,#1629,#864,.T.);
#2029=EDGE_CURVE('',#1630,#1628,#865,.T.);
#2030=EDGE_CURVE('',#1631,#1629,#866,.T.);
#2031=EDGE_CURVE('',#1630,#1631,#867,.T.);
#2032=EDGE_CURVE('',#1632,#1630,#868,.T.);
#2033=EDGE_CURVE('',#1633,#1631,#869,.T.);
#2034=EDGE_CURVE('',#1632,#1633,#870,.T.);
#2035=EDGE_CURVE('',#1634,#1632,#871,.T.);
#2036=EDGE_CURVE('',#1635,#1633,#872,.T.);
#2037=EDGE_CURVE('',#1634,#1635,#873,.T.);
#2038=EDGE_CURVE('',#1636,#1634,#874,.T.);
#2039=EDGE_CURVE('',#1637,#1635,#875,.T.);
#2040=EDGE_CURVE('',#1636,#1637,#876,.T.);
#2041=EDGE_CURVE('',#1638,#1636,#877,.T.);
#2042=EDGE_CURVE('',#1639,#1637,#878,.T.);
#2043=EDGE_CURVE('',#1638,#1639,#879,.T.);
#2044=EDGE_CURVE('',#1640,#1638,#880,.T.);
#2045=EDGE_CURVE('',#1641,#1639,#881,.T.);
#2046=EDGE_CURVE('',#1640,#1641,#882,.T.);
#2047=EDGE_CURVE('',#1642,#1640,#883,.T.);
#2048=EDGE_CURVE('',#1643,#1641,#884,.T.);
#2049=EDGE_CURVE('',#1642,#1643,#885,.T.);
#2050=EDGE_CURVE('',#1644,#1642,#886,.T.);
#2051=EDGE_CURVE('',#1645,#1643,#887,.T.);
#2052=EDGE_CURVE('',#1644,#1645,#888,.T.);
#2053=EDGE_CURVE('',#1569,#1644,#889,.T.);
#2054=EDGE_CURVE('',#1570,#1645,#890,.T.);
#2055=EDGE_CURVE('',#1646,#1646,#1420,.T.);
#2056=EDGE_CURVE('',#1646,#1647,#891,.T.);
#2057=EDGE_CURVE('',#1647,#1647,#1421,.T.);
#2058=EDGE_CURVE('',#1648,#1648,#13,.T.);
#2059=EDGE_CURVE('',#1648,#1649,#892,.T.);
#2060=EDGE_CURVE('',#1649,#1649,#14,.T.);
#2061=EDGE_CURVE('',#1650,#1651,#893,.T.);
#2062=EDGE_CURVE('',#1651,#1652,#894,.T.);
#2063=EDGE_CURVE('',#1653,#1652,#895,.T.);
#2064=EDGE_CURVE('',#1650,#1653,#896,.T.);
#2065=EDGE_CURVE('',#1654,#1650,#897,.T.);
#2066=EDGE_CURVE('',#1655,#1653,#898,.T.);
#2067=EDGE_CURVE('',#1654,#1655,#899,.T.);
#2068=EDGE_CURVE('',#1656,#1654,#900,.T.);
#2069=EDGE_CURVE('',#1657,#1655,#901,.T.);
#2070=EDGE_CURVE('',#1656,#1657,#902,.T.);
#2071=EDGE_CURVE('',#1651,#1656,#903,.T.);
#2072=EDGE_CURVE('',#1652,#1657,#904,.T.);
#2073=EDGE_CURVE('',#1658,#1659,#905,.T.);
#2074=EDGE_CURVE('',#1659,#1660,#906,.T.);
#2075=EDGE_CURVE('',#1661,#1660,#907,.T.);
#2076=EDGE_CURVE('',#1658,#1661,#908,.T.);
#2077=EDGE_CURVE('',#1662,#1658,#909,.T.);
#2078=EDGE_CURVE('',#1663,#1661,#910,.T.);
#2079=EDGE_CURVE('',#1662,#1663,#911,.T.);
#2080=EDGE_CURVE('',#1664,#1662,#912,.T.);
#2081=EDGE_CURVE('',#1665,#1663,#913,.T.);
#2082=EDGE_CURVE('',#1664,#1665,#914,.T.);
#2083=EDGE_CURVE('',#1666,#1664,#915,.T.);
#2084=EDGE_CURVE('',#1667,#1665,#916,.T.);
#2085=EDGE_CURVE('',#1666,#1667,#917,.T.);
#2086=EDGE_CURVE('',#1659,#1666,#918,.T.);
#2087=EDGE_CURVE('',#1660,#1667,#919,.T.);
#2088=EDGE_CURVE('',#1668,#1669,#920,.T.);
#2089=EDGE_CURVE('',#1668,#1670,#921,.T.);
#2090=EDGE_CURVE('',#1671,#1670,#922,.T.);
#2091=EDGE_CURVE('',#1669,#1671,#923,.T.);
#2092=EDGE_CURVE('',#1669,#1672,#924,.T.);
#2093=EDGE_CURVE('',#1673,#1671,#925,.T.);
#2094=EDGE_CURVE('',#1672,#1673,#926,.T.);
#2095=EDGE_CURVE('',#1672,#1674,#927,.T.);
#2096=EDGE_CURVE('',#1675,#1673,#928,.T.);
#2097=EDGE_CURVE('',#1674,#1675,#929,.T.);
#2098=EDGE_CURVE('',#1674,#1676,#930,.T.);
#2099=EDGE_CURVE('',#1677,#1675,#931,.T.);
#2100=EDGE_CURVE('',#1676,#1677,#932,.T.);
#2101=EDGE_CURVE('',#1676,#1678,#933,.T.);
#2102=EDGE_CURVE('',#1679,#1677,#934,.T.);
#2103=EDGE_CURVE('',#1678,#1679,#935,.T.);
#2104=EDGE_CURVE('',#1678,#1680,#936,.T.);
#2105=EDGE_CURVE('',#1681,#1679,#937,.T.);
#2106=EDGE_CURVE('',#1680,#1681,#938,.T.);
#2107=EDGE_CURVE('',#1680,#1682,#939,.T.);
#2108=EDGE_CURVE('',#1683,#1681,#940,.T.);
#2109=EDGE_CURVE('',#1682,#1683,#941,.T.);
#2110=EDGE_CURVE('',#1682,#1684,#942,.T.);
#2111=EDGE_CURVE('',#1685,#1683,#943,.T.);
#2112=EDGE_CURVE('',#1684,#1685,#944,.T.);
#2113=EDGE_CURVE('',#1684,#1686,#945,.T.);
#2114=EDGE_CURVE('',#1687,#1685,#946,.T.);
#2115=EDGE_CURVE('',#1686,#1687,#947,.T.);
#2116=EDGE_CURVE('',#1686,#1688,#948,.T.);
#2117=EDGE_CURVE('',#1689,#1687,#949,.T.);
#2118=EDGE_CURVE('',#1688,#1689,#950,.T.);
#2119=EDGE_CURVE('',#1688,#1690,#951,.T.);
#2120=EDGE_CURVE('',#1691,#1689,#952,.T.);
#2121=EDGE_CURVE('',#1690,#1691,#953,.T.);
#2122=EDGE_CURVE('',#1690,#1692,#954,.T.);
#2123=EDGE_CURVE('',#1693,#1691,#955,.T.);
#2124=EDGE_CURVE('',#1692,#1693,#956,.T.);
#2125=EDGE_CURVE('',#1692,#1694,#15,.T.);
#2126=EDGE_CURVE('',#1695,#1693,#16,.T.);
#2127=EDGE_CURVE('',#1694,#1695,#957,.T.);
#2128=EDGE_CURVE('',#1694,#1696,#958,.T.);
#2129=EDGE_CURVE('',#1697,#1695,#959,.T.);
#2130=EDGE_CURVE('',#1696,#1697,#960,.T.);
#2131=EDGE_CURVE('',#1696,#1698,#961,.T.);
#2132=EDGE_CURVE('',#1699,#1697,#962,.T.);
#2133=EDGE_CURVE('',#1698,#1699,#963,.T.);
#2134=EDGE_CURVE('',#1698,#1700,#964,.T.);
#2135=EDGE_CURVE('',#1701,#1699,#965,.T.);
#2136=EDGE_CURVE('',#1700,#1701,#966,.T.);
#2137=EDGE_CURVE('',#1700,#1702,#967,.T.);
#2138=EDGE_CURVE('',#1703,#1701,#968,.T.);
#2139=EDGE_CURVE('',#1702,#1703,#969,.T.);
#2140=EDGE_CURVE('',#1704,#1702,#17,.T.);
#2141=EDGE_CURVE('',#1705,#1703,#18,.T.);
#2142=EDGE_CURVE('',#1704,#1705,#970,.T.);
#2143=EDGE_CURVE('',#1704,#1706,#971,.T.);
#2144=EDGE_CURVE('',#1707,#1705,#972,.T.);
#2145=EDGE_CURVE('',#1706,#1707,#973,.T.);
#2146=EDGE_CURVE('',#1668,#1706,#19,.T.);
#2147=EDGE_CURVE('',#1670,#1707,#20,.T.);
#2148=EDGE_CURVE('',#1708,#1708,#1422,.T.);
#2149=EDGE_CURVE('',#1708,#1709,#974,.T.);
#2150=EDGE_CURVE('',#1709,#1709,#1423,.T.);
#2151=EDGE_CURVE('',#1710,#1711,#975,.T.);
#2152=EDGE_CURVE('',#1712,#1710,#976,.T.);
#2153=EDGE_CURVE('',#1713,#1712,#977,.T.);
#2154=EDGE_CURVE('',#1711,#1713,#978,.T.);
#2155=EDGE_CURVE('',#1710,#1714,#979,.T.);
#2156=EDGE_CURVE('',#1715,#1714,#980,.T.);
#2157=EDGE_CURVE('',#1712,#1715,#981,.T.);
#2158=EDGE_CURVE('',#1711,#1716,#982,.T.);
#2159=EDGE_CURVE('',#1714,#1716,#983,.T.);
#2160=EDGE_CURVE('',#1717,#1715,#984,.T.);
#2161=EDGE_CURVE('',#1713,#1717,#985,.T.);
#2162=EDGE_CURVE('',#1716,#1717,#986,.T.);
#2163=ORIENTED_EDGE('',*,*,#1718,.T.);
#2164=ORIENTED_EDGE('',*,*,#1719,.T.);
#2165=ORIENTED_EDGE('',*,*,#1720,.T.);
#2166=ORIENTED_EDGE('',*,*,#1721,.T.);
#2167=ORIENTED_EDGE('',*,*,#1718,.F.);
#2168=ORIENTED_EDGE('',*,*,#1722,.T.);
#2169=ORIENTED_EDGE('',*,*,#1723,.F.);
#2170=ORIENTED_EDGE('',*,*,#1724,.T.);
#2171=ORIENTED_EDGE('',*,*,#1725,.F.);
#2172=ORIENTED_EDGE('',*,*,#1726,.T.);
#2173=ORIENTED_EDGE('',*,*,#1727,.F.);
#2174=ORIENTED_EDGE('',*,*,#1728,.T.);
#2175=ORIENTED_EDGE('',*,*,#1729,.T.);
#2176=ORIENTED_EDGE('',*,*,#1730,.T.);
#2177=ORIENTED_EDGE('',*,*,#1731,.T.);
#2178=ORIENTED_EDGE('',*,*,#1732,.T.);
#2179=ORIENTED_EDGE('',*,*,#1733,.T.);
#2180=ORIENTED_EDGE('',*,*,#1734,.T.);
#2181=ORIENTED_EDGE('',*,*,#1735,.T.);
#2182=ORIENTED_EDGE('',*,*,#1736,.T.);
#2183=ORIENTED_EDGE('',*,*,#1721,.F.);
#2184=ORIENTED_EDGE('',*,*,#1737,.T.);
#2185=ORIENTED_EDGE('',*,*,#1738,.F.);
#2186=ORIENTED_EDGE('',*,*,#1722,.F.);
#2187=ORIENTED_EDGE('',*,*,#1723,.T.);
#2188=ORIENTED_EDGE('',*,*,#1738,.T.);
#2189=ORIENTED_EDGE('',*,*,#1739,.T.);
#2190=ORIENTED_EDGE('',*,*,#1740,.T.);
#2191=ORIENTED_EDGE('',*,*,#1727,.T.);
#2192=ORIENTED_EDGE('',*,*,#1741,.T.);
#2193=ORIENTED_EDGE('',*,*,#1742,.T.);
#2194=ORIENTED_EDGE('',*,*,#1743,.T.);
#2195=ORIENTED_EDGE('',*,*,#1720,.F.);
#2196=ORIENTED_EDGE('',*,*,#1744,.F.);
#2197=ORIENTED_EDGE('',*,*,#1742,.F.);
#2198=ORIENTED_EDGE('',*,*,#1745,.F.);
#2199=ORIENTED_EDGE('',*,*,#1746,.F.);
#2200=ORIENTED_EDGE('',*,*,#1747,.F.);
#2201=ORIENTED_EDGE('',*,*,#1739,.F.);
#2202=ORIENTED_EDGE('',*,*,#1737,.F.);
#2203=ORIENTED_EDGE('',*,*,#1748,.T.);
#2204=ORIENTED_EDGE('',*,*,#1749,.T.);
#2205=ORIENTED_EDGE('',*,*,#1750,.T.);
#2206=ORIENTED_EDGE('',*,*,#1751,.T.);
#2207=ORIENTED_EDGE('',*,*,#1741,.F.);
#2208=ORIENTED_EDGE('',*,*,#1726,.F.);
#2209=ORIENTED_EDGE('',*,*,#1752,.F.);
#2210=ORIENTED_EDGE('',*,*,#1745,.T.);
#2211=ORIENTED_EDGE('',*,*,#1725,.T.);
#2212=ORIENTED_EDGE('',*,*,#1753,.T.);
#2213=ORIENTED_EDGE('',*,*,#1746,.T.);
#2214=ORIENTED_EDGE('',*,*,#1752,.T.);
#2215=ORIENTED_EDGE('',*,*,#1754,.F.);
#2216=ORIENTED_EDGE('',*,*,#1755,.T.);
#2217=ORIENTED_EDGE('',*,*,#1733,.F.);
#2218=ORIENTED_EDGE('',*,*,#1756,.F.);
#2219=ORIENTED_EDGE('',*,*,#1757,.F.);
#2220=ORIENTED_EDGE('',*,*,#1758,.T.);
#2221=ORIENTED_EDGE('',*,*,#1734,.F.);
#2222=ORIENTED_EDGE('',*,*,#1755,.F.);
#2223=ORIENTED_EDGE('',*,*,#1736,.F.);
#2224=ORIENTED_EDGE('',*,*,#1759,.T.);
#2225=ORIENTED_EDGE('',*,*,#1749,.F.);
#2226=ORIENTED_EDGE('',*,*,#1759,.F.);
#2227=ORIENTED_EDGE('',*,*,#1735,.F.);
#2228=ORIENTED_EDGE('',*,*,#1760,.T.);
#2229=ORIENTED_EDGE('',*,*,#1748,.F.);
#2230=ORIENTED_EDGE('',*,*,#1760,.F.);
#2231=ORIENTED_EDGE('',*,*,#1730,.F.);
#2232=ORIENTED_EDGE('',*,*,#1761,.T.);
#2233=ORIENTED_EDGE('',*,*,#1751,.F.);
#2234=ORIENTED_EDGE('',*,*,#1761,.F.);
#2235=ORIENTED_EDGE('',*,*,#1729,.F.);
#2236=ORIENTED_EDGE('',*,*,#1762,.T.);
#2237=ORIENTED_EDGE('',*,*,#1750,.F.);
#2238=ORIENTED_EDGE('',*,*,#1762,.F.);
#2239=ORIENTED_EDGE('',*,*,#1763,.F.);
#2240=ORIENTED_EDGE('',*,*,#1756,.T.);
#2241=ORIENTED_EDGE('',*,*,#1732,.F.);
#2242=ORIENTED_EDGE('',*,*,#1764,.F.);
#2243=ORIENTED_EDGE('',*,*,#1765,.F.);
#2244=ORIENTED_EDGE('',*,*,#1764,.T.);
#2245=ORIENTED_EDGE('',*,*,#1731,.F.);
#2246=ORIENTED_EDGE('',*,*,#1758,.F.);
#2247=ORIENTED_EDGE('',*,*,#1757,.T.);
#2248=ORIENTED_EDGE('',*,*,#1754,.T.);
#2249=ORIENTED_EDGE('',*,*,#1763,.T.);
#2250=ORIENTED_EDGE('',*,*,#1765,.T.);
#2251=ORIENTED_EDGE('',*,*,#1740,.F.);
#2252=ORIENTED_EDGE('',*,*,#1747,.T.);
#2253=ORIENTED_EDGE('',*,*,#1753,.F.);
#2254=ORIENTED_EDGE('',*,*,#1724,.F.);
#2255=ORIENTED_EDGE('',*,*,#1719,.F.);
#2256=ORIENTED_EDGE('',*,*,#1728,.F.);
#2257=ORIENTED_EDGE('',*,*,#1743,.F.);
#2258=ORIENTED_EDGE('',*,*,#1744,.T.);
#2259=ORIENTED_EDGE('',*,*,#1766,.T.);
#2260=ORIENTED_EDGE('',*,*,#1767,.T.);
#2261=ORIENTED_EDGE('',*,*,#1768,.T.);
#2262=ORIENTED_EDGE('',*,*,#1769,.T.);
#2263=ORIENTED_EDGE('',*,*,#1770,.T.);
#2264=ORIENTED_EDGE('',*,*,#1771,.T.);
#2265=ORIENTED_EDGE('',*,*,#1767,.F.);
#2266=ORIENTED_EDGE('',*,*,#1772,.T.);
#2267=ORIENTED_EDGE('',*,*,#1768,.F.);
#2268=ORIENTED_EDGE('',*,*,#1773,.T.);
#2269=ORIENTED_EDGE('',*,*,#1774,.F.);
#2270=ORIENTED_EDGE('',*,*,#1775,.T.);
#2271=ORIENTED_EDGE('',*,*,#1771,.F.);
#2272=ORIENTED_EDGE('',*,*,#1776,.T.);
#2273=ORIENTED_EDGE('',*,*,#1777,.F.);
#2274=ORIENTED_EDGE('',*,*,#1773,.F.);
#2275=ORIENTED_EDGE('',*,*,#1770,.F.);
#2276=ORIENTED_EDGE('',*,*,#1778,.F.);
#2277=ORIENTED_EDGE('',*,*,#1779,.F.);
#2278=ORIENTED_EDGE('',*,*,#1780,.F.);
#2279=ORIENTED_EDGE('',*,*,#1781,.F.);
#2280=ORIENTED_EDGE('',*,*,#1782,.F.);
#2281=ORIENTED_EDGE('',*,*,#1783,.F.);
#2282=ORIENTED_EDGE('',*,*,#1776,.F.);
#2283=ORIENTED_EDGE('',*,*,#1784,.F.);
#2284=ORIENTED_EDGE('',*,*,#1785,.F.);
#2285=ORIENTED_EDGE('',*,*,#1786,.F.);
#2286=ORIENTED_EDGE('',*,*,#1787,.F.);
#2287=ORIENTED_EDGE('',*,*,#1788,.F.);
#2288=ORIENTED_EDGE('',*,*,#1789,.F.);
#2289=ORIENTED_EDGE('',*,*,#1790,.F.);
#2290=ORIENTED_EDGE('',*,*,#1791,.F.);
#2291=ORIENTED_EDGE('',*,*,#1792,.F.);
#2292=ORIENTED_EDGE('',*,*,#1793,.F.);
#2293=ORIENTED_EDGE('',*,*,#1794,.F.);
#2294=ORIENTED_EDGE('',*,*,#1795,.F.);
#2295=ORIENTED_EDGE('',*,*,#1796,.F.);
#2296=ORIENTED_EDGE('',*,*,#1797,.F.);
#2297=ORIENTED_EDGE('',*,*,#1798,.F.);
#2298=ORIENTED_EDGE('',*,*,#1799,.F.);
#2299=ORIENTED_EDGE('',*,*,#1800,.F.);
#2300=ORIENTED_EDGE('',*,*,#1801,.F.);
#2301=ORIENTED_EDGE('',*,*,#1802,.F.);
#2302=ORIENTED_EDGE('',*,*,#1803,.F.);
#2303=ORIENTED_EDGE('',*,*,#1804,.F.);
#2304=ORIENTED_EDGE('',*,*,#1805,.F.);
#2305=ORIENTED_EDGE('',*,*,#1806,.F.);
#2306=ORIENTED_EDGE('',*,*,#1807,.F.);
#2307=ORIENTED_EDGE('',*,*,#1808,.F.);
#2308=ORIENTED_EDGE('',*,*,#1809,.F.);
#2309=ORIENTED_EDGE('',*,*,#1810,.F.);
#2310=ORIENTED_EDGE('',*,*,#1811,.F.);
#2311=ORIENTED_EDGE('',*,*,#1812,.F.);
#2312=ORIENTED_EDGE('',*,*,#1813,.F.);
#2313=ORIENTED_EDGE('',*,*,#1814,.F.);
#2314=ORIENTED_EDGE('',*,*,#1815,.F.);
#2315=ORIENTED_EDGE('',*,*,#1816,.F.);
#2316=ORIENTED_EDGE('',*,*,#1817,.F.);
#2317=ORIENTED_EDGE('',*,*,#1818,.F.);
#2318=ORIENTED_EDGE('',*,*,#1819,.F.);
#2319=ORIENTED_EDGE('',*,*,#1820,.F.);
#2320=ORIENTED_EDGE('',*,*,#1821,.F.);
#2321=ORIENTED_EDGE('',*,*,#1822,.F.);
#2322=ORIENTED_EDGE('',*,*,#1823,.F.);
#2323=ORIENTED_EDGE('',*,*,#1824,.F.);
#2324=ORIENTED_EDGE('',*,*,#1825,.F.);
#2325=ORIENTED_EDGE('',*,*,#1826,.F.);
#2326=ORIENTED_EDGE('',*,*,#1827,.F.);
#2327=ORIENTED_EDGE('',*,*,#1774,.T.);
#2328=ORIENTED_EDGE('',*,*,#1828,.T.);
#2329=ORIENTED_EDGE('',*,*,#1829,.T.);
#2330=ORIENTED_EDGE('',*,*,#1830,.T.);
#2331=ORIENTED_EDGE('',*,*,#1783,.T.);
#2332=ORIENTED_EDGE('',*,*,#1831,.T.);
#2333=ORIENTED_EDGE('',*,*,#1828,.F.);
#2334=ORIENTED_EDGE('',*,*,#1777,.T.);
#2335=ORIENTED_EDGE('',*,*,#1829,.F.);
#2336=ORIENTED_EDGE('',*,*,#1832,.T.);
#2337=ORIENTED_EDGE('',*,*,#1833,.F.);
#2338=ORIENTED_EDGE('',*,*,#1834,.T.);
#2339=ORIENTED_EDGE('',*,*,#1831,.F.);
#2340=ORIENTED_EDGE('',*,*,#1782,.T.);
#2341=ORIENTED_EDGE('',*,*,#1835,.F.);
#2342=ORIENTED_EDGE('',*,*,#1832,.F.);
#2343=ORIENTED_EDGE('',*,*,#1836,.T.);
#2344=ORIENTED_EDGE('',*,*,#1837,.T.);
#2345=ORIENTED_EDGE('',*,*,#1838,.T.);
#2346=ORIENTED_EDGE('',*,*,#1839,.T.);
#2347=ORIENTED_EDGE('',*,*,#1779,.T.);
#2348=ORIENTED_EDGE('',*,*,#1840,.T.);
#2349=ORIENTED_EDGE('',*,*,#1837,.F.);
#2350=ORIENTED_EDGE('',*,*,#1841,.T.);
#2351=ORIENTED_EDGE('',*,*,#1766,.F.);
#2352=ORIENTED_EDGE('',*,*,#1842,.T.);
#2353=ORIENTED_EDGE('',*,*,#1838,.F.);
#2354=ORIENTED_EDGE('',*,*,#1843,.T.);
#2355=ORIENTED_EDGE('',*,*,#1772,.F.);
#2356=ORIENTED_EDGE('',*,*,#1843,.F.);
#2357=ORIENTED_EDGE('',*,*,#1840,.F.);
#2358=ORIENTED_EDGE('',*,*,#1778,.T.);
#2359=ORIENTED_EDGE('',*,*,#1833,.T.);
#2360=ORIENTED_EDGE('',*,*,#1844,.T.);
#2361=ORIENTED_EDGE('',*,*,#1845,.T.);
#2362=ORIENTED_EDGE('',*,*,#1846,.T.);
#2363=ORIENTED_EDGE('',*,*,#1781,.T.);
#2364=ORIENTED_EDGE('',*,*,#1847,.T.);
#2365=ORIENTED_EDGE('',*,*,#1844,.F.);
#2366=ORIENTED_EDGE('',*,*,#1835,.T.);
#2367=ORIENTED_EDGE('',*,*,#1836,.F.);
#2368=ORIENTED_EDGE('',*,*,#1848,.T.);
#2369=ORIENTED_EDGE('',*,*,#1845,.F.);
#2370=ORIENTED_EDGE('',*,*,#1849,.T.);
#2371=ORIENTED_EDGE('',*,*,#1769,.F.);
#2372=ORIENTED_EDGE('',*,*,#1775,.F.);
#2373=ORIENTED_EDGE('',*,*,#1830,.F.);
#2374=ORIENTED_EDGE('',*,*,#1834,.F.);
#2375=ORIENTED_EDGE('',*,*,#1846,.F.);
#2376=ORIENTED_EDGE('',*,*,#1848,.F.);
#2377=ORIENTED_EDGE('',*,*,#1839,.F.);
#2378=ORIENTED_EDGE('',*,*,#1842,.F.);
#2379=ORIENTED_EDGE('',*,*,#1850,.T.);
#2380=ORIENTED_EDGE('',*,*,#1851,.T.);
#2381=ORIENTED_EDGE('',*,*,#1852,.T.);
#2382=ORIENTED_EDGE('',*,*,#1853,.T.);
#2383=ORIENTED_EDGE('',*,*,#1854,.T.);
#2384=ORIENTED_EDGE('',*,*,#1855,.T.);
#2385=ORIENTED_EDGE('',*,*,#1856,.T.);
#2386=ORIENTED_EDGE('',*,*,#1857,.T.);
#2387=ORIENTED_EDGE('',*,*,#1858,.T.);
#2388=ORIENTED_EDGE('',*,*,#1859,.T.);
#2389=ORIENTED_EDGE('',*,*,#1860,.T.);
#2390=ORIENTED_EDGE('',*,*,#1861,.T.);
#2391=ORIENTED_EDGE('',*,*,#1862,.T.);
#2392=ORIENTED_EDGE('',*,*,#1863,.T.);
#2393=ORIENTED_EDGE('',*,*,#1864,.T.);
#2394=ORIENTED_EDGE('',*,*,#1865,.T.);
#2395=ORIENTED_EDGE('',*,*,#1866,.T.);
#2396=ORIENTED_EDGE('',*,*,#1867,.T.);
#2397=ORIENTED_EDGE('',*,*,#1868,.T.);
#2398=ORIENTED_EDGE('',*,*,#1869,.T.);
#2399=ORIENTED_EDGE('',*,*,#1870,.T.);
#2400=ORIENTED_EDGE('',*,*,#1871,.T.);
#2401=ORIENTED_EDGE('',*,*,#1872,.T.);
#2402=ORIENTED_EDGE('',*,*,#1873,.T.);
#2403=ORIENTED_EDGE('',*,*,#1874,.T.);
#2404=ORIENTED_EDGE('',*,*,#1875,.T.);
#2405=ORIENTED_EDGE('',*,*,#1876,.T.);
#2406=ORIENTED_EDGE('',*,*,#1877,.T.);
#2407=ORIENTED_EDGE('',*,*,#1878,.T.);
#2408=ORIENTED_EDGE('',*,*,#1879,.T.);
#2409=ORIENTED_EDGE('',*,*,#1880,.T.);
#2410=ORIENTED_EDGE('',*,*,#1881,.T.);
#2411=ORIENTED_EDGE('',*,*,#1882,.T.);
#2412=ORIENTED_EDGE('',*,*,#1883,.T.);
#2413=ORIENTED_EDGE('',*,*,#1884,.T.);
#2414=ORIENTED_EDGE('',*,*,#1885,.T.);
#2415=ORIENTED_EDGE('',*,*,#1886,.T.);
#2416=ORIENTED_EDGE('',*,*,#1887,.T.);
#2417=ORIENTED_EDGE('',*,*,#1888,.T.);
#2418=ORIENTED_EDGE('',*,*,#1889,.T.);
#2419=ORIENTED_EDGE('',*,*,#1890,.T.);
#2420=ORIENTED_EDGE('',*,*,#1891,.T.);
#2421=ORIENTED_EDGE('',*,*,#1892,.T.);
#2422=ORIENTED_EDGE('',*,*,#1893,.T.);
#2423=ORIENTED_EDGE('',*,*,#1825,.T.);
#2424=ORIENTED_EDGE('',*,*,#1894,.T.);
#2425=ORIENTED_EDGE('',*,*,#1853,.F.);
#2426=ORIENTED_EDGE('',*,*,#1895,.F.);
#2427=ORIENTED_EDGE('',*,*,#1826,.T.);
#2428=ORIENTED_EDGE('',*,*,#1895,.T.);
#2429=ORIENTED_EDGE('',*,*,#1852,.F.);
#2430=ORIENTED_EDGE('',*,*,#1896,.F.);
#2431=ORIENTED_EDGE('',*,*,#1827,.T.);
#2432=ORIENTED_EDGE('',*,*,#1896,.T.);
#2433=ORIENTED_EDGE('',*,*,#1851,.F.);
#2434=ORIENTED_EDGE('',*,*,#1897,.F.);
#2435=ORIENTED_EDGE('',*,*,#1824,.T.);
#2436=ORIENTED_EDGE('',*,*,#1897,.T.);
#2437=ORIENTED_EDGE('',*,*,#1850,.F.);
#2438=ORIENTED_EDGE('',*,*,#1894,.F.);
#2439=ORIENTED_EDGE('',*,*,#1821,.T.);
#2440=ORIENTED_EDGE('',*,*,#1898,.T.);
#2441=ORIENTED_EDGE('',*,*,#1857,.F.);
#2442=ORIENTED_EDGE('',*,*,#1899,.F.);
#2443=ORIENTED_EDGE('',*,*,#1822,.T.);
#2444=ORIENTED_EDGE('',*,*,#1899,.T.);
#2445=ORIENTED_EDGE('',*,*,#1856,.F.);
#2446=ORIENTED_EDGE('',*,*,#1900,.F.);
#2447=ORIENTED_EDGE('',*,*,#1823,.T.);
#2448=ORIENTED_EDGE('',*,*,#1900,.T.);
#2449=ORIENTED_EDGE('',*,*,#1855,.F.);
#2450=ORIENTED_EDGE('',*,*,#1901,.F.);
#2451=ORIENTED_EDGE('',*,*,#1820,.T.);
#2452=ORIENTED_EDGE('',*,*,#1901,.T.);
#2453=ORIENTED_EDGE('',*,*,#1854,.F.);
#2454=ORIENTED_EDGE('',*,*,#1898,.F.);
#2455=ORIENTED_EDGE('',*,*,#1817,.T.);
#2456=ORIENTED_EDGE('',*,*,#1902,.T.);
#2457=ORIENTED_EDGE('',*,*,#1861,.F.);
#2458=ORIENTED_EDGE('',*,*,#1903,.F.);
#2459=ORIENTED_EDGE('',*,*,#1818,.T.);
#2460=ORIENTED_EDGE('',*,*,#1903,.T.);
#2461=ORIENTED_EDGE('',*,*,#1860,.F.);
#2462=ORIENTED_EDGE('',*,*,#1904,.F.);
#2463=ORIENTED_EDGE('',*,*,#1819,.T.);
#2464=ORIENTED_EDGE('',*,*,#1904,.T.);
#2465=ORIENTED_EDGE('',*,*,#1859,.F.);
#2466=ORIENTED_EDGE('',*,*,#1905,.F.);
#2467=ORIENTED_EDGE('',*,*,#1816,.T.);
#2468=ORIENTED_EDGE('',*,*,#1905,.T.);
#2469=ORIENTED_EDGE('',*,*,#1858,.F.);
#2470=ORIENTED_EDGE('',*,*,#1902,.F.);
#2471=ORIENTED_EDGE('',*,*,#1813,.T.);
#2472=ORIENTED_EDGE('',*,*,#1906,.T.);
#2473=ORIENTED_EDGE('',*,*,#1865,.F.);
#2474=ORIENTED_EDGE('',*,*,#1907,.F.);
#2475=ORIENTED_EDGE('',*,*,#1814,.T.);
#2476=ORIENTED_EDGE('',*,*,#1907,.T.);
#2477=ORIENTED_EDGE('',*,*,#1864,.F.);
#2478=ORIENTED_EDGE('',*,*,#1908,.F.);
#2479=ORIENTED_EDGE('',*,*,#1815,.T.);
#2480=ORIENTED_EDGE('',*,*,#1908,.T.);
#2481=ORIENTED_EDGE('',*,*,#1863,.F.);
#2482=ORIENTED_EDGE('',*,*,#1909,.F.);
#2483=ORIENTED_EDGE('',*,*,#1812,.T.);
#2484=ORIENTED_EDGE('',*,*,#1909,.T.);
#2485=ORIENTED_EDGE('',*,*,#1862,.F.);
#2486=ORIENTED_EDGE('',*,*,#1906,.F.);
#2487=ORIENTED_EDGE('',*,*,#1809,.T.);
#2488=ORIENTED_EDGE('',*,*,#1910,.T.);
#2489=ORIENTED_EDGE('',*,*,#1869,.F.);
#2490=ORIENTED_EDGE('',*,*,#1911,.F.);
#2491=ORIENTED_EDGE('',*,*,#1810,.T.);
#2492=ORIENTED_EDGE('',*,*,#1911,.T.);
#2493=ORIENTED_EDGE('',*,*,#1868,.F.);
#2494=ORIENTED_EDGE('',*,*,#1912,.F.);
#2495=ORIENTED_EDGE('',*,*,#1811,.T.);
#2496=ORIENTED_EDGE('',*,*,#1912,.T.);
#2497=ORIENTED_EDGE('',*,*,#1867,.F.);
#2498=ORIENTED_EDGE('',*,*,#1913,.F.);
#2499=ORIENTED_EDGE('',*,*,#1808,.T.);
#2500=ORIENTED_EDGE('',*,*,#1913,.T.);
#2501=ORIENTED_EDGE('',*,*,#1866,.F.);
#2502=ORIENTED_EDGE('',*,*,#1910,.F.);
#2503=ORIENTED_EDGE('',*,*,#1805,.T.);
#2504=ORIENTED_EDGE('',*,*,#1914,.T.);
#2505=ORIENTED_EDGE('',*,*,#1873,.F.);
#2506=ORIENTED_EDGE('',*,*,#1915,.F.);
#2507=ORIENTED_EDGE('',*,*,#1806,.T.);
#2508=ORIENTED_EDGE('',*,*,#1915,.T.);
#2509=ORIENTED_EDGE('',*,*,#1872,.F.);
#2510=ORIENTED_EDGE('',*,*,#1916,.F.);
#2511=ORIENTED_EDGE('',*,*,#1807,.T.);
#2512=ORIENTED_EDGE('',*,*,#1916,.T.);
#2513=ORIENTED_EDGE('',*,*,#1871,.F.);
#2514=ORIENTED_EDGE('',*,*,#1917,.F.);
#2515=ORIENTED_EDGE('',*,*,#1804,.T.);
#2516=ORIENTED_EDGE('',*,*,#1917,.T.);
#2517=ORIENTED_EDGE('',*,*,#1870,.F.);
#2518=ORIENTED_EDGE('',*,*,#1914,.F.);
#2519=ORIENTED_EDGE('',*,*,#1874,.F.);
#2520=ORIENTED_EDGE('',*,*,#1918,.T.);
#2521=ORIENTED_EDGE('',*,*,#1803,.T.);
#2522=ORIENTED_EDGE('',*,*,#1918,.F.);
#2523=ORIENTED_EDGE('',*,*,#1800,.T.);
#2524=ORIENTED_EDGE('',*,*,#1919,.T.);
#2525=ORIENTED_EDGE('',*,*,#1878,.F.);
#2526=ORIENTED_EDGE('',*,*,#1920,.F.);
#2527=ORIENTED_EDGE('',*,*,#1801,.T.);
#2528=ORIENTED_EDGE('',*,*,#1920,.T.);
#2529=ORIENTED_EDGE('',*,*,#1877,.F.);
#2530=ORIENTED_EDGE('',*,*,#1921,.F.);
#2531=ORIENTED_EDGE('',*,*,#1802,.T.);
#2532=ORIENTED_EDGE('',*,*,#1921,.T.);
#2533=ORIENTED_EDGE('',*,*,#1876,.F.);
#2534=ORIENTED_EDGE('',*,*,#1922,.F.);
#2535=ORIENTED_EDGE('',*,*,#1799,.T.);
#2536=ORIENTED_EDGE('',*,*,#1922,.T.);
#2537=ORIENTED_EDGE('',*,*,#1875,.F.);
#2538=ORIENTED_EDGE('',*,*,#1919,.F.);
#2539=ORIENTED_EDGE('',*,*,#1796,.T.);
#2540=ORIENTED_EDGE('',*,*,#1923,.T.);
#2541=ORIENTED_EDGE('',*,*,#1882,.F.);
#2542=ORIENTED_EDGE('',*,*,#1924,.F.);
#2543=ORIENTED_EDGE('',*,*,#1797,.T.);
#2544=ORIENTED_EDGE('',*,*,#1924,.T.);
#2545=ORIENTED_EDGE('',*,*,#1881,.F.);
#2546=ORIENTED_EDGE('',*,*,#1925,.F.);
#2547=ORIENTED_EDGE('',*,*,#1798,.T.);
#2548=ORIENTED_EDGE('',*,*,#1925,.T.);
#2549=ORIENTED_EDGE('',*,*,#1880,.F.);
#2550=ORIENTED_EDGE('',*,*,#1926,.F.);
#2551=ORIENTED_EDGE('',*,*,#1795,.T.);
#2552=ORIENTED_EDGE('',*,*,#1926,.T.);
#2553=ORIENTED_EDGE('',*,*,#1879,.F.);
#2554=ORIENTED_EDGE('',*,*,#1923,.F.);
#2555=ORIENTED_EDGE('',*,*,#1883,.F.);
#2556=ORIENTED_EDGE('',*,*,#1927,.T.);
#2557=ORIENTED_EDGE('',*,*,#1794,.T.);
#2558=ORIENTED_EDGE('',*,*,#1927,.F.);
#2559=ORIENTED_EDGE('',*,*,#1884,.F.);
#2560=ORIENTED_EDGE('',*,*,#1928,.T.);
#2561=ORIENTED_EDGE('',*,*,#1793,.T.);
#2562=ORIENTED_EDGE('',*,*,#1928,.F.);
#2563=ORIENTED_EDGE('',*,*,#1790,.T.);
#2564=ORIENTED_EDGE('',*,*,#1929,.T.);
#2565=ORIENTED_EDGE('',*,*,#1888,.F.);
#2566=ORIENTED_EDGE('',*,*,#1930,.F.);
#2567=ORIENTED_EDGE('',*,*,#1791,.T.);
#2568=ORIENTED_EDGE('',*,*,#1930,.T.);
#2569=ORIENTED_EDGE('',*,*,#1887,.F.);
#2570=ORIENTED_EDGE('',*,*,#1931,.F.);
#2571=ORIENTED_EDGE('',*,*,#1792,.T.);
#2572=ORIENTED_EDGE('',*,*,#1931,.T.);
#2573=ORIENTED_EDGE('',*,*,#1886,.F.);
#2574=ORIENTED_EDGE('',*,*,#1932,.F.);
#2575=ORIENTED_EDGE('',*,*,#1789,.T.);
#2576=ORIENTED_EDGE('',*,*,#1932,.T.);
#2577=ORIENTED_EDGE('',*,*,#1885,.F.);
#2578=ORIENTED_EDGE('',*,*,#1929,.F.);
#2579=ORIENTED_EDGE('',*,*,#1786,.T.);
#2580=ORIENTED_EDGE('',*,*,#1933,.T.);
#2581=ORIENTED_EDGE('',*,*,#1892,.F.);
#2582=ORIENTED_EDGE('',*,*,#1934,.F.);
#2583=ORIENTED_EDGE('',*,*,#1787,.T.);
#2584=ORIENTED_EDGE('',*,*,#1934,.T.);
#2585=ORIENTED_EDGE('',*,*,#1891,.F.);
#2586=ORIENTED_EDGE('',*,*,#1935,.F.);
#2587=ORIENTED_EDGE('',*,*,#1788,.T.);
#2588=ORIENTED_EDGE('',*,*,#1935,.T.);
#2589=ORIENTED_EDGE('',*,*,#1890,.F.);
#2590=ORIENTED_EDGE('',*,*,#1936,.F.);
#2591=ORIENTED_EDGE('',*,*,#1785,.T.);
#2592=ORIENTED_EDGE('',*,*,#1936,.T.);
#2593=ORIENTED_EDGE('',*,*,#1889,.F.);
#2594=ORIENTED_EDGE('',*,*,#1933,.F.);
#2595=ORIENTED_EDGE('',*,*,#1893,.F.);
#2596=ORIENTED_EDGE('',*,*,#1937,.T.);
#2597=ORIENTED_EDGE('',*,*,#1784,.T.);
#2598=ORIENTED_EDGE('',*,*,#1937,.F.);
#2599=ORIENTED_EDGE('',*,*,#1841,.F.);
#2600=ORIENTED_EDGE('',*,*,#1849,.F.);
#2601=ORIENTED_EDGE('',*,*,#1847,.F.);
#2602=ORIENTED_EDGE('',*,*,#1780,.T.);
#2603=ORIENTED_EDGE('',*,*,#1938,.T.);
#2604=ORIENTED_EDGE('',*,*,#1939,.T.);
#2605=ORIENTED_EDGE('',*,*,#1940,.F.);
#2606=ORIENTED_EDGE('',*,*,#1941,.F.);
#2607=ORIENTED_EDGE('',*,*,#1942,.F.);
#2608=ORIENTED_EDGE('',*,*,#1941,.T.);
#2609=ORIENTED_EDGE('',*,*,#1943,.F.);
#2610=ORIENTED_EDGE('',*,*,#1944,.F.);
#2611=ORIENTED_EDGE('',*,*,#1945,.T.);
#2612=ORIENTED_EDGE('',*,*,#1944,.T.);
#2613=ORIENTED_EDGE('',*,*,#1946,.F.);
#2614=ORIENTED_EDGE('',*,*,#1947,.F.);
#2615=ORIENTED_EDGE('',*,*,#1948,.T.);
#2616=ORIENTED_EDGE('',*,*,#1947,.T.);
#2617=ORIENTED_EDGE('',*,*,#1949,.F.);
#2618=ORIENTED_EDGE('',*,*,#1950,.F.);
#2619=ORIENTED_EDGE('',*,*,#1951,.T.);
#2620=ORIENTED_EDGE('',*,*,#1950,.T.);
#2621=ORIENTED_EDGE('',*,*,#1952,.F.);
#2622=ORIENTED_EDGE('',*,*,#1953,.F.);
#2623=ORIENTED_EDGE('',*,*,#1954,.T.);
#2624=ORIENTED_EDGE('',*,*,#1953,.T.);
#2625=ORIENTED_EDGE('',*,*,#1955,.F.);
#2626=ORIENTED_EDGE('',*,*,#1956,.F.);
#2627=ORIENTED_EDGE('',*,*,#1957,.T.);
#2628=ORIENTED_EDGE('',*,*,#1956,.T.);
#2629=ORIENTED_EDGE('',*,*,#1958,.F.);
#2630=ORIENTED_EDGE('',*,*,#1959,.F.);
#2631=ORIENTED_EDGE('',*,*,#1960,.T.);
#2632=ORIENTED_EDGE('',*,*,#1959,.T.);
#2633=ORIENTED_EDGE('',*,*,#1961,.F.);
#2634=ORIENTED_EDGE('',*,*,#1962,.F.);
#2635=ORIENTED_EDGE('',*,*,#1963,.T.);
#2636=ORIENTED_EDGE('',*,*,#1962,.T.);
#2637=ORIENTED_EDGE('',*,*,#1964,.F.);
#2638=ORIENTED_EDGE('',*,*,#1965,.F.);
#2639=ORIENTED_EDGE('',*,*,#1966,.T.);
#2640=ORIENTED_EDGE('',*,*,#1965,.T.);
#2641=ORIENTED_EDGE('',*,*,#1967,.F.);
#2642=ORIENTED_EDGE('',*,*,#1968,.F.);
#2643=ORIENTED_EDGE('',*,*,#1969,.T.);
#2644=ORIENTED_EDGE('',*,*,#1968,.T.);
#2645=ORIENTED_EDGE('',*,*,#1970,.F.);
#2646=ORIENTED_EDGE('',*,*,#1971,.F.);
#2647=ORIENTED_EDGE('',*,*,#1972,.T.);
#2648=ORIENTED_EDGE('',*,*,#1971,.T.);
#2649=ORIENTED_EDGE('',*,*,#1973,.F.);
#2650=ORIENTED_EDGE('',*,*,#1974,.F.);
#2651=ORIENTED_EDGE('',*,*,#1975,.T.);
#2652=ORIENTED_EDGE('',*,*,#1974,.T.);
#2653=ORIENTED_EDGE('',*,*,#1976,.F.);
#2654=ORIENTED_EDGE('',*,*,#1977,.F.);
#2655=ORIENTED_EDGE('',*,*,#1978,.T.);
#2656=ORIENTED_EDGE('',*,*,#1977,.T.);
#2657=ORIENTED_EDGE('',*,*,#1979,.F.);
#2658=ORIENTED_EDGE('',*,*,#1980,.F.);
#2659=ORIENTED_EDGE('',*,*,#1981,.T.);
#2660=ORIENTED_EDGE('',*,*,#1980,.T.);
#2661=ORIENTED_EDGE('',*,*,#1982,.F.);
#2662=ORIENTED_EDGE('',*,*,#1983,.F.);
#2663=ORIENTED_EDGE('',*,*,#1984,.T.);
#2664=ORIENTED_EDGE('',*,*,#1983,.T.);
#2665=ORIENTED_EDGE('',*,*,#1985,.F.);
#2666=ORIENTED_EDGE('',*,*,#1986,.F.);
#2667=ORIENTED_EDGE('',*,*,#1987,.T.);
#2668=ORIENTED_EDGE('',*,*,#1986,.T.);
#2669=ORIENTED_EDGE('',*,*,#1988,.F.);
#2670=ORIENTED_EDGE('',*,*,#1989,.F.);
#2671=ORIENTED_EDGE('',*,*,#1990,.T.);
#2672=ORIENTED_EDGE('',*,*,#1989,.T.);
#2673=ORIENTED_EDGE('',*,*,#1991,.F.);
#2674=ORIENTED_EDGE('',*,*,#1992,.F.);
#2675=ORIENTED_EDGE('',*,*,#1993,.T.);
#2676=ORIENTED_EDGE('',*,*,#1992,.T.);
#2677=ORIENTED_EDGE('',*,*,#1994,.F.);
#2678=ORIENTED_EDGE('',*,*,#1995,.F.);
#2679=ORIENTED_EDGE('',*,*,#1996,.T.);
#2680=ORIENTED_EDGE('',*,*,#1995,.T.);
#2681=ORIENTED_EDGE('',*,*,#1997,.F.);
#2682=ORIENTED_EDGE('',*,*,#1998,.F.);
#2683=ORIENTED_EDGE('',*,*,#1999,.T.);
#2684=ORIENTED_EDGE('',*,*,#1998,.T.);
#2685=ORIENTED_EDGE('',*,*,#2000,.F.);
#2686=ORIENTED_EDGE('',*,*,#2001,.F.);
#2687=ORIENTED_EDGE('',*,*,#2002,.T.);
#2688=ORIENTED_EDGE('',*,*,#2001,.T.);
#2689=ORIENTED_EDGE('',*,*,#2003,.F.);
#2690=ORIENTED_EDGE('',*,*,#2004,.F.);
#2691=ORIENTED_EDGE('',*,*,#2005,.T.);
#2692=ORIENTED_EDGE('',*,*,#2004,.T.);
#2693=ORIENTED_EDGE('',*,*,#2006,.F.);
#2694=ORIENTED_EDGE('',*,*,#2007,.F.);
#2695=ORIENTED_EDGE('',*,*,#2008,.T.);
#2696=ORIENTED_EDGE('',*,*,#2007,.T.);
#2697=ORIENTED_EDGE('',*,*,#2009,.F.);
#2698=ORIENTED_EDGE('',*,*,#2010,.F.);
#2699=ORIENTED_EDGE('',*,*,#2011,.T.);
#2700=ORIENTED_EDGE('',*,*,#2010,.T.);
#2701=ORIENTED_EDGE('',*,*,#2012,.F.);
#2702=ORIENTED_EDGE('',*,*,#2013,.F.);
#2703=ORIENTED_EDGE('',*,*,#2014,.T.);
#2704=ORIENTED_EDGE('',*,*,#2013,.T.);
#2705=ORIENTED_EDGE('',*,*,#2015,.F.);
#2706=ORIENTED_EDGE('',*,*,#2016,.F.);
#2707=ORIENTED_EDGE('',*,*,#2017,.T.);
#2708=ORIENTED_EDGE('',*,*,#2016,.T.);
#2709=ORIENTED_EDGE('',*,*,#2018,.F.);
#2710=ORIENTED_EDGE('',*,*,#2019,.F.);
#2711=ORIENTED_EDGE('',*,*,#2020,.T.);
#2712=ORIENTED_EDGE('',*,*,#2019,.T.);
#2713=ORIENTED_EDGE('',*,*,#2021,.F.);
#2714=ORIENTED_EDGE('',*,*,#2022,.F.);
#2715=ORIENTED_EDGE('',*,*,#2023,.T.);
#2716=ORIENTED_EDGE('',*,*,#2022,.T.);
#2717=ORIENTED_EDGE('',*,*,#2024,.F.);
#2718=ORIENTED_EDGE('',*,*,#2025,.F.);
#2719=ORIENTED_EDGE('',*,*,#2026,.T.);
#2720=ORIENTED_EDGE('',*,*,#2025,.T.);
#2721=ORIENTED_EDGE('',*,*,#2027,.F.);
#2722=ORIENTED_EDGE('',*,*,#2028,.F.);
#2723=ORIENTED_EDGE('',*,*,#2029,.T.);
#2724=ORIENTED_EDGE('',*,*,#2028,.T.);
#2725=ORIENTED_EDGE('',*,*,#2030,.F.);
#2726=ORIENTED_EDGE('',*,*,#2031,.F.);
#2727=ORIENTED_EDGE('',*,*,#2032,.T.);
#2728=ORIENTED_EDGE('',*,*,#2031,.T.);
#2729=ORIENTED_EDGE('',*,*,#2033,.F.);
#2730=ORIENTED_EDGE('',*,*,#2034,.F.);
#2731=ORIENTED_EDGE('',*,*,#2035,.T.);
#2732=ORIENTED_EDGE('',*,*,#2034,.T.);
#2733=ORIENTED_EDGE('',*,*,#2036,.F.);
#2734=ORIENTED_EDGE('',*,*,#2037,.F.);
#2735=ORIENTED_EDGE('',*,*,#2038,.T.);
#2736=ORIENTED_EDGE('',*,*,#2037,.T.);
#2737=ORIENTED_EDGE('',*,*,#2039,.F.);
#2738=ORIENTED_EDGE('',*,*,#2040,.F.);
#2739=ORIENTED_EDGE('',*,*,#2041,.T.);
#2740=ORIENTED_EDGE('',*,*,#2040,.T.);
#2741=ORIENTED_EDGE('',*,*,#2042,.F.);
#2742=ORIENTED_EDGE('',*,*,#2043,.F.);
#2743=ORIENTED_EDGE('',*,*,#2044,.T.);
#2744=ORIENTED_EDGE('',*,*,#2043,.T.);
#2745=ORIENTED_EDGE('',*,*,#2045,.F.);
#2746=ORIENTED_EDGE('',*,*,#2046,.F.);
#2747=ORIENTED_EDGE('',*,*,#2047,.T.);
#2748=ORIENTED_EDGE('',*,*,#2046,.T.);
#2749=ORIENTED_EDGE('',*,*,#2048,.F.);
#2750=ORIENTED_EDGE('',*,*,#2049,.F.);
#2751=ORIENTED_EDGE('',*,*,#2050,.T.);
#2752=ORIENTED_EDGE('',*,*,#2049,.T.);
#2753=ORIENTED_EDGE('',*,*,#2051,.F.);
#2754=ORIENTED_EDGE('',*,*,#2052,.F.);
#2755=ORIENTED_EDGE('',*,*,#2053,.T.);
#2756=ORIENTED_EDGE('',*,*,#2052,.T.);
#2757=ORIENTED_EDGE('',*,*,#2054,.F.);
#2758=ORIENTED_EDGE('',*,*,#1939,.F.);
#2759=ORIENTED_EDGE('',*,*,#2054,.T.);
#2760=ORIENTED_EDGE('',*,*,#2051,.T.);
#2761=ORIENTED_EDGE('',*,*,#2048,.T.);
#2762=ORIENTED_EDGE('',*,*,#2045,.T.);
#2763=ORIENTED_EDGE('',*,*,#2042,.T.);
#2764=ORIENTED_EDGE('',*,*,#2039,.T.);
#2765=ORIENTED_EDGE('',*,*,#2036,.T.);
#2766=ORIENTED_EDGE('',*,*,#2033,.T.);
#2767=ORIENTED_EDGE('',*,*,#2030,.T.);
#2768=ORIENTED_EDGE('',*,*,#2027,.T.);
#2769=ORIENTED_EDGE('',*,*,#2024,.T.);
#2770=ORIENTED_EDGE('',*,*,#2021,.T.);
#2771=ORIENTED_EDGE('',*,*,#2018,.T.);
#2772=ORIENTED_EDGE('',*,*,#2015,.T.);
#2773=ORIENTED_EDGE('',*,*,#2012,.T.);
#2774=ORIENTED_EDGE('',*,*,#2009,.T.);
#2775=ORIENTED_EDGE('',*,*,#2006,.T.);
#2776=ORIENTED_EDGE('',*,*,#2003,.T.);
#2777=ORIENTED_EDGE('',*,*,#2000,.T.);
#2778=ORIENTED_EDGE('',*,*,#1997,.T.);
#2779=ORIENTED_EDGE('',*,*,#1994,.T.);
#2780=ORIENTED_EDGE('',*,*,#1991,.T.);
#2781=ORIENTED_EDGE('',*,*,#1988,.T.);
#2782=ORIENTED_EDGE('',*,*,#1985,.T.);
#2783=ORIENTED_EDGE('',*,*,#1982,.T.);
#2784=ORIENTED_EDGE('',*,*,#1979,.T.);
#2785=ORIENTED_EDGE('',*,*,#1976,.T.);
#2786=ORIENTED_EDGE('',*,*,#1973,.T.);
#2787=ORIENTED_EDGE('',*,*,#1970,.T.);
#2788=ORIENTED_EDGE('',*,*,#1967,.T.);
#2789=ORIENTED_EDGE('',*,*,#1964,.T.);
#2790=ORIENTED_EDGE('',*,*,#1961,.T.);
#2791=ORIENTED_EDGE('',*,*,#1958,.T.);
#2792=ORIENTED_EDGE('',*,*,#1955,.T.);
#2793=ORIENTED_EDGE('',*,*,#1952,.T.);
#2794=ORIENTED_EDGE('',*,*,#1949,.T.);
#2795=ORIENTED_EDGE('',*,*,#1946,.T.);
#2796=ORIENTED_EDGE('',*,*,#1943,.T.);
#2797=ORIENTED_EDGE('',*,*,#1940,.T.);
#2798=ORIENTED_EDGE('',*,*,#2053,.F.);
#2799=ORIENTED_EDGE('',*,*,#1938,.F.);
#2800=ORIENTED_EDGE('',*,*,#1942,.T.);
#2801=ORIENTED_EDGE('',*,*,#1945,.F.);
#2802=ORIENTED_EDGE('',*,*,#1948,.F.);
#2803=ORIENTED_EDGE('',*,*,#1951,.F.);
#2804=ORIENTED_EDGE('',*,*,#1954,.F.);
#2805=ORIENTED_EDGE('',*,*,#1957,.F.);
#2806=ORIENTED_EDGE('',*,*,#1960,.F.);
#2807=ORIENTED_EDGE('',*,*,#1963,.F.);
#2808=ORIENTED_EDGE('',*,*,#1966,.F.);
#2809=ORIENTED_EDGE('',*,*,#1969,.F.);
#2810=ORIENTED_EDGE('',*,*,#1972,.F.);
#2811=ORIENTED_EDGE('',*,*,#1975,.F.);
#2812=ORIENTED_EDGE('',*,*,#1978,.F.);
#2813=ORIENTED_EDGE('',*,*,#1981,.F.);
#2814=ORIENTED_EDGE('',*,*,#1984,.F.);
#2815=ORIENTED_EDGE('',*,*,#1987,.F.);
#2816=ORIENTED_EDGE('',*,*,#1990,.F.);
#2817=ORIENTED_EDGE('',*,*,#1993,.F.);
#2818=ORIENTED_EDGE('',*,*,#1996,.F.);
#2819=ORIENTED_EDGE('',*,*,#1999,.F.);
#2820=ORIENTED_EDGE('',*,*,#2002,.F.);
#2821=ORIENTED_EDGE('',*,*,#2005,.F.);
#2822=ORIENTED_EDGE('',*,*,#2008,.F.);
#2823=ORIENTED_EDGE('',*,*,#2011,.F.);
#2824=ORIENTED_EDGE('',*,*,#2014,.F.);
#2825=ORIENTED_EDGE('',*,*,#2017,.F.);
#2826=ORIENTED_EDGE('',*,*,#2020,.F.);
#2827=ORIENTED_EDGE('',*,*,#2023,.F.);
#2828=ORIENTED_EDGE('',*,*,#2026,.F.);
#2829=ORIENTED_EDGE('',*,*,#2029,.F.);
#2830=ORIENTED_EDGE('',*,*,#2032,.F.);
#2831=ORIENTED_EDGE('',*,*,#2035,.F.);
#2832=ORIENTED_EDGE('',*,*,#2038,.F.);
#2833=ORIENTED_EDGE('',*,*,#2041,.F.);
#2834=ORIENTED_EDGE('',*,*,#2044,.F.);
#2835=ORIENTED_EDGE('',*,*,#2047,.F.);
#2836=ORIENTED_EDGE('',*,*,#2050,.F.);
#2837=ORIENTED_EDGE('',*,*,#2055,.F.);
#2838=ORIENTED_EDGE('',*,*,#2056,.T.);
#2839=ORIENTED_EDGE('',*,*,#2057,.T.);
#2840=ORIENTED_EDGE('',*,*,#2056,.F.);
#2841=ORIENTED_EDGE('',*,*,#2055,.T.);
#2842=ORIENTED_EDGE('',*,*,#2057,.F.);
#2843=ORIENTED_EDGE('',*,*,#2058,.T.);
#2844=ORIENTED_EDGE('',*,*,#2059,.T.);
#2845=ORIENTED_EDGE('',*,*,#2060,.F.);
#2846=ORIENTED_EDGE('',*,*,#2059,.F.);
#2847=ORIENTED_EDGE('',*,*,#2061,.T.);
#2848=ORIENTED_EDGE('',*,*,#2062,.T.);
#2849=ORIENTED_EDGE('',*,*,#2063,.F.);
#2850=ORIENTED_EDGE('',*,*,#2064,.F.);
#2851=ORIENTED_EDGE('',*,*,#2065,.T.);
#2852=ORIENTED_EDGE('',*,*,#2064,.T.);
#2853=ORIENTED_EDGE('',*,*,#2066,.F.);
#2854=ORIENTED_EDGE('',*,*,#2067,.F.);
#2855=ORIENTED_EDGE('',*,*,#2068,.T.);
#2856=ORIENTED_EDGE('',*,*,#2067,.T.);
#2857=ORIENTED_EDGE('',*,*,#2069,.F.);
#2858=ORIENTED_EDGE('',*,*,#2070,.F.);
#2859=ORIENTED_EDGE('',*,*,#2071,.T.);
#2860=ORIENTED_EDGE('',*,*,#2070,.T.);
#2861=ORIENTED_EDGE('',*,*,#2072,.F.);
#2862=ORIENTED_EDGE('',*,*,#2062,.F.);
#2863=ORIENTED_EDGE('',*,*,#2073,.T.);
#2864=ORIENTED_EDGE('',*,*,#2074,.T.);
#2865=ORIENTED_EDGE('',*,*,#2075,.F.);
#2866=ORIENTED_EDGE('',*,*,#2076,.F.);
#2867=ORIENTED_EDGE('',*,*,#2077,.T.);
#2868=ORIENTED_EDGE('',*,*,#2076,.T.);
#2869=ORIENTED_EDGE('',*,*,#2078,.F.);
#2870=ORIENTED_EDGE('',*,*,#2079,.F.);
#2871=ORIENTED_EDGE('',*,*,#2080,.T.);
#2872=ORIENTED_EDGE('',*,*,#2079,.T.);
#2873=ORIENTED_EDGE('',*,*,#2081,.F.);
#2874=ORIENTED_EDGE('',*,*,#2082,.F.);
#2875=ORIENTED_EDGE('',*,*,#2083,.T.);
#2876=ORIENTED_EDGE('',*,*,#2082,.T.);
#2877=ORIENTED_EDGE('',*,*,#2084,.F.);
#2878=ORIENTED_EDGE('',*,*,#2085,.F.);
#2879=ORIENTED_EDGE('',*,*,#2086,.T.);
#2880=ORIENTED_EDGE('',*,*,#2085,.T.);
#2881=ORIENTED_EDGE('',*,*,#2087,.F.);
#2882=ORIENTED_EDGE('',*,*,#2074,.F.);
#2883=ORIENTED_EDGE('',*,*,#2088,.F.);
#2884=ORIENTED_EDGE('',*,*,#2089,.T.);
#2885=ORIENTED_EDGE('',*,*,#2090,.F.);
#2886=ORIENTED_EDGE('',*,*,#2091,.F.);
#2887=ORIENTED_EDGE('',*,*,#2092,.F.);
#2888=ORIENTED_EDGE('',*,*,#2091,.T.);
#2889=ORIENTED_EDGE('',*,*,#2093,.F.);
#2890=ORIENTED_EDGE('',*,*,#2094,.F.);
#2891=ORIENTED_EDGE('',*,*,#2095,.F.);
#2892=ORIENTED_EDGE('',*,*,#2094,.T.);
#2893=ORIENTED_EDGE('',*,*,#2096,.F.);
#2894=ORIENTED_EDGE('',*,*,#2097,.F.);
#2895=ORIENTED_EDGE('',*,*,#2098,.F.);
#2896=ORIENTED_EDGE('',*,*,#2097,.T.);
#2897=ORIENTED_EDGE('',*,*,#2099,.F.);
#2898=ORIENTED_EDGE('',*,*,#2100,.F.);
#2899=ORIENTED_EDGE('',*,*,#2101,.F.);
#2900=ORIENTED_EDGE('',*,*,#2100,.T.);
#2901=ORIENTED_EDGE('',*,*,#2102,.F.);
#2902=ORIENTED_EDGE('',*,*,#2103,.F.);
#2903=ORIENTED_EDGE('',*,*,#2104,.F.);
#2904=ORIENTED_EDGE('',*,*,#2103,.T.);
#2905=ORIENTED_EDGE('',*,*,#2105,.F.);
#2906=ORIENTED_EDGE('',*,*,#2106,.F.);
#2907=ORIENTED_EDGE('',*,*,#2107,.F.);
#2908=ORIENTED_EDGE('',*,*,#2106,.T.);
#2909=ORIENTED_EDGE('',*,*,#2108,.F.);
#2910=ORIENTED_EDGE('',*,*,#2109,.F.);
#2911=ORIENTED_EDGE('',*,*,#2110,.F.);
#2912=ORIENTED_EDGE('',*,*,#2109,.T.);
#2913=ORIENTED_EDGE('',*,*,#2111,.F.);
#2914=ORIENTED_EDGE('',*,*,#2112,.F.);
#2915=ORIENTED_EDGE('',*,*,#2113,.F.);
#2916=ORIENTED_EDGE('',*,*,#2112,.T.);
#2917=ORIENTED_EDGE('',*,*,#2114,.F.);
#2918=ORIENTED_EDGE('',*,*,#2115,.F.);
#2919=ORIENTED_EDGE('',*,*,#2116,.F.);
#2920=ORIENTED_EDGE('',*,*,#2115,.T.);
#2921=ORIENTED_EDGE('',*,*,#2117,.F.);
#2922=ORIENTED_EDGE('',*,*,#2118,.F.);
#2923=ORIENTED_EDGE('',*,*,#2119,.F.);
#2924=ORIENTED_EDGE('',*,*,#2118,.T.);
#2925=ORIENTED_EDGE('',*,*,#2120,.F.);
#2926=ORIENTED_EDGE('',*,*,#2121,.F.);
#2927=ORIENTED_EDGE('',*,*,#2122,.F.);
#2928=ORIENTED_EDGE('',*,*,#2121,.T.);
#2929=ORIENTED_EDGE('',*,*,#2123,.F.);
#2930=ORIENTED_EDGE('',*,*,#2124,.F.);
#2931=ORIENTED_EDGE('',*,*,#2125,.F.);
#2932=ORIENTED_EDGE('',*,*,#2124,.T.);
#2933=ORIENTED_EDGE('',*,*,#2126,.F.);
#2934=ORIENTED_EDGE('',*,*,#2127,.F.);
#2935=ORIENTED_EDGE('',*,*,#2128,.F.);
#2936=ORIENTED_EDGE('',*,*,#2127,.T.);
#2937=ORIENTED_EDGE('',*,*,#2129,.F.);
#2938=ORIENTED_EDGE('',*,*,#2130,.F.);
#2939=ORIENTED_EDGE('',*,*,#2131,.F.);
#2940=ORIENTED_EDGE('',*,*,#2130,.T.);
#2941=ORIENTED_EDGE('',*,*,#2132,.F.);
#2942=ORIENTED_EDGE('',*,*,#2133,.F.);
#2943=ORIENTED_EDGE('',*,*,#2134,.F.);
#2944=ORIENTED_EDGE('',*,*,#2133,.T.);
#2945=ORIENTED_EDGE('',*,*,#2135,.F.);
#2946=ORIENTED_EDGE('',*,*,#2136,.F.);
#2947=ORIENTED_EDGE('',*,*,#2137,.F.);
#2948=ORIENTED_EDGE('',*,*,#2136,.T.);
#2949=ORIENTED_EDGE('',*,*,#2138,.F.);
#2950=ORIENTED_EDGE('',*,*,#2139,.F.);
#2951=ORIENTED_EDGE('',*,*,#2140,.T.);
#2952=ORIENTED_EDGE('',*,*,#2139,.T.);
#2953=ORIENTED_EDGE('',*,*,#2141,.F.);
#2954=ORIENTED_EDGE('',*,*,#2142,.F.);
#2955=ORIENTED_EDGE('',*,*,#2143,.F.);
#2956=ORIENTED_EDGE('',*,*,#2142,.T.);
#2957=ORIENTED_EDGE('',*,*,#2144,.F.);
#2958=ORIENTED_EDGE('',*,*,#2145,.F.);
#2959=ORIENTED_EDGE('',*,*,#2146,.T.);
#2960=ORIENTED_EDGE('',*,*,#2145,.T.);
#2961=ORIENTED_EDGE('',*,*,#2147,.F.);
#2962=ORIENTED_EDGE('',*,*,#2089,.F.);
#2963=ORIENTED_EDGE('',*,*,#2147,.T.);
#2964=ORIENTED_EDGE('',*,*,#2144,.T.);
#2965=ORIENTED_EDGE('',*,*,#2141,.T.);
#2966=ORIENTED_EDGE('',*,*,#2138,.T.);
#2967=ORIENTED_EDGE('',*,*,#2135,.T.);
#2968=ORIENTED_EDGE('',*,*,#2132,.T.);
#2969=ORIENTED_EDGE('',*,*,#2129,.T.);
#2970=ORIENTED_EDGE('',*,*,#2126,.T.);
#2971=ORIENTED_EDGE('',*,*,#2123,.T.);
#2972=ORIENTED_EDGE('',*,*,#2120,.T.);
#2973=ORIENTED_EDGE('',*,*,#2117,.T.);
#2974=ORIENTED_EDGE('',*,*,#2114,.T.);
#2975=ORIENTED_EDGE('',*,*,#2111,.T.);
#2976=ORIENTED_EDGE('',*,*,#2108,.T.);
#2977=ORIENTED_EDGE('',*,*,#2105,.T.);
#2978=ORIENTED_EDGE('',*,*,#2102,.T.);
#2979=ORIENTED_EDGE('',*,*,#2099,.T.);
#2980=ORIENTED_EDGE('',*,*,#2096,.T.);
#2981=ORIENTED_EDGE('',*,*,#2093,.T.);
#2982=ORIENTED_EDGE('',*,*,#2090,.T.);
#2983=ORIENTED_EDGE('',*,*,#2087,.T.);
#2984=ORIENTED_EDGE('',*,*,#2084,.T.);
#2985=ORIENTED_EDGE('',*,*,#2081,.T.);
#2986=ORIENTED_EDGE('',*,*,#2078,.T.);
#2987=ORIENTED_EDGE('',*,*,#2075,.T.);
#2988=ORIENTED_EDGE('',*,*,#2072,.T.);
#2989=ORIENTED_EDGE('',*,*,#2069,.T.);
#2990=ORIENTED_EDGE('',*,*,#2066,.T.);
#2991=ORIENTED_EDGE('',*,*,#2063,.T.);
#2992=ORIENTED_EDGE('',*,*,#2060,.T.);
#2993=ORIENTED_EDGE('',*,*,#2146,.F.);
#2994=ORIENTED_EDGE('',*,*,#2088,.T.);
#2995=ORIENTED_EDGE('',*,*,#2092,.T.);
#2996=ORIENTED_EDGE('',*,*,#2095,.T.);
#2997=ORIENTED_EDGE('',*,*,#2098,.T.);
#2998=ORIENTED_EDGE('',*,*,#2101,.T.);
#2999=ORIENTED_EDGE('',*,*,#2104,.T.);
#3000=ORIENTED_EDGE('',*,*,#2107,.T.);
#3001=ORIENTED_EDGE('',*,*,#2110,.T.);
#3002=ORIENTED_EDGE('',*,*,#2113,.T.);
#3003=ORIENTED_EDGE('',*,*,#2116,.T.);
#3004=ORIENTED_EDGE('',*,*,#2119,.T.);
#3005=ORIENTED_EDGE('',*,*,#2122,.T.);
#3006=ORIENTED_EDGE('',*,*,#2125,.T.);
#3007=ORIENTED_EDGE('',*,*,#2128,.T.);
#3008=ORIENTED_EDGE('',*,*,#2131,.T.);
#3009=ORIENTED_EDGE('',*,*,#2134,.T.);
#3010=ORIENTED_EDGE('',*,*,#2137,.T.);
#3011=ORIENTED_EDGE('',*,*,#2140,.F.);
#3012=ORIENTED_EDGE('',*,*,#2143,.T.);
#3013=ORIENTED_EDGE('',*,*,#2086,.F.);
#3014=ORIENTED_EDGE('',*,*,#2073,.F.);
#3015=ORIENTED_EDGE('',*,*,#2077,.F.);
#3016=ORIENTED_EDGE('',*,*,#2080,.F.);
#3017=ORIENTED_EDGE('',*,*,#2083,.F.);
#3018=ORIENTED_EDGE('',*,*,#2071,.F.);
#3019=ORIENTED_EDGE('',*,*,#2061,.F.);
#3020=ORIENTED_EDGE('',*,*,#2065,.F.);
#3021=ORIENTED_EDGE('',*,*,#2068,.F.);
#3022=ORIENTED_EDGE('',*,*,#2058,.F.);
#3023=ORIENTED_EDGE('',*,*,#2148,.F.);
#3024=ORIENTED_EDGE('',*,*,#2149,.T.);
#3025=ORIENTED_EDGE('',*,*,#2150,.T.);
#3026=ORIENTED_EDGE('',*,*,#2149,.F.);
#3027=ORIENTED_EDGE('',*,*,#2148,.T.);
#3028=ORIENTED_EDGE('',*,*,#2150,.F.);
#3029=ORIENTED_EDGE('',*,*,#2151,.F.);
#3030=ORIENTED_EDGE('',*,*,#2152,.F.);
#3031=ORIENTED_EDGE('',*,*,#2153,.F.);
#3032=ORIENTED_EDGE('',*,*,#2154,.F.);
#3033=ORIENTED_EDGE('',*,*,#2152,.T.);
#3034=ORIENTED_EDGE('',*,*,#2155,.T.);
#3035=ORIENTED_EDGE('',*,*,#2156,.F.);
#3036=ORIENTED_EDGE('',*,*,#2157,.F.);
#3037=ORIENTED_EDGE('',*,*,#2151,.T.);
#3038=ORIENTED_EDGE('',*,*,#2158,.T.);
#3039=ORIENTED_EDGE('',*,*,#2159,.F.);
#3040=ORIENTED_EDGE('',*,*,#2155,.F.);
#3041=ORIENTED_EDGE('',*,*,#2153,.T.);
#3042=ORIENTED_EDGE('',*,*,#2157,.T.);
#3043=ORIENTED_EDGE('',*,*,#2160,.F.);
#3044=ORIENTED_EDGE('',*,*,#2161,.F.);
#3045=ORIENTED_EDGE('',*,*,#2154,.T.);
#3046=ORIENTED_EDGE('',*,*,#2161,.T.);
#3047=ORIENTED_EDGE('',*,*,#2162,.F.);
#3048=ORIENTED_EDGE('',*,*,#2158,.F.);
#3049=ORIENTED_EDGE('',*,*,#2159,.T.);
#3050=ORIENTED_EDGE('',*,*,#2162,.T.);
#3051=ORIENTED_EDGE('',*,*,#2160,.T.);
#3052=ORIENTED_EDGE('',*,*,#2156,.T.);
#3053=CYLINDRICAL_SURFACE('',#3261,5.);
#3054=CYLINDRICAL_SURFACE('',#3273,5.);
#3055=CYLINDRICAL_SURFACE('',#3275,5.);
#3056=CYLINDRICAL_SURFACE('',#3284,5.);
#3057=CYLINDRICAL_SURFACE('',#3287,1.45);
#3058=CYLINDRICAL_SURFACE('',#3288,1.45);
#3059=CYLINDRICAL_SURFACE('',#3289,1.45);
#3060=CYLINDRICAL_SURFACE('',#3290,1.45);
#3061=CYLINDRICAL_SURFACE('',#3300,5.);
#3062=CYLINDRICAL_SURFACE('',#3302,2.5);
#3063=CYLINDRICAL_SURFACE('',#3316,5.);
#3064=CYLINDRICAL_SURFACE('',#3317,2.5);
#3065=CYLINDRICAL_SURFACE('',#3324,5.);
#3066=CYLINDRICAL_SURFACE('',#3325,2.5);
#3067=CYLINDRICAL_SURFACE('',#3330,5.);
#3068=CYLINDRICAL_SURFACE('',#3331,2.5);
#3069=CYLINDRICAL_SURFACE('',#3361,1.45);
#3070=CYLINDRICAL_SURFACE('',#3370,1.45);
#3071=CYLINDRICAL_SURFACE('',#3371,1.45);
#3072=CYLINDRICAL_SURFACE('',#3380,1.45);
#3073=CYLINDRICAL_SURFACE('',#3423,0.205375651697835);
#3074=CYLINDRICAL_SURFACE('',#3456,0.227172412812662);
#3075=ADVANCED_FACE('',(#223),#3053,.T.);
#3076=ADVANCED_FACE('',(#224,#44,#45,#46,#47,#48),#87,.T.);
#3077=ADVANCED_FACE('',(#225),#88,.T.);
#3078=ADVANCED_FACE('',(#226),#3054,.T.);
#3079=ADVANCED_FACE('',(#227),#3055,.T.);
#3080=ADVANCED_FACE('',(#228,#49,#50,#51,#52),#89,.F.);
#3081=ADVANCED_FACE('',(#229),#90,.T.);
#3082=ADVANCED_FACE('',(#230),#3056,.T.);
#3083=ADVANCED_FACE('',(#231),#91,.T.);
#3084=ADVANCED_FACE('',(#232),#92,.T.);
#3085=ADVANCED_FACE('',(#233),#3057,.F.);
#3086=ADVANCED_FACE('',(#234),#3058,.F.);
#3087=ADVANCED_FACE('',(#235),#3059,.F.);
#3088=ADVANCED_FACE('',(#236),#3060,.F.);
#3089=ADVANCED_FACE('',(#237),#93,.T.);
#3090=ADVANCED_FACE('',(#238),#94,.T.);
#3091=ADVANCED_FACE('',(#239),#95,.T.);
#3092=ADVANCED_FACE('',(#240),#96,.T.);
#3093=ADVANCED_FACE('',(#241),#97,.T.);
#3094=ADVANCED_FACE('',(#242),#21,.F.);
#3095=ADVANCED_FACE('',(#243),#3061,.T.);
#3096=ADVANCED_FACE('',(#244),#3062,.T.);
#3097=ADVANCED_FACE('',(#245),#98,.T.);
#3098=ADVANCED_FACE('',(#246,#53,#54,#55,#56,#57,#58,#59,#60,#61,#62,#63,
#64,#65,#66),#99,.F.);
#3099=ADVANCED_FACE('',(#247),#22,.F.);
#3100=ADVANCED_FACE('',(#248),#3063,.T.);
#3101=ADVANCED_FACE('',(#249),#3064,.T.);
#3102=ADVANCED_FACE('',(#250),#100,.T.);
#3103=ADVANCED_FACE('',(#251),#23,.F.);
#3104=ADVANCED_FACE('',(#252),#3065,.T.);
#3105=ADVANCED_FACE('',(#253),#3066,.T.);
#3106=ADVANCED_FACE('',(#254),#101,.T.);
#3107=ADVANCED_FACE('',(#255),#24,.F.);
#3108=ADVANCED_FACE('',(#256),#3067,.T.);
#3109=ADVANCED_FACE('',(#257),#3068,.T.);
#3110=ADVANCED_FACE('',(#258,#67,#68,#69,#70,#71,#72,#73,#74,#75,#76,#77,
#78,#79,#80),#102,.T.);
#3111=ADVANCED_FACE('',(#259),#103,.T.);
#3112=ADVANCED_FACE('',(#260),#104,.T.);
#3113=ADVANCED_FACE('',(#261),#105,.T.);
#3114=ADVANCED_FACE('',(#262),#106,.T.);
#3115=ADVANCED_FACE('',(#263),#107,.T.);
#3116=ADVANCED_FACE('',(#264),#108,.T.);
#3117=ADVANCED_FACE('',(#265),#109,.T.);
#3118=ADVANCED_FACE('',(#266),#110,.T.);
#3119=ADVANCED_FACE('',(#267),#111,.T.);
#3120=ADVANCED_FACE('',(#268),#112,.T.);
#3121=ADVANCED_FACE('',(#269),#113,.T.);
#3122=ADVANCED_FACE('',(#270),#114,.T.);
#3123=ADVANCED_FACE('',(#271),#115,.T.);
#3124=ADVANCED_FACE('',(#272),#116,.T.);
#3125=ADVANCED_FACE('',(#273),#117,.T.);
#3126=ADVANCED_FACE('',(#274),#118,.T.);
#3127=ADVANCED_FACE('',(#275),#119,.T.);
#3128=ADVANCED_FACE('',(#276),#120,.T.);
#3129=ADVANCED_FACE('',(#277),#121,.T.);
#3130=ADVANCED_FACE('',(#278),#122,.T.);
#3131=ADVANCED_FACE('',(#279),#123,.T.);
#3132=ADVANCED_FACE('',(#280),#124,.T.);
#3133=ADVANCED_FACE('',(#281),#125,.T.);
#3134=ADVANCED_FACE('',(#282),#126,.T.);
#3135=ADVANCED_FACE('',(#283),#3069,.F.);
#3136=ADVANCED_FACE('',(#284),#127,.T.);
#3137=ADVANCED_FACE('',(#285),#128,.T.);
#3138=ADVANCED_FACE('',(#286),#129,.T.);
#3139=ADVANCED_FACE('',(#287),#130,.T.);
#3140=ADVANCED_FACE('',(#288),#131,.T.);
#3141=ADVANCED_FACE('',(#289),#132,.T.);
#3142=ADVANCED_FACE('',(#290),#133,.T.);
#3143=ADVANCED_FACE('',(#291),#134,.T.);
#3144=ADVANCED_FACE('',(#292),#3070,.F.);
#3145=ADVANCED_FACE('',(#293),#3071,.F.);
#3146=ADVANCED_FACE('',(#294),#135,.T.);
#3147=ADVANCED_FACE('',(#295),#136,.T.);
#3148=ADVANCED_FACE('',(#296),#137,.T.);
#3149=ADVANCED_FACE('',(#297),#138,.T.);
#3150=ADVANCED_FACE('',(#298),#139,.T.);
#3151=ADVANCED_FACE('',(#299),#140,.T.);
#3152=ADVANCED_FACE('',(#300),#141,.T.);
#3153=ADVANCED_FACE('',(#301),#142,.T.);
#3154=ADVANCED_FACE('',(#302),#3072,.F.);
#3155=ADVANCED_FACE('',(#303),#143,.T.);
#3156=ADVANCED_FACE('',(#304),#144,.T.);
#3157=ADVANCED_FACE('',(#305),#145,.T.);
#3158=ADVANCED_FACE('',(#306),#146,.T.);
#3159=ADVANCED_FACE('',(#307),#147,.T.);
#3160=ADVANCED_FACE('',(#308),#148,.T.);
#3161=ADVANCED_FACE('',(#309),#149,.T.);
#3162=ADVANCED_FACE('',(#310),#150,.T.);
#3163=ADVANCED_FACE('',(#311),#151,.T.);
#3164=ADVANCED_FACE('',(#312),#152,.T.);
#3165=ADVANCED_FACE('',(#313),#153,.T.);
#3166=ADVANCED_FACE('',(#314),#154,.T.);
#3167=ADVANCED_FACE('',(#315),#155,.T.);
#3168=ADVANCED_FACE('',(#316),#156,.T.);
#3169=ADVANCED_FACE('',(#317),#157,.T.);
#3170=ADVANCED_FACE('',(#318),#158,.T.);
#3171=ADVANCED_FACE('',(#319),#159,.T.);
#3172=ADVANCED_FACE('',(#320),#160,.T.);
#3173=ADVANCED_FACE('',(#321),#161,.T.);
#3174=ADVANCED_FACE('',(#322),#162,.T.);
#3175=ADVANCED_FACE('',(#323),#163,.T.);
#3176=ADVANCED_FACE('',(#324),#164,.T.);
#3177=ADVANCED_FACE('',(#325),#165,.T.);
#3178=ADVANCED_FACE('',(#326),#166,.T.);
#3179=ADVANCED_FACE('',(#327),#167,.T.);
#3180=ADVANCED_FACE('',(#328),#168,.T.);
#3181=ADVANCED_FACE('',(#329),#169,.T.);
#3182=ADVANCED_FACE('',(#330),#170,.T.);
#3183=ADVANCED_FACE('',(#331),#171,.T.);
#3184=ADVANCED_FACE('',(#332),#172,.T.);
#3185=ADVANCED_FACE('',(#333),#173,.T.);
#3186=ADVANCED_FACE('',(#334),#174,.T.);
#3187=ADVANCED_FACE('',(#335),#175,.T.);
#3188=ADVANCED_FACE('',(#336),#176,.T.);
#3189=ADVANCED_FACE('',(#337),#177,.T.);
#3190=ADVANCED_FACE('',(#338),#178,.T.);
#3191=ADVANCED_FACE('',(#339),#179,.T.);
#3192=ADVANCED_FACE('',(#340),#180,.T.);
#3193=ADVANCED_FACE('',(#341),#181,.T.);
#3194=ADVANCED_FACE('',(#342),#182,.T.);
#3195=ADVANCED_FACE('',(#343),#183,.T.);
#3196=ADVANCED_FACE('',(#344),#184,.F.);
#3197=ADVANCED_FACE('',(#345),#3073,.T.);
#3198=ADVANCED_FACE('',(#346),#185,.T.);
#3199=ADVANCED_FACE('',(#347),#186,.F.);
#3200=ADVANCED_FACE('',(#348),#25,.T.);
#3201=ADVANCED_FACE('',(#349),#187,.T.);
#3202=ADVANCED_FACE('',(#350),#188,.T.);
#3203=ADVANCED_FACE('',(#351),#189,.T.);
#3204=ADVANCED_FACE('',(#352),#190,.T.);
#3205=ADVANCED_FACE('',(#353),#191,.T.);
#3206=ADVANCED_FACE('',(#354),#192,.T.);
#3207=ADVANCED_FACE('',(#355),#193,.T.);
#3208=ADVANCED_FACE('',(#356),#194,.T.);
#3209=ADVANCED_FACE('',(#357),#195,.T.);
#3210=ADVANCED_FACE('',(#358),#196,.T.);
#3211=ADVANCED_FACE('',(#359),#197,.T.);
#3212=ADVANCED_FACE('',(#360),#198,.T.);
#3213=ADVANCED_FACE('',(#361),#199,.T.);
#3214=ADVANCED_FACE('',(#362),#200,.T.);
#3215=ADVANCED_FACE('',(#363),#201,.T.);
#3216=ADVANCED_FACE('',(#364),#202,.T.);
#3217=ADVANCED_FACE('',(#365),#203,.T.);
#3218=ADVANCED_FACE('',(#366),#204,.T.);
#3219=ADVANCED_FACE('',(#367),#205,.T.);
#3220=ADVANCED_FACE('',(#368),#206,.T.);
#3221=ADVANCED_FACE('',(#369),#207,.T.);
#3222=ADVANCED_FACE('',(#370),#26,.T.);
#3223=ADVANCED_FACE('',(#371),#208,.T.);
#3224=ADVANCED_FACE('',(#372),#209,.T.);
#3225=ADVANCED_FACE('',(#373),#210,.T.);
#3226=ADVANCED_FACE('',(#374),#211,.T.);
#3227=ADVANCED_FACE('',(#375),#27,.T.);
#3228=ADVANCED_FACE('',(#376),#212,.T.);
#3229=ADVANCED_FACE('',(#377),#28,.T.);
#3230=ADVANCED_FACE('',(#378,#81,#82,#83),#213,.T.);
#3231=ADVANCED_FACE('',(#379,#84,#85,#86),#214,.F.);
#3232=ADVANCED_FACE('',(#380),#3074,.T.);
#3233=ADVANCED_FACE('',(#381),#215,.T.);
#3234=ADVANCED_FACE('',(#382),#216,.F.);
#3235=ADVANCED_FACE('',(#383),#217,.F.);
#3236=ADVANCED_FACE('',(#384),#218,.T.);
#3237=ADVANCED_FACE('',(#385),#219,.T.);
#3238=ADVANCED_FACE('',(#386),#220,.T.);
#3239=ADVANCED_FACE('',(#387),#221,.T.);
#3240=ADVANCED_FACE('',(#388),#222,.T.);
#3241=CLOSED_SHELL('',(#3075,#3076,#3077,#3078,#3079,#3080,#3081,#3082,
#3083,#3084,#3085,#3086,#3087,#3088,#3089,#3090,#3091,#3092,#3093));
#3242=CLOSED_SHELL('',(#3094,#3095,#3096,#3097,#3098,#3099,#3100,#3101,
#3102,#3103,#3104,#3105,#3106,#3107,#3108,#3109,#3110,#3111,#3112,#3113,
#3114,#3115,#3116,#3117,#3118,#3119,#3120,#3121,#3122,#3123,#3124,#3125,
#3126,#3127,#3128,#3129,#3130,#3131,#3132,#3133,#3134,#3135,#3136,#3137,
#3138,#3139,#3140,#3141,#3142,#3143,#3144,#3145,#3146,#3147,#3148,#3149,
#3150,#3151,#3152,#3153,#3154,#3155));
#3243=CLOSED_SHELL('',(#3156,#3157,#3158,#3159,#3160,#3161,#3162,#3163,
#3164,#3165,#3166,#3167,#3168,#3169,#3170,#3171,#3172,#3173,#3174,#3175,
#3176,#3177,#3178,#3179,#3180,#3181,#3182,#3183,#3184,#3185,#3186,#3187,
#3188,#3189,#3190,#3191,#3192,#3193,#3194,#3195,#3196));
#3244=CLOSED_SHELL('',(#3197,#3198,#3199));
#3245=CLOSED_SHELL('',(#3200,#3201,#3202,#3203,#3204,#3205,#3206,#3207,
#3208,#3209,#3210,#3211,#3212,#3213,#3214,#3215,#3216,#3217,#3218,#3219,
#3220,#3221,#3222,#3223,#3224,#3225,#3226,#3227,#3228,#3229,#3230,#3231));
#3246=CLOSED_SHELL('',(#3232,#3233,#3234));
#3247=CLOSED_SHELL('',(#3235,#3236,#3237,#3238,#3239,#3240));
#3248=DERIVED_UNIT_ELEMENT(#3250,1.);
#3249=DERIVED_UNIT_ELEMENT(#5729,-3.);
#3250=(
MASS_UNIT()
NAMED_UNIT(*)
SI_UNIT(.KILO.,.GRAM.)
);
#3251=DERIVED_UNIT((#3248,#3249));
#3252=MEASURE_REPRESENTATION_ITEM('density measure',
POSITIVE_RATIO_MEASURE(7850.),#3251);
#3253=PROPERTY_DEFINITION_REPRESENTATION(#3258,#3255);
#3254=PROPERTY_DEFINITION_REPRESENTATION(#3259,#3256);
#3255=REPRESENTATION('material name',(#3257),#5726);
#3256=REPRESENTATION('density',(#3252),#5726);
#3257=DESCRIPTIVE_REPRESENTATION_ITEM('Steel','Steel');
#3258=PROPERTY_DEFINITION('material property','material name',#5736);
#3259=PROPERTY_DEFINITION('material property','density of part',#5736);
#3260=AXIS2_PLACEMENT_3D('',#4270,#3467,#3468);
#3261=AXIS2_PLACEMENT_3D('',#4271,#3469,#3470);
#3262=AXIS2_PLACEMENT_3D('',#4274,#3471,#3472);
#3263=AXIS2_PLACEMENT_3D('',#4278,#3474,#3475);
#3264=AXIS2_PLACEMENT_3D('',#4280,#3477,#3478);
#3265=AXIS2_PLACEMENT_3D('',#4284,#3480,#3481);
#3266=AXIS2_PLACEMENT_3D('',#4288,#3483,#3484);
#3267=AXIS2_PLACEMENT_3D('',#4292,#3486,#3487);
#3268=AXIS2_PLACEMENT_3D('',#4295,#3489,#3490);
#3269=AXIS2_PLACEMENT_3D('',#4297,#3491,#3492);
#3270=AXIS2_PLACEMENT_3D('',#4307,#3497,#3498);
#3271=AXIS2_PLACEMENT_3D('',#4309,#3499,#3500);
#3272=AXIS2_PLACEMENT_3D('',#4310,#3501,#3502);
#3273=AXIS2_PLACEMENT_3D('',#4314,#3505,#3506);
#3274=AXIS2_PLACEMENT_3D('',#4316,#3507,#3508);
#3275=AXIS2_PLACEMENT_3D('',#4318,#3510,#3511);
#3276=AXIS2_PLACEMENT_3D('',#4322,#3513,#3514);
#3277=AXIS2_PLACEMENT_3D('',#4324,#3516,#3517);
#3278=AXIS2_PLACEMENT_3D('',#4329,#3520,#3521);
#3279=AXIS2_PLACEMENT_3D('',#4332,#3523,#3524);
#3280=AXIS2_PLACEMENT_3D('',#4334,#3525,#3526);
#3281=AXIS2_PLACEMENT_3D('',#4336,#3527,#3528);
#3282=AXIS2_PLACEMENT_3D('',#4338,#3529,#3530);
#3283=AXIS2_PLACEMENT_3D('',#4339,#3531,#3532);
#3284=AXIS2_PLACEMENT_3D('',#4341,#3534,#3535);
#3285=AXIS2_PLACEMENT_3D('',#4343,#3537,#3538);
#3286=AXIS2_PLACEMENT_3D('',#4349,#3542,#3543);
#3287=AXIS2_PLACEMENT_3D('',#4353,#3546,#3547);
#3288=AXIS2_PLACEMENT_3D('',#4355,#3549,#3550);
#3289=AXIS2_PLACEMENT_3D('',#4357,#3552,#3553);
#3290=AXIS2_PLACEMENT_3D('',#4359,#3555,#3556);
#3291=AXIS2_PLACEMENT_3D('',#4361,#3558,#3559);
#3292=AXIS2_PLACEMENT_3D('',#4365,#3562,#3563);
#3293=AXIS2_PLACEMENT_3D('',#4367,#3565,#3566);
#3294=AXIS2_PLACEMENT_3D('',#4368,#3567,#3568);
#3295=AXIS2_PLACEMENT_3D('',#4369,#3569,#3570);
#3296=AXIS2_PLACEMENT_3D('',#4381,#3571,#3572);
#3297=AXIS2_PLACEMENT_3D('',#4383,#3573,#3574);
#3298=AXIS2_PLACEMENT_3D('',#4385,#3575,#3576);
#3299=AXIS2_PLACEMENT_3D('',#4386,#3577,#3578);
#3300=AXIS2_PLACEMENT_3D('',#4387,#3579,#3580);
#3301=AXIS2_PLACEMENT_3D('',#4390,#3581,#3582);
#3302=AXIS2_PLACEMENT_3D('',#4393,#3585,#3586);
#3303=AXIS2_PLACEMENT_3D('',#4397,#3588,#3589);
#3304=AXIS2_PLACEMENT_3D('',#4399,#3591,#3592);
#3305=AXIS2_PLACEMENT_3D('',#4403,#3595,#3596);
#3306=AXIS2_PLACEMENT_3D('',#4407,#3598,#3599);
#3307=AXIS2_PLACEMENT_3D('',#4411,#3601,#3602);
#3308=AXIS2_PLACEMENT_3D('',#4414,#3604,#3605);
#3309=AXIS2_PLACEMENT_3D('',#4416,#3606,#3607);
#3310=AXIS2_PLACEMENT_3D('',#4434,#3616,#3617);
#3311=AXIS2_PLACEMENT_3D('',#4436,#3618,#3619);
#3312=AXIS2_PLACEMENT_3D('',#4454,#3628,#3629);
#3313=AXIS2_PLACEMENT_3D('',#4513,#3654,#3655);
#3314=AXIS2_PLACEMENT_3D('',#4515,#3656,#3657);
#3315=AXIS2_PLACEMENT_3D('',#4516,#3658,#3659);
#3316=AXIS2_PLACEMENT_3D('',#4517,#3660,#3661);
#3317=AXIS2_PLACEMENT_3D('',#4519,#3663,#3664);
#3318=AXIS2_PLACEMENT_3D('',#4523,#3666,#3667);
#3319=AXIS2_PLACEMENT_3D('',#4525,#3669,#3670);
#3320=AXIS2_PLACEMENT_3D('',#4538,#3672,#3673);
#3321=AXIS2_PLACEMENT_3D('',#4540,#3674,#3675);
#3322=AXIS2_PLACEMENT_3D('',#4542,#3676,#3677);
#3323=AXIS2_PLACEMENT_3D('',#4543,#3678,#3679);
#3324=AXIS2_PLACEMENT_3D('',#4544,#3680,#3681);
#3325=AXIS2_PLACEMENT_3D('',#4547,#3684,#3685);
#3326=AXIS2_PLACEMENT_3D('',#4550,#3688,#3689);
#3327=AXIS2_PLACEMENT_3D('',#4561,#3690,#3691);
#3328=AXIS2_PLACEMENT_3D('',#4563,#3692,#3693);
#3329=AXIS2_PLACEMENT_3D('',#4564,#3694,#3695);
#3330=AXIS2_PLACEMENT_3D('',#4565,#3696,#3697);
#3331=AXIS2_PLACEMENT_3D('',#4567,#3699,#3700);
#3332=AXIS2_PLACEMENT_3D('',#4570,#3703,#3704);
#3333=AXIS2_PLACEMENT_3D('',#4620,#3729,#3730);
#3334=AXIS2_PLACEMENT_3D('',#4638,#3739,#3740);
#3335=AXIS2_PLACEMENT_3D('',#4640,#3741,#3742);
#3336=AXIS2_PLACEMENT_3D('',#4658,#3751,#3752);
#3337=AXIS2_PLACEMENT_3D('',#4659,#3753,#3754);
#3338=AXIS2_PLACEMENT_3D('',#4662,#3757,#3758);
#3339=AXIS2_PLACEMENT_3D('',#4664,#3760,#3761);
#3340=AXIS2_PLACEMENT_3D('',#4666,#3763,#3764);
#3341=AXIS2_PLACEMENT_3D('',#4667,#3765,#3766);
#3342=AXIS2_PLACEMENT_3D('',#4670,#3769,#3770);
#3343=AXIS2_PLACEMENT_3D('',#4672,#3772,#3773);
#3344=AXIS2_PLACEMENT_3D('',#4674,#3775,#3776);
#3345=AXIS2_PLACEMENT_3D('',#4675,#3777,#3778);
#3346=AXIS2_PLACEMENT_3D('',#4678,#3781,#3782);
#3347=AXIS2_PLACEMENT_3D('',#4680,#3784,#3785);
#3348=AXIS2_PLACEMENT_3D('',#4682,#3787,#3788);
#3349=AXIS2_PLACEMENT_3D('',#4683,#3789,#3790);
#3350=AXIS2_PLACEMENT_3D('',#4686,#3793,#3794);
#3351=AXIS2_PLACEMENT_3D('',#4688,#3796,#3797);
#3352=AXIS2_PLACEMENT_3D('',#4690,#3799,#3800);
#3353=AXIS2_PLACEMENT_3D('',#4691,#3801,#3802);
#3354=AXIS2_PLACEMENT_3D('',#4694,#3805,#3806);
#3355=AXIS2_PLACEMENT_3D('',#4696,#3808,#3809);
#3356=AXIS2_PLACEMENT_3D('',#4698,#3811,#3812);
#3357=AXIS2_PLACEMENT_3D('',#4699,#3813,#3814);
#3358=AXIS2_PLACEMENT_3D('',#4702,#3817,#3818);
#3359=AXIS2_PLACEMENT_3D('',#4704,#3820,#3821);
#3360=AXIS2_PLACEMENT_3D('',#4706,#3823,#3824);
#3361=AXIS2_PLACEMENT_3D('',#4707,#3825,#3826);
#3362=AXIS2_PLACEMENT_3D('',#4709,#3828,#3829);
#3363=AXIS2_PLACEMENT_3D('',#4712,#3832,#3833);
#3364=AXIS2_PLACEMENT_3D('',#4714,#3835,#3836);
#3365=AXIS2_PLACEMENT_3D('',#4716,#3838,#3839);
#3366=AXIS2_PLACEMENT_3D('',#4717,#3840,#3841);
#3367=AXIS2_PLACEMENT_3D('',#4720,#3844,#3845);
#3368=AXIS2_PLACEMENT_3D('',#4722,#3847,#3848);
#3369=AXIS2_PLACEMENT_3D('',#4724,#3850,#3851);
#3370=AXIS2_PLACEMENT_3D('',#4725,#3852,#3853);
#3371=AXIS2_PLACEMENT_3D('',#4727,#3855,#3856);
#3372=AXIS2_PLACEMENT_3D('',#4729,#3858,#3859);
#3373=AXIS2_PLACEMENT_3D('',#4732,#3862,#3863);
#3374=AXIS2_PLACEMENT_3D('',#4734,#3865,#3866);
#3375=AXIS2_PLACEMENT_3D('',#4736,#3868,#3869);
#3376=AXIS2_PLACEMENT_3D('',#4737,#3870,#3871);
#3377=AXIS2_PLACEMENT_3D('',#4740,#3874,#3875);
#3378=AXIS2_PLACEMENT_3D('',#4742,#3877,#3878);
#3379=AXIS2_PLACEMENT_3D('',#4744,#3880,#3881);
#3380=AXIS2_PLACEMENT_3D('',#4745,#3882,#3883);
#3381=AXIS2_PLACEMENT_3D('',#4747,#3885,#3886);
#3382=AXIS2_PLACEMENT_3D('',#4748,#3887,#3888);
#3383=AXIS2_PLACEMENT_3D('',#4757,#3893,#3894);
#3384=AXIS2_PLACEMENT_3D('',#4763,#3898,#3899);
#3385=AXIS2_PLACEMENT_3D('',#4769,#3903,#3904);
#3386=AXIS2_PLACEMENT_3D('',#4775,#3908,#3909);
#3387=AXIS2_PLACEMENT_3D('',#4781,#3913,#3914);
#3388=AXIS2_PLACEMENT_3D('',#4787,#3918,#3919);
#3389=AXIS2_PLACEMENT_3D('',#4793,#3923,#3924);
#3390=AXIS2_PLACEMENT_3D('',#4799,#3928,#3929);
#3391=AXIS2_PLACEMENT_3D('',#4805,#3933,#3934);
#3392=AXIS2_PLACEMENT_3D('',#4811,#3938,#3939);
#3393=AXIS2_PLACEMENT_3D('',#4817,#3943,#3944);
#3394=AXIS2_PLACEMENT_3D('',#4823,#3948,#3949);
#3395=AXIS2_PLACEMENT_3D('',#4829,#3953,#3954);
#3396=AXIS2_PLACEMENT_3D('',#4835,#3958,#3959);
#3397=AXIS2_PLACEMENT_3D('',#4841,#3963,#3964);
#3398=AXIS2_PLACEMENT_3D('',#4847,#3968,#3969);
#3399=AXIS2_PLACEMENT_3D('',#4853,#3973,#3974);
#3400=AXIS2_PLACEMENT_3D('',#4859,#3978,#3979);
#3401=AXIS2_PLACEMENT_3D('',#4865,#3983,#3984);
#3402=AXIS2_PLACEMENT_3D('',#4871,#3988,#3989);
#3403=AXIS2_PLACEMENT_3D('',#4877,#3993,#3994);
#3404=AXIS2_PLACEMENT_3D('',#4883,#3998,#3999);
#3405=AXIS2_PLACEMENT_3D('',#4889,#4003,#4004);
#3406=AXIS2_PLACEMENT_3D('',#4895,#4008,#4009);
#3407=AXIS2_PLACEMENT_3D('',#4901,#4013,#4014);
#3408=AXIS2_PLACEMENT_3D('',#4907,#4018,#4019);
#3409=AXIS2_PLACEMENT_3D('',#4913,#4023,#4024);
#3410=AXIS2_PLACEMENT_3D('',#4919,#4028,#4029);
#3411=AXIS2_PLACEMENT_3D('',#4925,#4033,#4034);
#3412=AXIS2_PLACEMENT_3D('',#4931,#4038,#4039);
#3413=AXIS2_PLACEMENT_3D('',#4937,#4043,#4044);
#3414=AXIS2_PLACEMENT_3D('',#4943,#4048,#4049);
#3415=AXIS2_PLACEMENT_3D('',#4949,#4053,#4054);
#3416=AXIS2_PLACEMENT_3D('',#4955,#4058,#4059);
#3417=AXIS2_PLACEMENT_3D('',#4961,#4063,#4064);
#3418=AXIS2_PLACEMENT_3D('',#4967,#4068,#4069);
#3419=AXIS2_PLACEMENT_3D('',#4973,#4073,#4074);
#3420=AXIS2_PLACEMENT_3D('',#4979,#4078,#4079);
#3421=AXIS2_PLACEMENT_3D('',#4982,#4082,#4083);
#3422=AXIS2_PLACEMENT_3D('',#4983,#4084,#4085);
#3423=AXIS2_PLACEMENT_3D('',#4984,#4086,#4087);
#3424=AXIS2_PLACEMENT_3D('',#4986,#4088,#4089);
#3425=AXIS2_PLACEMENT_3D('',#4989,#4091,#4092);
#3426=AXIS2_PLACEMENT_3D('',#4990,#4093,#4094);
#3427=AXIS2_PLACEMENT_3D('',#4991,#4095,#4096);
#3428=AXIS2_PLACEMENT_3D('',#5255,#4098,#4099);
#3429=AXIS2_PLACEMENT_3D('',#5264,#4104,#4105);
#3430=AXIS2_PLACEMENT_3D('',#5270,#4109,#4110);
#3431=AXIS2_PLACEMENT_3D('',#5276,#4114,#4115);
#3432=AXIS2_PLACEMENT_3D('',#5279,#4118,#4119);
#3433=AXIS2_PLACEMENT_3D('',#5288,#4124,#4125);
#3434=AXIS2_PLACEMENT_3D('',#5294,#4129,#4130);
#3435=AXIS2_PLACEMENT_3D('',#5300,#4134,#4135);
#3436=AXIS2_PLACEMENT_3D('',#5306,#4139,#4140);
#3437=AXIS2_PLACEMENT_3D('',#5309,#4143,#4144);
#3438=AXIS2_PLACEMENT_3D('',#5318,#4149,#4150);
#3439=AXIS2_PLACEMENT_3D('',#5324,#4154,#4155);
#3440=AXIS2_PLACEMENT_3D('',#5330,#4159,#4160);
#3441=AXIS2_PLACEMENT_3D('',#5336,#4164,#4165);
#3442=AXIS2_PLACEMENT_3D('',#5342,#4169,#4170);
#3443=AXIS2_PLACEMENT_3D('',#5348,#4174,#4175);
#3444=AXIS2_PLACEMENT_3D('',#5354,#4179,#4180);
#3445=AXIS2_PLACEMENT_3D('',#5360,#4184,#4185);
#3446=AXIS2_PLACEMENT_3D('',#5366,#4189,#4190);
#3447=AXIS2_PLACEMENT_3D('',#5372,#4194,#4195);
#3448=AXIS2_PLACEMENT_3D('',#5378,#4199,#4200);
#3449=AXIS2_PLACEMENT_3D('',#5475,#4205,#4206);
#3450=AXIS2_PLACEMENT_3D('',#5481,#4210,#4211);
#3451=AXIS2_PLACEMENT_3D('',#5487,#4215,#4216);
#3452=AXIS2_PLACEMENT_3D('',#5493,#4220,#4221);
#3453=AXIS2_PLACEMENT_3D('',#5562,#4226,#4227);
#3454=AXIS2_PLACEMENT_3D('',#5688,#4231,#4232);
#3455=AXIS2_PLACEMENT_3D('',#5689,#4233,#4234);
#3456=AXIS2_PLACEMENT_3D('',#5690,#4235,#4236);
#3457=AXIS2_PLACEMENT_3D('',#5692,#4237,#4238);
#3458=AXIS2_PLACEMENT_3D('',#5695,#4240,#4241);
#3459=AXIS2_PLACEMENT_3D('',#5696,#4242,#4243);
#3460=AXIS2_PLACEMENT_3D('',#5697,#4244,#4245);
#3461=AXIS2_PLACEMENT_3D('',#5698,#4246,#4247);
#3462=AXIS2_PLACEMENT_3D('',#5707,#4252,#4253);
#3463=AXIS2_PLACEMENT_3D('',#5713,#4257,#4258);
#3464=AXIS2_PLACEMENT_3D('',#5717,#4261,#4262);
#3465=AXIS2_PLACEMENT_3D('',#5721,#4265,#4266);
#3466=AXIS2_PLACEMENT_3D('',#5723,#4268,#4269);
#3467=DIRECTION('axis',(0.,0.,1.));
#3468=DIRECTION('refdir',(1.,0.,0.));
#3469=DIRECTION('center_axis',(0.,1.,0.));
#3470=DIRECTION('ref_axis',(-0.707106781186547,0.,-0.707106781186547));
#3471=DIRECTION('center_axis',(0.,-1.,0.));
#3472=DIRECTION('ref_axis',(-0.707106781186547,0.,-0.707106781186547));
#3473=DIRECTION('',(0.,-1.,0.));
#3474=DIRECTION('center_axis',(0.,1.,0.));
#3475=DIRECTION('ref_axis',(-0.707106781186547,0.,-0.707106781186547));
#3476=DIRECTION('',(0.,1.,0.));
#3477=DIRECTION('center_axis',(0.,1.,0.));
#3478=DIRECTION('ref_axis',(1.,0.,0.));
#3479=DIRECTION('',(0.,0.,1.));
#3480=DIRECTION('center_axis',(0.,-1.,0.));
#3481=DIRECTION('ref_axis',(-0.707106781186547,0.,0.707106781186547));
#3482=DIRECTION('',(1.,0.,-1.94137359497295E-16));
#3483=DIRECTION('center_axis',(0.,-1.,0.));
#3484=DIRECTION('ref_axis',(0.707106781186547,0.,0.707106781186547));
#3485=DIRECTION('',(-8.18597621843434E-17,0.,-1.));
#3486=DIRECTION('center_axis',(0.,-1.,0.));
#3487=DIRECTION('ref_axis',(0.707106781186547,0.,-0.707106781186547));
#3488=DIRECTION('',(-1.,0.,-1.94137359497295E-16));
#3489=DIRECTION('center_axis',(0.,-1.,0.));
#3490=DIRECTION('ref_axis',(1.,0.,0.));
#3491=DIRECTION('center_axis',(0.,-1.,0.));
#3492=DIRECTION('ref_axis',(1.,0.,0.));
#3493=DIRECTION('',(1.,0.,0.));
#3494=DIRECTION('',(1.00359143468941E-16,0.,1.));
#3495=DIRECTION('',(-1.,0.,1.24220758000017E-16));
#3496=DIRECTION('',(-1.00359143468941E-16,0.,-1.));
#3497=DIRECTION('center_axis',(0.,-1.,0.));
#3498=DIRECTION('ref_axis',(1.,0.,0.));
#3499=DIRECTION('center_axis',(0.,-1.,0.));
#3500=DIRECTION('ref_axis',(1.,0.,0.));
#3501=DIRECTION('center_axis',(-1.,0.,0.));
#3502=DIRECTION('ref_axis',(0.,0.,1.));
#3503=DIRECTION('',(0.,0.,1.));
#3504=DIRECTION('',(0.,-1.,0.));
#3505=DIRECTION('center_axis',(0.,1.,0.));
#3506=DIRECTION('ref_axis',(-0.707106781186547,0.,0.707106781186547));
#3507=DIRECTION('center_axis',(0.,1.,0.));
#3508=DIRECTION('ref_axis',(-0.707106781186547,0.,0.707106781186547));
#3509=DIRECTION('',(0.,1.,0.));
#3510=DIRECTION('center_axis',(0.,1.,0.));
#3511=DIRECTION('ref_axis',(0.707106781186547,0.,-0.707106781186547));
#3512=DIRECTION('',(0.,-1.,0.));
#3513=DIRECTION('center_axis',(0.,1.,0.));
#3514=DIRECTION('ref_axis',(0.707106781186547,0.,-0.707106781186547));
#3515=DIRECTION('',(0.,1.,0.));
#3516=DIRECTION('center_axis',(0.,1.,0.));
#3517=DIRECTION('ref_axis',(1.,0.,0.));
#3518=DIRECTION('',(-1.,0.,-1.94137359497295E-16));
#3519=DIRECTION('',(-8.18597621843434E-17,0.,-1.));
#3520=DIRECTION('center_axis',(0.,1.,0.));
#3521=DIRECTION('ref_axis',(0.707106781186547,0.,0.707106781186547));
#3522=DIRECTION('',(1.,0.,-1.94137359497295E-16));
#3523=DIRECTION('center_axis',(0.,1.,0.));
#3524=DIRECTION('ref_axis',(1.,0.,0.));
#3525=DIRECTION('center_axis',(0.,1.,0.));
#3526=DIRECTION('ref_axis',(1.,0.,0.));
#3527=DIRECTION('center_axis',(0.,1.,0.));
#3528=DIRECTION('ref_axis',(1.,0.,0.));
#3529=DIRECTION('center_axis',(0.,1.,0.));
#3530=DIRECTION('ref_axis',(1.,0.,0.));
#3531=DIRECTION('center_axis',(1.,0.,-8.18597621843434E-17));
#3532=DIRECTION('ref_axis',(-8.18597621843434E-17,0.,-1.));
#3533=DIRECTION('',(0.,1.,0.));
#3534=DIRECTION('center_axis',(0.,1.,0.));
#3535=DIRECTION('ref_axis',(0.707106781186547,0.,0.707106781186547));
#3536=DIRECTION('',(0.,-1.,0.));
#3537=DIRECTION('center_axis',(-1.24220758000017E-16,0.,-1.));
#3538=DIRECTION('ref_axis',(-1.,0.,1.24220758000017E-16));
#3539=DIRECTION('',(1.,0.,-1.24220758000017E-16));
#3540=DIRECTION('',(0.,1.,0.));
#3541=DIRECTION('',(0.,1.,0.));
#3542=DIRECTION('center_axis',(1.,0.,-1.00359143468941E-16));
#3543=DIRECTION('ref_axis',(-1.00359143468941E-16,0.,-1.));
#3544=DIRECTION('',(1.00359143468941E-16,0.,1.));
#3545=DIRECTION('',(0.,1.,0.));
#3546=DIRECTION('center_axis',(0.,1.,0.));
#3547=DIRECTION('ref_axis',(1.,0.,0.));
#3548=DIRECTION('',(0.,-1.,0.));
#3549=DIRECTION('center_axis',(0.,1.,0.));
#3550=DIRECTION('ref_axis',(1.,0.,0.));
#3551=DIRECTION('',(0.,-1.,0.));
#3552=DIRECTION('center_axis',(0.,1.,0.));
#3553=DIRECTION('ref_axis',(1.,0.,0.));
#3554=DIRECTION('',(0.,-1.,0.));
#3555=DIRECTION('center_axis',(0.,1.,0.));
#3556=DIRECTION('ref_axis',(1.,0.,0.));
#3557=DIRECTION('',(0.,-1.,0.));
#3558=DIRECTION('center_axis',(-1.,0.,1.00359143468941E-16));
#3559=DIRECTION('ref_axis',(1.00359143468941E-16,0.,1.));
#3560=DIRECTION('',(-1.00359143468941E-16,0.,-1.));
#3561=DIRECTION('',(0.,1.,0.));
#3562=DIRECTION('center_axis',(0.,0.,1.));
#3563=DIRECTION('ref_axis',(1.,0.,0.));
#3564=DIRECTION('',(-1.,0.,0.));
#3565=DIRECTION('center_axis',(0.,1.,0.));
#3566=DIRECTION('ref_axis',(0.,0.,1.));
#3567=DIRECTION('center_axis',(1.94137359497295E-16,0.,1.));
#3568=DIRECTION('ref_axis',(1.,0.,-1.94137359497295E-16));
#3569=DIRECTION('center_axis',(1.94137359497295E-16,0.,-1.));
#3570=DIRECTION('ref_axis',(-1.,0.,-1.94137359497295E-16));
#3571=DIRECTION('center_axis',(-1.,0.,0.));
#3572=DIRECTION('ref_axis',(0.,1.,0.));
#3573=DIRECTION('center_axis',(0.,1.,0.));
#3574=DIRECTION('ref_axis',(-0.707106781186547,0.,-0.707106781186547));
#3575=DIRECTION('center_axis',(0.,0.,-1.));
#3576=DIRECTION('ref_axis',(-1.,0.,0.));
#3577=DIRECTION('center_axis',(0.,-1.,0.));
#3578=DIRECTION('ref_axis',(-0.707106781186547,0.,-0.707106781186547));
#3579=DIRECTION('center_axis',(0.,1.,0.));
#3580=DIRECTION('ref_axis',(-0.707106781186547,0.,-0.707106781186547));
#3581=DIRECTION('center_axis',(0.,1.,0.));
#3582=DIRECTION('ref_axis',(-0.707106781186547,0.,-0.707106781186547));
#3583=DIRECTION('',(0.,1.,0.));
#3584=DIRECTION('',(0.,-1.,0.));
#3585=DIRECTION('center_axis',(0.,0.,1.));
#3586=DIRECTION('ref_axis',(-0.707106781186547,0.707106781186547,0.));
#3587=DIRECTION('',(0.,0.,1.));
#3588=DIRECTION('center_axis',(0.,0.,1.));
#3589=DIRECTION('ref_axis',(0.,1.,0.));
#3590=DIRECTION('',(0.,0.,-1.));
#3591=DIRECTION('center_axis',(-1.,0.,0.));
#3592=DIRECTION('ref_axis',(0.,0.,1.));
#3593=DIRECTION('',(0.,0.,1.));
#3594=DIRECTION('',(0.,-1.,0.));
#3595=DIRECTION('center_axis',(0.,1.,0.));
#3596=DIRECTION('ref_axis',(1.,0.,0.));
#3597=DIRECTION('',(-1.,0.,-1.94137359497295E-16));
#3598=DIRECTION('center_axis',(0.,1.,0.));
#3599=DIRECTION('ref_axis',(0.707106781186547,0.,-0.707106781186547));
#3600=DIRECTION('',(-8.18597621843434E-17,0.,-1.));
#3601=DIRECTION('center_axis',(0.,1.,0.));
#3602=DIRECTION('ref_axis',(0.707106781186547,0.,0.707106781186547));
#3603=DIRECTION('',(1.,0.,-1.94137359497295E-16));
#3604=DIRECTION('center_axis',(0.,1.,0.));
#3605=DIRECTION('ref_axis',(-0.707106781186547,0.,0.707106781186547));
#3606=DIRECTION('center_axis',(0.,-1.,0.));
#3607=DIRECTION('ref_axis',(1.,0.,0.));
#3608=DIRECTION('',(-1.,0.,0.));
#3609=DIRECTION('',(0.,0.,1.));
#3610=DIRECTION('',(1.,0.,0.));
#3611=DIRECTION('',(0.,0.,-1.));
#3612=DIRECTION('',(3.0626842058625E-16,0.,1.));
#3613=DIRECTION('',(1.,0.,-3.0626842058625E-16));
#3614=DIRECTION('',(-3.16622279538514E-16,0.,-1.));
#3615=DIRECTION('',(-1.,0.,2.84901330992154E-16));
#3616=DIRECTION('center_axis',(0.,-1.,0.));
#3617=DIRECTION('ref_axis',(1.,0.,0.));
#3618=DIRECTION('center_axis',(0.,-1.,0.));
#3619=DIRECTION('ref_axis',(1.,0.,0.));
#3620=DIRECTION('',(-1.,0.,0.));
#3621=DIRECTION('',(0.,0.,1.));
#3622=DIRECTION('',(1.,0.,0.));
#3623=DIRECTION('',(0.,0.,-1.));
#3624=DIRECTION('',(1.,0.,0.));
#3625=DIRECTION('',(0.,0.,-1.));
#3626=DIRECTION('',(-1.,0.,0.));
#3627=DIRECTION('',(0.,0.,1.));
#3628=DIRECTION('center_axis',(0.,-1.,0.));
#3629=DIRECTION('ref_axis',(1.,0.,0.));
#3630=DIRECTION('',(-1.,0.,0.));
#3631=DIRECTION('',(0.,0.,1.));
#3632=DIRECTION('',(1.,0.,0.));
#3633=DIRECTION('',(0.,0.,-1.));
#3634=DIRECTION('',(1.,0.,0.));
#3635=DIRECTION('',(0.,0.,-1.));
#3636=DIRECTION('',(-1.,0.,0.));
#3637=DIRECTION('',(0.,0.,1.));
#3638=DIRECTION('',(-1.,0.,0.));
#3639=DIRECTION('',(0.,0.,1.));
#3640=DIRECTION('',(1.,0.,0.));
#3641=DIRECTION('',(0.,0.,-1.));
#3642=DIRECTION('',(-1.,0.,9.36649547313875E-17));
#3643=DIRECTION('',(0.,0.,1.));
#3644=DIRECTION('',(1.,0.,0.));
#3645=DIRECTION('',(0.,0.,-1.));
#3646=DIRECTION('',(-1.,0.,0.));
#3647=DIRECTION('',(-1.06409350631604E-16,0.,1.));
#3648=DIRECTION('',(1.,0.,0.));
#3649=DIRECTION('',(0.,0.,-1.));
#3650=DIRECTION('',(-3.16622279538514E-16,0.,-1.));
#3651=DIRECTION('',(-1.,0.,0.));
#3652=DIRECTION('',(0.,0.,1.));
#3653=DIRECTION('',(1.,0.,0.));
#3654=DIRECTION('center_axis',(0.,1.,0.));
#3655=DIRECTION('ref_axis',(-0.707106781186547,0.,0.707106781186547));
#3656=DIRECTION('center_axis',(-1.,0.,0.));
#3657=DIRECTION('ref_axis',(0.,0.,1.));
#3658=DIRECTION('center_axis',(0.,-1.,0.));
#3659=DIRECTION('ref_axis',(-0.707106781186547,0.,0.707106781186547));
#3660=DIRECTION('center_axis',(0.,1.,0.));
#3661=DIRECTION('ref_axis',(-0.707106781186547,0.,0.707106781186547));
#3662=DIRECTION('',(0.,1.,0.));
#3663=DIRECTION('center_axis',(1.,0.,-1.94137359497295E-16));
#3664=DIRECTION('ref_axis',(0.,0.707106781186547,0.707106781186547));
#3665=DIRECTION('',(1.,0.,-1.94137359497295E-16));
#3666=DIRECTION('center_axis',(1.,0.,0.));
#3667=DIRECTION('ref_axis',(0.,1.,0.));
#3668=DIRECTION('',(-1.,0.,1.94137359497295E-16));
#3669=DIRECTION('center_axis',(1.94137359497295E-16,0.,1.));
#3670=DIRECTION('ref_axis',(1.,0.,-1.94137359497295E-16));
#3671=DIRECTION('',(0.,-1.,0.));
#3672=DIRECTION('center_axis',(0.,0.,-1.));
#3673=DIRECTION('ref_axis',(0.,1.,0.));
#3674=DIRECTION('center_axis',(0.,1.,0.));
#3675=DIRECTION('ref_axis',(0.707106781186547,0.,-0.707106781186547));
#3676=DIRECTION('center_axis',(1.,0.,0.));
#3677=DIRECTION('ref_axis',(0.,0.,-1.));
#3678=DIRECTION('center_axis',(0.,-1.,0.));
#3679=DIRECTION('ref_axis',(0.707106781186547,0.,-0.707106781186547));
#3680=DIRECTION('center_axis',(0.,1.,0.));
#3681=DIRECTION('ref_axis',(0.707106781186547,0.,-0.707106781186547));
#3682=DIRECTION('',(0.,1.,0.));
#3683=DIRECTION('',(0.,-1.,0.));
#3684=DIRECTION('center_axis',(-1.,0.,-1.94137359497295E-16));
#3685=DIRECTION('ref_axis',(0.,0.707106781186547,-0.707106781186547));
#3686=DIRECTION('',(1.,0.,1.94137359497295E-16));
#3687=DIRECTION('',(-1.,0.,-1.94137359497295E-16));
#3688=DIRECTION('center_axis',(1.94137359497295E-16,0.,-1.));
#3689=DIRECTION('ref_axis',(-1.,0.,-1.94137359497295E-16));
#3690=DIRECTION('center_axis',(0.,1.,0.));
#3691=DIRECTION('ref_axis',(0.707106781186547,0.,0.707106781186547));
#3692=DIRECTION('center_axis',(0.,0.,1.));
#3693=DIRECTION('ref_axis',(1.,0.,0.));
#3694=DIRECTION('center_axis',(0.,-1.,0.));
#3695=DIRECTION('ref_axis',(0.707106781186547,0.,0.707106781186547));
#3696=DIRECTION('center_axis',(0.,1.,0.));
#3697=DIRECTION('ref_axis',(0.707106781186547,0.,0.707106781186547));
#3698=DIRECTION('',(0.,1.,0.));
#3699=DIRECTION('center_axis',(-8.18597621843434E-17,0.,-1.));
#3700=DIRECTION('ref_axis',(0.707106781186547,0.707106781186547,0.));
#3701=DIRECTION('',(8.18597621843434E-17,0.,1.));
#3702=DIRECTION('',(-8.18597621843434E-17,0.,-1.));
#3703=DIRECTION('center_axis',(0.,1.,0.));
#3704=DIRECTION('ref_axis',(1.,0.,0.));
#3705=DIRECTION('',(-3.16622279538514E-16,0.,-1.));
#3706=DIRECTION('',(1.,0.,0.));
#3707=DIRECTION('',(0.,0.,1.));
#3708=DIRECTION('',(-1.,0.,0.));
#3709=DIRECTION('',(-1.,0.,0.));
#3710=DIRECTION('',(0.,0.,-1.));
#3711=DIRECTION('',(1.,0.,0.));
#3712=DIRECTION('',(-1.06409350631604E-16,0.,1.));
#3713=DIRECTION('',(-1.,0.,9.36649547313875E-17));
#3714=DIRECTION('',(0.,0.,-1.));
#3715=DIRECTION('',(1.,0.,0.));
#3716=DIRECTION('',(0.,0.,1.));
#3717=DIRECTION('',(-1.,0.,0.));
#3718=DIRECTION('',(0.,0.,-1.));
#3719=DIRECTION('',(1.,0.,0.));
#3720=DIRECTION('',(0.,0.,1.));
#3721=DIRECTION('',(1.,0.,0.));
#3722=DIRECTION('',(0.,0.,1.));
#3723=DIRECTION('',(-1.,0.,0.));
#3724=DIRECTION('',(0.,0.,-1.));
#3725=DIRECTION('',(-1.,0.,0.));
#3726=DIRECTION('',(0.,0.,-1.));
#3727=DIRECTION('',(1.,0.,0.));
#3728=DIRECTION('',(0.,0.,1.));
#3729=DIRECTION('center_axis',(0.,-1.,0.));
#3730=DIRECTION('ref_axis',(1.,0.,0.));
#3731=DIRECTION('',(1.,0.,0.));
#3732=DIRECTION('',(0.,0.,1.));
#3733=DIRECTION('',(-1.,0.,0.));
#3734=DIRECTION('',(0.,0.,-1.));
#3735=DIRECTION('',(-1.,0.,0.));
#3736=DIRECTION('',(0.,0.,-1.));
#3737=DIRECTION('',(1.,0.,0.));
#3738=DIRECTION('',(0.,0.,1.));
#3739=DIRECTION('center_axis',(0.,-1.,0.));
#3740=DIRECTION('ref_axis',(1.,0.,0.));
#3741=DIRECTION('center_axis',(0.,-1.,0.));
#3742=DIRECTION('ref_axis',(1.,0.,0.));
#3743=DIRECTION('',(3.0626842058625E-16,0.,1.));
#3744=DIRECTION('',(-1.,0.,2.84901330992154E-16));
#3745=DIRECTION('',(-3.16622279538514E-16,0.,-1.));
#3746=DIRECTION('',(1.,0.,-3.0626842058625E-16));
#3747=DIRECTION('',(-1.,0.,0.));
#3748=DIRECTION('',(0.,0.,-1.));
#3749=DIRECTION('',(1.,0.,0.));
#3750=DIRECTION('',(0.,0.,1.));
#3751=DIRECTION('center_axis',(0.,-1.,0.));
#3752=DIRECTION('ref_axis',(1.,0.,0.));
#3753=DIRECTION('center_axis',(0.,0.,-1.));
#3754=DIRECTION('ref_axis',(-1.,0.,0.));
#3755=DIRECTION('',(0.,1.,0.));
#3756=DIRECTION('',(0.,1.,0.));
#3757=DIRECTION('center_axis',(-1.,0.,0.));
#3758=DIRECTION('ref_axis',(0.,0.,1.));
#3759=DIRECTION('',(0.,1.,0.));
#3760=DIRECTION('center_axis',(0.,0.,1.));
#3761=DIRECTION('ref_axis',(1.,0.,0.));
#3762=DIRECTION('',(0.,1.,0.));
#3763=DIRECTION('center_axis',(1.,0.,-3.16622279538514E-16));
#3764=DIRECTION('ref_axis',(-3.16622279538514E-16,0.,-1.));
#3765=DIRECTION('center_axis',(-1.,0.,-1.06409350631604E-16));
#3766=DIRECTION('ref_axis',(-1.06409350631604E-16,0.,1.));
#3767=DIRECTION('',(0.,1.,0.));
#3768=DIRECTION('',(0.,1.,0.));
#3769=DIRECTION('center_axis',(0.,0.,1.));
#3770=DIRECTION('ref_axis',(1.,0.,0.));
#3771=DIRECTION('',(0.,1.,0.));
#3772=DIRECTION('center_axis',(1.,0.,0.));
#3773=DIRECTION('ref_axis',(0.,0.,-1.));
#3774=DIRECTION('',(0.,1.,0.));
#3775=DIRECTION('center_axis',(0.,0.,-1.));
#3776=DIRECTION('ref_axis',(-1.,0.,0.));
#3777=DIRECTION('center_axis',(-1.,0.,0.));
#3778=DIRECTION('ref_axis',(0.,0.,1.));
#3779=DIRECTION('',(0.,1.,0.));
#3780=DIRECTION('',(0.,1.,0.));
#3781=DIRECTION('center_axis',(0.,0.,1.));
#3782=DIRECTION('ref_axis',(1.,0.,0.));
#3783=DIRECTION('',(0.,1.,0.));
#3784=DIRECTION('center_axis',(1.,0.,0.));
#3785=DIRECTION('ref_axis',(0.,0.,-1.));
#3786=DIRECTION('',(0.,1.,0.));
#3787=DIRECTION('center_axis',(-9.36649547313875E-17,0.,-1.));
#3788=DIRECTION('ref_axis',(-1.,0.,9.36649547313875E-17));
#3789=DIRECTION('center_axis',(-1.,0.,0.));
#3790=DIRECTION('ref_axis',(0.,0.,1.));
#3791=DIRECTION('',(0.,1.,0.));
#3792=DIRECTION('',(0.,1.,0.));
#3793=DIRECTION('center_axis',(0.,0.,1.));
#3794=DIRECTION('ref_axis',(1.,0.,0.));
#3795=DIRECTION('',(0.,1.,0.));
#3796=DIRECTION('center_axis',(1.,0.,0.));
#3797=DIRECTION('ref_axis',(0.,0.,-1.));
#3798=DIRECTION('',(0.,1.,0.));
#3799=DIRECTION('center_axis',(0.,0.,-1.));
#3800=DIRECTION('ref_axis',(-1.,0.,0.));
#3801=DIRECTION('center_axis',(1.,0.,0.));
#3802=DIRECTION('ref_axis',(0.,0.,-1.));
#3803=DIRECTION('',(0.,1.,0.));
#3804=DIRECTION('',(0.,1.,0.));
#3805=DIRECTION('center_axis',(0.,0.,-1.));
#3806=DIRECTION('ref_axis',(-1.,0.,0.));
#3807=DIRECTION('',(0.,1.,0.));
#3808=DIRECTION('center_axis',(-1.,0.,0.));
#3809=DIRECTION('ref_axis',(0.,0.,1.));
#3810=DIRECTION('',(0.,1.,0.));
#3811=DIRECTION('center_axis',(0.,0.,1.));
#3812=DIRECTION('ref_axis',(1.,0.,0.));
#3813=DIRECTION('center_axis',(-1.,0.,0.));
#3814=DIRECTION('ref_axis',(0.,0.,1.));
#3815=DIRECTION('',(0.,1.,0.));
#3816=DIRECTION('',(0.,1.,0.));
#3817=DIRECTION('center_axis',(0.,0.,1.));
#3818=DIRECTION('ref_axis',(1.,0.,0.));
#3819=DIRECTION('',(0.,1.,0.));
#3820=DIRECTION('center_axis',(1.,0.,0.));
#3821=DIRECTION('ref_axis',(0.,0.,-1.));
#3822=DIRECTION('',(0.,1.,0.));
#3823=DIRECTION('center_axis',(0.,0.,-1.));
#3824=DIRECTION('ref_axis',(-1.,0.,0.));
#3825=DIRECTION('center_axis',(0.,1.,0.));
#3826=DIRECTION('ref_axis',(1.,0.,0.));
#3827=DIRECTION('',(0.,-1.,0.));
#3828=DIRECTION('center_axis',(1.,0.,0.));
#3829=DIRECTION('ref_axis',(0.,0.,-1.));
#3830=DIRECTION('',(0.,1.,0.));
#3831=DIRECTION('',(0.,1.,0.));
#3832=DIRECTION('center_axis',(0.,0.,-1.));
#3833=DIRECTION('ref_axis',(-1.,0.,0.));
#3834=DIRECTION('',(0.,1.,0.));
#3835=DIRECTION('center_axis',(-1.,0.,0.));
#3836=DIRECTION('ref_axis',(0.,0.,1.));
#3837=DIRECTION('',(0.,1.,0.));
#3838=DIRECTION('center_axis',(0.,0.,1.));
#3839=DIRECTION('ref_axis',(1.,0.,0.));
#3840=DIRECTION('center_axis',(-1.,0.,0.));
#3841=DIRECTION('ref_axis',(0.,0.,1.));
#3842=DIRECTION('',(0.,1.,0.));
#3843=DIRECTION('',(0.,1.,0.));
#3844=DIRECTION('center_axis',(0.,0.,1.));
#3845=DIRECTION('ref_axis',(1.,0.,0.));
#3846=DIRECTION('',(0.,1.,0.));
#3847=DIRECTION('center_axis',(1.,0.,0.));
#3848=DIRECTION('ref_axis',(0.,0.,-1.));
#3849=DIRECTION('',(0.,1.,0.));
#3850=DIRECTION('center_axis',(0.,0.,-1.));
#3851=DIRECTION('ref_axis',(-1.,0.,0.));
#3852=DIRECTION('center_axis',(0.,1.,0.));
#3853=DIRECTION('ref_axis',(1.,0.,0.));
#3854=DIRECTION('',(0.,-1.,0.));
#3855=DIRECTION('center_axis',(0.,1.,0.));
#3856=DIRECTION('ref_axis',(1.,0.,0.));
#3857=DIRECTION('',(0.,-1.,0.));
#3858=DIRECTION('center_axis',(3.0626842058625E-16,0.,1.));
#3859=DIRECTION('ref_axis',(1.,0.,-3.0626842058625E-16));
#3860=DIRECTION('',(0.,1.,0.));
#3861=DIRECTION('',(0.,1.,0.));
#3862=DIRECTION('center_axis',(1.,0.,-3.16622279538514E-16));
#3863=DIRECTION('ref_axis',(-3.16622279538514E-16,0.,-1.));
#3864=DIRECTION('',(0.,1.,0.));
#3865=DIRECTION('center_axis',(-2.84901330992154E-16,0.,-1.));
#3866=DIRECTION('ref_axis',(-1.,0.,2.84901330992154E-16));
#3867=DIRECTION('',(0.,1.,0.));
#3868=DIRECTION('center_axis',(-1.,0.,3.0626842058625E-16));
#3869=DIRECTION('ref_axis',(3.0626842058625E-16,0.,1.));
#3870=DIRECTION('center_axis',(-1.,0.,0.));
#3871=DIRECTION('ref_axis',(0.,0.,1.));
#3872=DIRECTION('',(0.,1.,0.));
#3873=DIRECTION('',(0.,1.,0.));
#3874=DIRECTION('center_axis',(0.,0.,1.));
#3875=DIRECTION('ref_axis',(1.,0.,0.));
#3876=DIRECTION('',(0.,1.,0.));
#3877=DIRECTION('center_axis',(1.,0.,0.));
#3878=DIRECTION('ref_axis',(0.,0.,-1.));
#3879=DIRECTION('',(0.,1.,0.));
#3880=DIRECTION('center_axis',(0.,0.,-1.));
#3881=DIRECTION('ref_axis',(-1.,0.,0.));
#3882=DIRECTION('center_axis',(0.,1.,0.));
#3883=DIRECTION('ref_axis',(1.,0.,0.));
#3884=DIRECTION('',(0.,-1.,0.));
#3885=DIRECTION('center_axis',(1.,0.,-8.18597621843434E-17));
#3886=DIRECTION('ref_axis',(-8.18597621843434E-17,0.,-1.));
#3887=DIRECTION('center_axis',(0.768221279597376,0.,0.64018439966448));
#3888=DIRECTION('ref_axis',(0.64018439966448,0.,-0.768221279597376));
#3889=DIRECTION('',(0.64018439966448,0.,-0.768221279597376));
#3890=DIRECTION('',(0.,1.,0.));
#3891=DIRECTION('',(0.64018439966448,0.,-0.768221279597376));
#3892=DIRECTION('',(0.,1.,0.));
#3893=DIRECTION('center_axis',(-0.701595220764007,0.,0.712575712609617));
#3894=DIRECTION('ref_axis',(0.712575712609617,0.,0.701595220764007));
#3895=DIRECTION('',(-0.712575712609617,0.,-0.701595220764007));
#3896=DIRECTION('',(0.712575712609617,0.,0.701595220764007));
#3897=DIRECTION('',(0.,1.,0.));
#3898=DIRECTION('center_axis',(-1.,0.,-2.22044604925031E-16));
#3899=DIRECTION('ref_axis',(-2.22044604925031E-16,0.,1.));
#3900=DIRECTION('',(-2.22044604925031E-16,0.,1.));
#3901=DIRECTION('',(-2.22044604925031E-16,0.,1.));
#3902=DIRECTION('',(0.,1.,0.));
#3903=DIRECTION('center_axis',(0.450979700054911,0.,-0.892534206704921));
#3904=DIRECTION('ref_axis',(-0.892534206704921,0.,-0.450979700054911));
#3905=DIRECTION('',(-0.892534206704921,0.,-0.450979700054911));
#3906=DIRECTION('',(-0.892534206704921,0.,-0.450979700054911));
#3907=DIRECTION('',(0.,1.,0.));
#3908=DIRECTION('center_axis',(-1.,0.,-2.22044604925031E-16));
#3909=DIRECTION('ref_axis',(-2.22044604925031E-16,0.,1.));
#3910=DIRECTION('',(-2.22044604925031E-16,0.,1.));
#3911=DIRECTION('',(-2.22044604925031E-16,0.,1.));
#3912=DIRECTION('',(0.,1.,0.));
#3913=DIRECTION('center_axis',(0.72037123438476,0.,-0.693588699930281));
#3914=DIRECTION('ref_axis',(-0.693588699930281,0.,-0.72037123438476));
#3915=DIRECTION('',(-0.693588699930281,0.,-0.72037123438476));
#3916=DIRECTION('',(-0.693588699930281,0.,-0.72037123438476));
#3917=DIRECTION('',(0.,1.,0.));
#3918=DIRECTION('center_axis',(-0.974097200243352,0.,-0.22612970719935));
#3919=DIRECTION('ref_axis',(-0.22612970719935,0.,0.974097200243352));
#3920=DIRECTION('',(-0.22612970719935,0.,0.974097200243352));
#3921=DIRECTION('',(-0.22612970719935,0.,0.974097200243352));
#3922=DIRECTION('',(0.,1.,0.));
#3923=DIRECTION('center_axis',(0.72037123438476,0.,-0.693588699930281));
#3924=DIRECTION('ref_axis',(-0.693588699930281,0.,-0.72037123438476));
#3925=DIRECTION('',(-0.693588699930281,0.,-0.72037123438476));
#3926=DIRECTION('',(-0.693588699930281,0.,-0.72037123438476));
#3927=DIRECTION('',(0.,1.,0.));
#3928=DIRECTION('center_axis',(-0.879861540632323,0.,-0.475230122483955));
#3929=DIRECTION('ref_axis',(-0.475230122483954,0.,0.879861540632323));
#3930=DIRECTION('',(-0.475230122483954,0.,0.879861540632323));
#3931=DIRECTION('',(-0.475230122483954,0.,0.879861540632323));
#3932=DIRECTION('',(0.,1.,0.));
#3933=DIRECTION('center_axis',(0.85348742930125,0.,-0.521113431053878));
#3934=DIRECTION('ref_axis',(-0.521113431053878,0.,-0.853487429301249));
#3935=DIRECTION('',(-0.521113431053878,0.,-0.853487429301249));
#3936=DIRECTION('',(-0.521113431053878,0.,-0.853487429301249));
#3937=DIRECTION('',(0.,1.,0.));
#3938=DIRECTION('center_axis',(-0.879861540632323,0.,-0.475230122483954));
#3939=DIRECTION('ref_axis',(-0.475230122483954,0.,0.879861540632323));
#3940=DIRECTION('',(-0.475230122483954,0.,0.879861540632323));
#3941=DIRECTION('',(-0.475230122483954,0.,0.879861540632323));
#3942=DIRECTION('',(0.,1.,0.));
#3943=DIRECTION('center_axis',(0.957314588747739,0.,-0.28904805512362));
#3944=DIRECTION('ref_axis',(-0.28904805512362,0.,-0.957314588747739));
#3945=DIRECTION('',(-0.28904805512362,0.,-0.957314588747739));
#3946=DIRECTION('',(-0.28904805512362,0.,-0.957314588747739));
#3947=DIRECTION('',(0.,1.,0.));
#3948=DIRECTION('center_axis',(-0.627752451189781,0.,-0.77841303947533));
#3949=DIRECTION('ref_axis',(-0.77841303947533,0.,0.627752451189781));
#3950=DIRECTION('',(-0.77841303947533,0.,0.627752451189781));
#3951=DIRECTION('',(-0.77841303947533,0.,0.627752451189781));
#3952=DIRECTION('',(0.,1.,0.));
#3953=DIRECTION('center_axis',(0.994834142531266,0.,-0.101513688013394));
#3954=DIRECTION('ref_axis',(-0.101513688013394,0.,-0.994834142531266));
#3955=DIRECTION('',(-0.101513688013394,0.,-0.994834142531266));
#3956=DIRECTION('',(-0.101513688013394,0.,-0.994834142531266));
#3957=DIRECTION('',(0.,1.,0.));
#3958=DIRECTION('center_axis',(-0.627752451189781,0.,-0.77841303947533));
#3959=DIRECTION('ref_axis',(-0.77841303947533,0.,0.627752451189781));
#3960=DIRECTION('',(-0.77841303947533,0.,0.627752451189781));
#3961=DIRECTION('',(-0.77841303947533,0.,0.627752451189781));
#3962=DIRECTION('',(0.,1.,0.));
#3963=DIRECTION('center_axis',(0.994834142531266,0.,-0.101513688013394));
#3964=DIRECTION('ref_axis',(-0.101513688013394,0.,-0.994834142531266));
#3965=DIRECTION('',(-0.101513688013394,0.,-0.994834142531266));
#3966=DIRECTION('',(-0.101513688013394,0.,-0.994834142531266));
#3967=DIRECTION('',(0.,1.,0.));
#3968=DIRECTION('center_axis',(-0.627752451189781,0.,-0.77841303947533));
#3969=DIRECTION('ref_axis',(-0.77841303947533,0.,0.627752451189781));
#3970=DIRECTION('',(-0.77841303947533,0.,0.627752451189781));
#3971=DIRECTION('',(-0.77841303947533,0.,0.627752451189781));
#3972=DIRECTION('',(0.,1.,0.));
#3973=DIRECTION('center_axis',(0.987440631916705,0.,0.157990501106674));
#3974=DIRECTION('ref_axis',(0.157990501106674,0.,-0.987440631916705));
#3975=DIRECTION('',(0.157990501106674,0.,-0.987440631916705));
#3976=DIRECTION('',(0.157990501106674,0.,-0.987440631916705));
#3977=DIRECTION('',(0.,1.,0.));
#3978=DIRECTION('center_axis',(-0.212429644331043,0.,-0.977176363922801));
#3979=DIRECTION('ref_axis',(-0.977176363922801,0.,0.212429644331043));
#3980=DIRECTION('',(-0.977176363922801,0.,0.212429644331043));
#3981=DIRECTION('',(-0.977176363922801,0.,0.212429644331043));
#3982=DIRECTION('',(0.,1.,0.));
#3983=DIRECTION('center_axis',(0.823878129020632,0.,0.566766996676291));
#3984=DIRECTION('ref_axis',(0.566766996676291,0.,-0.823878129020632));
#3985=DIRECTION('',(0.566766996676291,0.,-0.823878129020632));
#3986=DIRECTION('',(0.566766996676291,0.,-0.823878129020632));
#3987=DIRECTION('',(0.,1.,0.));
#3988=DIRECTION('center_axis',(-1.,0.,-2.22044604925031E-16));
#3989=DIRECTION('ref_axis',(-2.22044604925031E-16,0.,1.));
#3990=DIRECTION('',(-2.22044604925031E-16,0.,1.));
#3991=DIRECTION('',(-2.22044604925031E-16,0.,1.));
#3992=DIRECTION('',(0.,1.,0.));
#3993=DIRECTION('center_axis',(0.701281230168311,0.,0.712884728559688));
#3994=DIRECTION('ref_axis',(0.712884728559688,0.,-0.701281230168311));
#3995=DIRECTION('',(0.712884728559688,0.,-0.701281230168311));
#3996=DIRECTION('',(0.712884728559688,0.,-0.701281230168311));
#3997=DIRECTION('',(0.,1.,0.));
#3998=DIRECTION('center_axis',(-0.941771565470665,0.,0.336253354586884));
#3999=DIRECTION('ref_axis',(0.336253354586884,0.,0.941771565470665));
#4000=DIRECTION('',(0.336253354586884,0.,0.941771565470665));
#4001=DIRECTION('',(0.336253354586884,0.,0.941771565470665));
#4002=DIRECTION('',(0.,1.,0.));
#4003=DIRECTION('center_axis',(0.790953158661242,0.,0.611876703923105));
#4004=DIRECTION('ref_axis',(0.611876703923105,0.,-0.790953158661242));
#4005=DIRECTION('',(0.611876703923105,0.,-0.790953158661242));
#4006=DIRECTION('',(0.611876703923105,0.,-0.790953158661242));
#4007=DIRECTION('',(0.,1.,0.));
#4008=DIRECTION('center_axis',(-0.98363804184139,0.,0.18015605080717));
#4009=DIRECTION('ref_axis',(0.18015605080717,0.,0.98363804184139));
#4010=DIRECTION('',(0.18015605080717,0.,0.98363804184139));
#4011=DIRECTION('',(0.18015605080717,0.,0.98363804184139));
#4012=DIRECTION('',(0.,1.,0.));
#4013=DIRECTION('center_axis',(0.941194670761707,0.,0.337864753606767));
#4014=DIRECTION('ref_axis',(0.337864753606767,0.,-0.941194670761707));
#4015=DIRECTION('',(0.337864753606767,0.,-0.941194670761707));
#4016=DIRECTION('',(0.337864753606767,0.,-0.941194670761707));
#4017=DIRECTION('',(0.,1.,0.));
#4018=DIRECTION('center_axis',(-0.894695604104733,0.,0.446676366058992));
#4019=DIRECTION('ref_axis',(0.446676366058992,0.,0.894695604104733));
#4020=DIRECTION('',(0.446676366058992,0.,0.894695604104733));
#4021=DIRECTION('',(0.446676366058992,0.,0.894695604104733));
#4022=DIRECTION('',(0.,1.,0.));
#4023=DIRECTION('center_axis',(0.941194670761707,0.,0.337864753606767));
#4024=DIRECTION('ref_axis',(0.337864753606767,0.,-0.941194670761707));
#4025=DIRECTION('',(0.337864753606767,0.,-0.941194670761707));
#4026=DIRECTION('',(0.337864753606767,0.,-0.941194670761707));
#4027=DIRECTION('',(0.,1.,0.));
#4028=DIRECTION('center_axis',(-0.894695604104733,0.,0.446676366058992));
#4029=DIRECTION('ref_axis',(0.446676366058992,0.,0.894695604104733));
#4030=DIRECTION('',(0.446676366058992,0.,0.894695604104733));
#4031=DIRECTION('',(0.446676366058992,0.,0.894695604104733));
#4032=DIRECTION('',(0.,1.,0.));
#4033=DIRECTION('center_axis',(0.892626994754093,0.,0.450796016216067));
#4034=DIRECTION('ref_axis',(0.450796016216067,0.,-0.892626994754093));
#4035=DIRECTION('',(0.450796016216067,0.,-0.892626994754093));
#4036=DIRECTION('',(0.450796016216067,0.,-0.892626994754093));
#4037=DIRECTION('',(0.,1.,0.));
#4038=DIRECTION('center_axis',(-0.957073937706987,0.,0.289843885155514));
#4039=DIRECTION('ref_axis',(0.289843885155514,0.,0.957073937706987));
#4040=DIRECTION('',(0.289843885155514,0.,0.957073937706987));
#4041=DIRECTION('',(0.289843885155514,0.,0.957073937706987));
#4042=DIRECTION('',(0.,1.,0.));
#4043=DIRECTION('center_axis',(0.892626994754093,0.,0.450796016216067));
#4044=DIRECTION('ref_axis',(0.450796016216067,0.,-0.892626994754093));
#4045=DIRECTION('',(0.450796016216067,0.,-0.892626994754093));
#4046=DIRECTION('',(0.450796016216067,0.,-0.892626994754093));
#4047=DIRECTION('',(0.,1.,0.));
#4048=DIRECTION('center_axis',(-0.957073937706987,0.,0.289843885155514));
#4049=DIRECTION('ref_axis',(0.289843885155513,0.,0.957073937706987));
#4050=DIRECTION('',(0.289843885155513,0.,0.957073937706987));
#4051=DIRECTION('',(0.289843885155513,0.,0.957073937706987));
#4052=DIRECTION('',(0.,1.,0.));
#4053=DIRECTION('center_axis',(0.768221279597376,0.,0.64018439966448));
#4054=DIRECTION('ref_axis',(0.64018439966448,0.,-0.768221279597376));
#4055=DIRECTION('',(0.64018439966448,0.,-0.768221279597376));
#4056=DIRECTION('',(0.64018439966448,0.,-0.768221279597376));
#4057=DIRECTION('',(0.,1.,0.));
#4058=DIRECTION('center_axis',(-1.,0.,-2.22044604925031E-16));
#4059=DIRECTION('ref_axis',(-2.22044604925031E-16,0.,1.));
#4060=DIRECTION('',(-2.22044604925031E-16,0.,1.));
#4061=DIRECTION('',(-2.22044604925031E-16,0.,1.));
#4062=DIRECTION('',(0.,1.,0.));
#4063=DIRECTION('center_axis',(0.768221279597376,0.,0.64018439966448));
#4064=DIRECTION('ref_axis',(0.64018439966448,0.,-0.768221279597376));
#4065=DIRECTION('',(0.64018439966448,0.,-0.768221279597376));
#4066=DIRECTION('',(0.64018439966448,0.,-0.768221279597376));
#4067=DIRECTION('',(0.,1.,0.));
#4068=DIRECTION('center_axis',(-0.968477535034076,0.,0.249100911548555));
#4069=DIRECTION('ref_axis',(0.249100911548555,0.,0.968477535034076));
#4070=DIRECTION('',(0.249100911548555,0.,0.968477535034076));
#4071=DIRECTION('',(0.249100911548555,0.,0.968477535034076));
#4072=DIRECTION('',(0.,1.,0.));
#4073=DIRECTION('center_axis',(0.768221279597376,0.,0.64018439966448));
#4074=DIRECTION('ref_axis',(0.64018439966448,0.,-0.768221279597376));
#4075=DIRECTION('',(0.64018439966448,0.,-0.768221279597376));
#4076=DIRECTION('',(0.64018439966448,0.,-0.768221279597376));
#4077=DIRECTION('',(0.,1.,0.));
#4078=DIRECTION('center_axis',(-1.,0.,-2.22044604925031E-16));
#4079=DIRECTION('ref_axis',(-2.22044604925031E-16,0.,1.));
#4080=DIRECTION('',(-2.22044604925031E-16,0.,1.));
#4081=DIRECTION('',(-2.22044604925031E-16,0.,1.));
#4082=DIRECTION('center_axis',(0.,1.,0.));
#4083=DIRECTION('ref_axis',(1.,0.,2.22044604925031E-16));
#4084=DIRECTION('center_axis',(0.,1.,0.));
#4085=DIRECTION('ref_axis',(2.22044604925031E-16,0.,-1.));
#4086=DIRECTION('center_axis',(0.,1.,0.));
#4087=DIRECTION('ref_axis',(2.22044604925031E-16,0.,-1.));
#4088=DIRECTION('center_axis',(0.,1.,0.));
#4089=DIRECTION('ref_axis',(2.22044604925031E-16,0.,-1.));
#4090=DIRECTION('',(0.,-1.,0.));
#4091=DIRECTION('center_axis',(0.,1.,0.));
#4092=DIRECTION('ref_axis',(2.22044604925031E-16,0.,-1.));
#4093=DIRECTION('center_axis',(0.,1.,0.));
#4094=DIRECTION('ref_axis',(2.22044604925031E-16,0.,-1.));
#4095=DIRECTION('center_axis',(0.,1.,0.));
#4096=DIRECTION('ref_axis',(2.22044604925031E-16,0.,-1.));
#4097=DIRECTION('',(0.,1.,0.));
#4098=DIRECTION('center_axis',(-0.347794424766814,0.,-0.937570817645857));
#4099=DIRECTION('ref_axis',(-0.937570817645857,0.,0.347794424766814));
#4100=DIRECTION('',(-0.937570817645857,0.,0.347794424766814));
#4101=DIRECTION('',(0.,1.,0.));
#4102=DIRECTION('',(-0.937570817645857,0.,0.347794424766814));
#4103=DIRECTION('',(0.,1.,0.));
#4104=DIRECTION('center_axis',(-0.170463803734843,0.,0.985363938662385));
#4105=DIRECTION('ref_axis',(0.985363938662385,0.,0.170463803734843));
#4106=DIRECTION('',(0.985363938662385,0.,0.170463803734843));
#4107=DIRECTION('',(0.985363938662385,0.,0.170463803734843));
#4108=DIRECTION('',(0.,1.,0.));
#4109=DIRECTION('center_axis',(0.64607640204465,0.,0.763272744647049));
#4110=DIRECTION('ref_axis',(0.763272744647049,0.,-0.64607640204465));
#4111=DIRECTION('',(0.763272744647049,0.,-0.64607640204465));
#4112=DIRECTION('',(0.763272744647049,0.,-0.64607640204465));
#4113=DIRECTION('',(0.,1.,0.));
#4114=DIRECTION('center_axis',(0.985363938662385,0.,0.170463803734843));
#4115=DIRECTION('ref_axis',(0.170463803734843,0.,-0.985363938662385));
#4116=DIRECTION('',(0.170463803734843,0.,-0.985363938662385));
#4117=DIRECTION('',(0.170463803734843,0.,-0.985363938662385));
#4118=DIRECTION('center_axis',(-0.76327274464705,0.,0.646076402044649));
#4119=DIRECTION('ref_axis',(0.646076402044649,0.,0.76327274464705));
#4120=DIRECTION('',(0.646076402044649,0.,0.76327274464705));
#4121=DIRECTION('',(0.,1.,0.));
#4122=DIRECTION('',(0.646076402044649,0.,0.76327274464705));
#4123=DIRECTION('',(0.,1.,0.));
#4124=DIRECTION('center_axis',(-0.170463803734845,0.,0.985363938662385));
#4125=DIRECTION('ref_axis',(0.985363938662385,0.,0.170463803734845));
#4126=DIRECTION('',(0.985363938662385,0.,0.170463803734845));
#4127=DIRECTION('',(0.985363938662385,0.,0.170463803734845));
#4128=DIRECTION('',(0.,1.,0.));
#4129=DIRECTION('center_axis',(0.916964800030073,0.,0.398968113394803));
#4130=DIRECTION('ref_axis',(0.398968113394803,0.,-0.916964800030073));
#4131=DIRECTION('',(0.398968113394803,0.,-0.916964800030073));
#4132=DIRECTION('',(0.398968113394803,0.,-0.916964800030073));
#4133=DIRECTION('',(0.,1.,0.));
#4134=DIRECTION('center_axis',(0.170463803734847,0.,-0.985363938662385));
#4135=DIRECTION('ref_axis',(-0.985363938662384,0.,-0.170463803734847));
#4136=DIRECTION('',(-0.985363938662384,0.,-0.170463803734847));
#4137=DIRECTION('',(-0.985363938662384,0.,-0.170463803734847));
#4138=DIRECTION('',(0.,1.,0.));
#4139=DIRECTION('center_axis',(-0.131815175058474,0.,-0.991274310987783));
#4140=DIRECTION('ref_axis',(-0.991274310987783,0.,0.131815175058474));
#4141=DIRECTION('',(-0.991274310987783,0.,0.131815175058474));
#4142=DIRECTION('',(-0.991274310987783,0.,0.131815175058474));
#4143=DIRECTION('center_axis',(-0.933537954085663,0.,-0.358478574368895));
#4144=DIRECTION('ref_axis',(-0.358478574368895,0.,0.933537954085663));
#4145=DIRECTION('',(0.358478574368895,0.,-0.933537954085663));
#4146=DIRECTION('',(0.,1.,0.));
#4147=DIRECTION('',(-0.358478574368895,0.,0.933537954085663));
#4148=DIRECTION('',(0.,1.,0.));
#4149=DIRECTION('center_axis',(-0.837435186822461,0.,-0.546536648242027));
#4150=DIRECTION('ref_axis',(-0.546536648242027,0.,0.837435186822461));
#4151=DIRECTION('',(0.546536648242027,0.,-0.837435186822461));
#4152=DIRECTION('',(-0.546536648242027,0.,0.837435186822461));
#4153=DIRECTION('',(0.,1.,0.));
#4154=DIRECTION('center_axis',(-0.728848072093986,0.,-0.684675461664049));
#4155=DIRECTION('ref_axis',(-0.684675461664049,0.,0.728848072093986));
#4156=DIRECTION('',(0.684675461664049,0.,-0.728848072093986));
#4157=DIRECTION('',(-0.684675461664049,0.,0.728848072093986));
#4158=DIRECTION('',(0.,1.,0.));
#4159=DIRECTION('center_axis',(-0.637567714034227,0.,-0.770394321124689));
#4160=DIRECTION('ref_axis',(-0.770394321124689,0.,0.637567714034227));
#4161=DIRECTION('',(0.770394321124689,0.,-0.637567714034227));
#4162=DIRECTION('',(-0.770394321124689,0.,0.637567714034227));
#4163=DIRECTION('',(0.,1.,0.));
#4164=DIRECTION('center_axis',(-0.485642931178632,0.,-0.874157276121538));
#4165=DIRECTION('ref_axis',(-0.874157276121538,0.,0.485642931178632));
#4166=DIRECTION('',(0.874157276121538,0.,-0.485642931178632));
#4167=DIRECTION('',(-0.874157276121538,0.,0.485642931178632));
#4168=DIRECTION('',(0.,1.,0.));
#4169=DIRECTION('center_axis',(-0.203954254112001,0.,-0.978980419737605));
#4170=DIRECTION('ref_axis',(-0.978980419737605,0.,0.203954254112001));
#4171=DIRECTION('',(0.978980419737605,0.,-0.203954254112001));
#4172=DIRECTION('',(-0.978980419737605,0.,0.203954254112001));
#4173=DIRECTION('',(0.,1.,0.));
#4174=DIRECTION('center_axis',(2.22044604925031E-16,0.,-1.));
#4175=DIRECTION('ref_axis',(-1.,0.,-2.22044604925031E-16));
#4176=DIRECTION('',(1.,0.,2.22044604925031E-16));
#4177=DIRECTION('',(-1.,0.,-2.22044604925031E-16));
#4178=DIRECTION('',(0.,1.,0.));
#4179=DIRECTION('center_axis',(0.258573794799106,0.,-0.965991507541961));
#4180=DIRECTION('ref_axis',(-0.965991507541961,0.,-0.258573794799106));
#4181=DIRECTION('',(0.965991507541961,0.,0.258573794799106));
#4182=DIRECTION('',(-0.965991507541961,0.,-0.258573794799106));
#4183=DIRECTION('',(0.,1.,0.));
#4184=DIRECTION('center_axis',(0.685923590481871,0.,-0.727673572435099));
#4185=DIRECTION('ref_axis',(-0.727673572435099,0.,-0.685923590481871));
#4186=DIRECTION('',(0.727673572435099,0.,0.685923590481871));
#4187=DIRECTION('',(-0.727673572435099,0.,-0.685923590481871));
#4188=DIRECTION('',(0.,1.,0.));
#4189=DIRECTION('center_axis',(0.874157276121538,0.,-0.485642931178632));
#4190=DIRECTION('ref_axis',(-0.485642931178632,0.,-0.874157276121538));
#4191=DIRECTION('',(0.485642931178632,0.,0.874157276121538));
#4192=DIRECTION('',(-0.485642931178632,0.,-0.874157276121538));
#4193=DIRECTION('',(0.,1.,0.));
#4194=DIRECTION('center_axis',(0.909774979648868,0.,-0.415101778368754));
#4195=DIRECTION('ref_axis',(-0.415101778368754,0.,-0.909774979648868));
#4196=DIRECTION('',(0.415101778368754,0.,0.909774979648868));
#4197=DIRECTION('',(-0.415101778368754,0.,-0.909774979648868));
#4198=DIRECTION('',(0.,1.,0.));
#4199=DIRECTION('center_axis',(0.952925780013262,0.,-0.303203657276946));
#4200=DIRECTION('ref_axis',(-0.303203657276946,0.,-0.952925780013262));
#4201=DIRECTION('',(0.303203657276946,0.,0.952925780013262));
#4202=DIRECTION('',(-0.303203657276946,0.,-0.952925780013262));
#4203=DIRECTION('',(0.,1.,0.));
#4204=DIRECTION('',(0.,1.,0.));
#4205=DIRECTION('center_axis',(0.928476690885259,0.,-0.371390676354104));
#4206=DIRECTION('ref_axis',(-0.371390676354104,0.,-0.928476690885259));
#4207=DIRECTION('',(0.371390676354104,0.,0.928476690885259));
#4208=DIRECTION('',(-0.371390676354104,0.,-0.928476690885259));
#4209=DIRECTION('',(0.,1.,0.));
#4210=DIRECTION('center_axis',(0.97513285579146,0.,-0.221621103588968));
#4211=DIRECTION('ref_axis',(-0.221621103588968,0.,-0.97513285579146));
#4212=DIRECTION('',(0.221621103588968,0.,0.97513285579146));
#4213=DIRECTION('',(-0.221621103588968,0.,-0.97513285579146));
#4214=DIRECTION('',(0.,1.,0.));
#4215=DIRECTION('center_axis',(0.997725098286392,0.,-0.0674138579923235));
#4216=DIRECTION('ref_axis',(-0.0674138579923235,0.,-0.997725098286392));
#4217=DIRECTION('',(0.0674138579923235,0.,0.997725098286392));
#4218=DIRECTION('',(-0.0674138579923235,0.,-0.997725098286392));
#4219=DIRECTION('',(0.,1.,0.));
#4220=DIRECTION('center_axis',(0.997842872504086,0.,0.0656475574015849));
#4221=DIRECTION('ref_axis',(0.0656475574015849,0.,-0.997842872504086));
#4222=DIRECTION('',(-0.0656475574015849,0.,0.997842872504086));
#4223=DIRECTION('',(0.0656475574015849,0.,-0.997842872504086));
#4224=DIRECTION('',(0.,1.,0.));
#4225=DIRECTION('',(0.,1.,0.));
#4226=DIRECTION('center_axis',(-0.985363938662385,0.,-0.170463803734843));
#4227=DIRECTION('ref_axis',(-0.170463803734843,0.,0.985363938662385));
#4228=DIRECTION('',(0.170463803734843,0.,-0.985363938662385));
#4229=DIRECTION('',(-0.170463803734843,0.,0.985363938662385));
#4230=DIRECTION('',(0.,1.,0.));
#4231=DIRECTION('center_axis',(0.,1.,0.));
#4232=DIRECTION('ref_axis',(2.22044604925031E-16,0.,-1.));
#4233=DIRECTION('center_axis',(0.,1.,0.));
#4234=DIRECTION('ref_axis',(2.22044604925031E-16,0.,-1.));
#4235=DIRECTION('center_axis',(0.,1.,0.));
#4236=DIRECTION('ref_axis',(2.22044604925031E-16,0.,-1.));
#4237=DIRECTION('center_axis',(0.,1.,0.));
#4238=DIRECTION('ref_axis',(2.22044604925031E-16,0.,-1.));
#4239=DIRECTION('',(0.,-1.,0.));
#4240=DIRECTION('center_axis',(0.,1.,0.));
#4241=DIRECTION('ref_axis',(2.22044604925031E-16,0.,-1.));
#4242=DIRECTION('center_axis',(0.,1.,0.));
#4243=DIRECTION('ref_axis',(2.22044604925031E-16,0.,-1.));
#4244=DIRECTION('center_axis',(0.,1.,0.));
#4245=DIRECTION('ref_axis',(2.22044604925031E-16,0.,-1.));
#4246=DIRECTION('center_axis',(0.,1.,0.));
#4247=DIRECTION('ref_axis',(0.,0.,1.));
#4248=DIRECTION('',(0.,0.,-1.));
#4249=DIRECTION('',(1.,0.,0.));
#4250=DIRECTION('',(0.,0.,1.));
#4251=DIRECTION('',(-1.,0.,0.));
#4252=DIRECTION('center_axis',(0.,0.,1.));
#4253=DIRECTION('ref_axis',(1.,0.,0.));
#4254=DIRECTION('',(0.,1.,0.));
#4255=DIRECTION('',(1.,0.,0.));
#4256=DIRECTION('',(0.,1.,0.));
#4257=DIRECTION('center_axis',(1.,0.,0.));
#4258=DIRECTION('ref_axis',(0.,0.,-1.));
#4259=DIRECTION('',(0.,1.,0.));
#4260=DIRECTION('',(0.,0.,-1.));
#4261=DIRECTION('center_axis',(-1.,0.,0.));
#4262=DIRECTION('ref_axis',(0.,0.,1.));
#4263=DIRECTION('',(0.,0.,1.));
#4264=DIRECTION('',(0.,1.,0.));
#4265=DIRECTION('center_axis',(0.,0.,-1.));
#4266=DIRECTION('ref_axis',(-1.,0.,0.));
#4267=DIRECTION('',(-1.,0.,0.));
#4268=DIRECTION('center_axis',(0.,1.,0.));
#4269=DIRECTION('ref_axis',(0.,0.,1.));
#4270=CARTESIAN_POINT('',(0.,0.,0.));
#4271=CARTESIAN_POINT('Origin',(-40.75,0.,-49.25));
#4272=CARTESIAN_POINT('',(-45.75,13.,-49.25));
#4273=CARTESIAN_POINT('',(-40.75,13.,-54.25));
#4274=CARTESIAN_POINT('Origin',(-40.75,13.,-49.25));
#4275=CARTESIAN_POINT('',(-40.75,0.,-54.25));
#4276=CARTESIAN_POINT('',(-40.75,0.,-54.25));
#4277=CARTESIAN_POINT('',(-45.75,0.,-49.25));
#4278=CARTESIAN_POINT('Origin',(-40.75,0.,-49.25));
#4279=CARTESIAN_POINT('',(-45.75,0.,-49.25));
#4280=CARTESIAN_POINT('Origin',(0.,13.,8.88178419700125E-15));
#4281=CARTESIAN_POINT('',(-45.75,13.,49.25));
#4282=CARTESIAN_POINT('',(-45.75,13.,-54.25));
#4283=CARTESIAN_POINT('',(-40.75,13.,54.25));
#4284=CARTESIAN_POINT('Origin',(-40.75,13.,49.25));
#4285=CARTESIAN_POINT('',(40.75,13.,54.25));
#4286=CARTESIAN_POINT('',(-45.75,13.,54.25));
#4287=CARTESIAN_POINT('',(45.75,13.,49.25));
#4288=CARTESIAN_POINT('Origin',(40.75,13.,49.25));
#4289=CARTESIAN_POINT('',(45.75,13.,-49.25));
#4290=CARTESIAN_POINT('',(45.75,13.,54.25));
#4291=CARTESIAN_POINT('',(40.75,13.,-54.25));
#4292=CARTESIAN_POINT('Origin',(40.75,13.,-49.25));
#4293=CARTESIAN_POINT('',(45.75,13.,-54.25));
#4294=CARTESIAN_POINT('',(39.3,13.,49.25));
#4295=CARTESIAN_POINT('Origin',(40.75,13.,49.25));
#4296=CARTESIAN_POINT('',(39.3,13.,-49.25));
#4297=CARTESIAN_POINT('Origin',(40.75,13.,-49.25));
#4298=CARTESIAN_POINT('',(-35.75,13.,-44.25));
#4299=CARTESIAN_POINT('',(35.75,13.,-44.25));
#4300=CARTESIAN_POINT('',(-35.75,13.,-44.25));
#4301=CARTESIAN_POINT('',(35.75,13.,44.25));
#4302=CARTESIAN_POINT('',(35.75,13.,-44.25));
#4303=CARTESIAN_POINT('',(-35.75,13.,44.25));
#4304=CARTESIAN_POINT('',(35.75,13.,44.25));
#4305=CARTESIAN_POINT('',(-35.75,13.,44.25));
#4306=CARTESIAN_POINT('',(-42.2,13.,49.25));
#4307=CARTESIAN_POINT('Origin',(-40.75,13.,49.25));
#4308=CARTESIAN_POINT('',(-42.2,13.,-49.25));
#4309=CARTESIAN_POINT('Origin',(-40.75,13.,-49.25));
#4310=CARTESIAN_POINT('Origin',(-45.75,0.,-54.25));
#4311=CARTESIAN_POINT('',(-45.75,0.,49.25));
#4312=CARTESIAN_POINT('',(-45.75,0.,-54.25));
#4313=CARTESIAN_POINT('',(-45.75,0.,49.25));
#4314=CARTESIAN_POINT('Origin',(-40.75,0.,49.25));
#4315=CARTESIAN_POINT('',(-40.75,0.,54.25));
#4316=CARTESIAN_POINT('Origin',(-40.75,0.,49.25));
#4317=CARTESIAN_POINT('',(-40.75,0.,54.25));
#4318=CARTESIAN_POINT('Origin',(40.75,0.,-49.25));
#4319=CARTESIAN_POINT('',(45.75,0.,-49.25));
#4320=CARTESIAN_POINT('',(45.75,0.,-49.25));
#4321=CARTESIAN_POINT('',(40.75,0.,-54.25));
#4322=CARTESIAN_POINT('Origin',(40.75,0.,-49.25));
#4323=CARTESIAN_POINT('',(40.75,0.,-54.25));
#4324=CARTESIAN_POINT('Origin',(0.,0.,8.88178419700125E-15));
#4325=CARTESIAN_POINT('',(45.75,0.,-54.25));
#4326=CARTESIAN_POINT('',(45.75,0.,49.25));
#4327=CARTESIAN_POINT('',(45.75,0.,54.25));
#4328=CARTESIAN_POINT('',(40.75,0.,54.25));
#4329=CARTESIAN_POINT('Origin',(40.75,0.,49.25));
#4330=CARTESIAN_POINT('',(-45.75,0.,54.25));
#4331=CARTESIAN_POINT('',(-42.2,0.,49.25));
#4332=CARTESIAN_POINT('Origin',(-40.75,0.,49.25));
#4333=CARTESIAN_POINT('',(-42.2,0.,-49.25));
#4334=CARTESIAN_POINT('Origin',(-40.75,0.,-49.25));
#4335=CARTESIAN_POINT('',(39.3,0.,49.25));
#4336=CARTESIAN_POINT('Origin',(40.75,0.,49.25));
#4337=CARTESIAN_POINT('',(39.3,0.,-49.25));
#4338=CARTESIAN_POINT('Origin',(40.75,0.,-49.25));
#4339=CARTESIAN_POINT('Origin',(45.75,0.,54.25));
#4340=CARTESIAN_POINT('',(45.75,0.,49.25));
#4341=CARTESIAN_POINT('Origin',(40.75,0.,49.25));
#4342=CARTESIAN_POINT('',(40.75,0.,54.25));
#4343=CARTESIAN_POINT('Origin',(35.75,0.,44.25));
#4344=CARTESIAN_POINT('',(-35.75,3.,44.25));
#4345=CARTESIAN_POINT('',(35.75,3.,44.25));
#4346=CARTESIAN_POINT('',(17.875,3.,44.25));
#4347=CARTESIAN_POINT('',(-35.75,0.,44.25));
#4348=CARTESIAN_POINT('',(35.75,0.,44.25));
#4349=CARTESIAN_POINT('Origin',(-35.75,0.,44.25));
#4350=CARTESIAN_POINT('',(-35.75,3.,-44.25));
#4351=CARTESIAN_POINT('',(-35.75,3.,22.125));
#4352=CARTESIAN_POINT('',(-35.75,0.,-44.25));
#4353=CARTESIAN_POINT('Origin',(-40.75,0.,-49.25));
#4354=CARTESIAN_POINT('',(-42.2,0.,-49.25));
#4355=CARTESIAN_POINT('Origin',(-40.75,0.,49.25));
#4356=CARTESIAN_POINT('',(-42.2,0.,49.25));
#4357=CARTESIAN_POINT('Origin',(40.75,0.,-49.25));
#4358=CARTESIAN_POINT('',(39.3,0.,-49.25));
#4359=CARTESIAN_POINT('Origin',(40.75,0.,49.25));
#4360=CARTESIAN_POINT('',(39.3,0.,49.25));
#4361=CARTESIAN_POINT('Origin',(35.75,0.,-44.25));
#4362=CARTESIAN_POINT('',(35.75,3.,-44.25));
#4363=CARTESIAN_POINT('',(35.75,3.,-22.125));
#4364=CARTESIAN_POINT('',(35.75,0.,-44.25));
#4365=CARTESIAN_POINT('Origin',(-35.75,0.,-44.25));
#4366=CARTESIAN_POINT('',(-17.875,3.,-44.25));
#4367=CARTESIAN_POINT('Origin',(0.,3.,8.88178419700125E-15));
#4368=CARTESIAN_POINT('Origin',(-45.75,0.,54.25));
#4369=CARTESIAN_POINT('Origin',(45.75,0.,-54.25));
#4370=CARTESIAN_POINT('Ctrl Pts',(-43.25,16.,-49.25));
#4371=CARTESIAN_POINT('Ctrl Pts',(-43.25,16.,-51.75));
#4372=CARTESIAN_POINT('Ctrl Pts',(-40.75,16.,-51.75));
#4373=CARTESIAN_POINT('Ctrl Pts',(-45.75,16.,-49.25));
#4374=CARTESIAN_POINT('Ctrl Pts',(-45.75,16.,-54.25));
#4375=CARTESIAN_POINT('Ctrl Pts',(-40.75,16.,-54.25));
#4376=CARTESIAN_POINT('Ctrl Pts',(-45.75,13.5,-49.25));
#4377=CARTESIAN_POINT('Ctrl Pts',(-45.75,13.5,-54.25));
#4378=CARTESIAN_POINT('Ctrl Pts',(-40.75,13.5,-54.25));
#4379=CARTESIAN_POINT('',(-40.75,16.,-51.75));
#4380=CARTESIAN_POINT('',(-40.75,13.5,-54.25));
#4381=CARTESIAN_POINT('Origin',(-40.75,13.5,-51.75));
#4382=CARTESIAN_POINT('',(-45.75,13.5,-49.25));
#4383=CARTESIAN_POINT('Origin',(-40.75,13.5,-49.25));
#4384=CARTESIAN_POINT('',(-43.25,16.,-49.25));
#4385=CARTESIAN_POINT('Origin',(-43.25,13.5,-49.25));
#4386=CARTESIAN_POINT('Origin',(-40.75,16.,-49.25));
#4387=CARTESIAN_POINT('Origin',(-40.75,13.,-49.25));
#4388=CARTESIAN_POINT('',(-40.75,13.,-54.25));
#4389=CARTESIAN_POINT('',(-45.75,13.,-49.25));
#4390=CARTESIAN_POINT('Origin',(-40.75,13.,-49.25));
#4391=CARTESIAN_POINT('',(-45.75,13.,-49.25));
#4392=CARTESIAN_POINT('',(-40.75,13.,-54.25));
#4393=CARTESIAN_POINT('Origin',(-43.25,13.5,-27.125));
#4394=CARTESIAN_POINT('',(-45.75,13.5,49.25));
#4395=CARTESIAN_POINT('',(-45.75,13.5,-27.125));
#4396=CARTESIAN_POINT('',(-43.25,16.,49.25));
#4397=CARTESIAN_POINT('Origin',(-43.25,13.5,49.25));
#4398=CARTESIAN_POINT('',(-43.25,16.,-27.125));
#4399=CARTESIAN_POINT('Origin',(-45.75,13.,-54.25));
#4400=CARTESIAN_POINT('',(-45.75,13.,49.25));
#4401=CARTESIAN_POINT('',(-45.75,13.,-54.25));
#4402=CARTESIAN_POINT('',(-45.75,13.,49.25));
#4403=CARTESIAN_POINT('Origin',(0.,13.,8.88178419700125E-15));
#4404=CARTESIAN_POINT('',(40.75,13.,-54.25));
#4405=CARTESIAN_POINT('',(45.75,13.,-54.25));
#4406=CARTESIAN_POINT('',(45.75,13.,-49.25));
#4407=CARTESIAN_POINT('Origin',(40.75,13.,-49.25));
#4408=CARTESIAN_POINT('',(45.75,13.,49.25));
#4409=CARTESIAN_POINT('',(45.75,13.,54.25));
#4410=CARTESIAN_POINT('',(40.75,13.,54.25));
#4411=CARTESIAN_POINT('Origin',(40.75,13.,49.25));
#4412=CARTESIAN_POINT('',(-40.75,13.,54.25));
#4413=CARTESIAN_POINT('',(-45.75,13.,54.25));
#4414=CARTESIAN_POINT('Origin',(-40.75,13.,49.25));
#4415=CARTESIAN_POINT('',(39.3,13.,-49.25));
#4416=CARTESIAN_POINT('Origin',(40.75,13.,-49.25));
#4417=CARTESIAN_POINT('',(6.65,13.,17.85));
#4418=CARTESIAN_POINT('',(-7.85,13.,17.85));
#4419=CARTESIAN_POINT('',(6.65,13.,17.85));
#4420=CARTESIAN_POINT('',(6.65,13.,3.34999999999998));
#4421=CARTESIAN_POINT('',(6.65,13.,3.34999999999998));
#4422=CARTESIAN_POINT('',(-7.85,13.,3.34999999999998));
#4423=CARTESIAN_POINT('',(-7.85,13.,3.34999999999998));
#4424=CARTESIAN_POINT('',(-7.85,13.,17.85));
#4425=CARTESIAN_POINT('',(-12.75,13.,22.75));
#4426=CARTESIAN_POINT('',(-12.75,13.,37.25));
#4427=CARTESIAN_POINT('',(-12.75,13.,37.25));
#4428=CARTESIAN_POINT('',(-27.25,13.,22.75));
#4429=CARTESIAN_POINT('',(-12.75,13.,22.75));
#4430=CARTESIAN_POINT('',(-27.25,13.,37.25));
#4431=CARTESIAN_POINT('',(-27.25,13.,16.1983284311303));
#4432=CARTESIAN_POINT('',(-11.6625259680766,13.,37.25));
#4433=CARTESIAN_POINT('',(39.3,13.,49.25));
#4434=CARTESIAN_POINT('Origin',(40.75,13.,49.25));
#4435=CARTESIAN_POINT('',(-42.2,13.,-49.25));
#4436=CARTESIAN_POINT('Origin',(-40.75,13.,-49.25));
#4437=CARTESIAN_POINT('',(26.05,13.,-1.55000000000002));
#4438=CARTESIAN_POINT('',(11.55,13.,-1.55000000000002));
#4439=CARTESIAN_POINT('',(26.05,13.,-1.55000000000002));
#4440=CARTESIAN_POINT('',(26.05,13.,-16.05));
#4441=CARTESIAN_POINT('',(26.05,13.,-16.05));
#4442=CARTESIAN_POINT('',(11.55,13.,-16.05));
#4443=CARTESIAN_POINT('',(11.55,13.,-16.05));
#4444=CARTESIAN_POINT('',(11.55,13.,-1.55000000000002));
#4445=CARTESIAN_POINT('',(-7.84999999999999,13.,22.75));
#4446=CARTESIAN_POINT('',(6.65000000000001,13.,22.75));
#4447=CARTESIAN_POINT('',(-7.84999999999999,13.,22.75));
#4448=CARTESIAN_POINT('',(-7.84999999999999,13.,37.25));
#4449=CARTESIAN_POINT('',(-7.84999999999999,13.,37.25));
#4450=CARTESIAN_POINT('',(6.65000000000001,13.,37.25));
#4451=CARTESIAN_POINT('',(6.65000000000001,13.,37.25));
#4452=CARTESIAN_POINT('',(6.65000000000001,13.,22.75));
#4453=CARTESIAN_POINT('',(-42.2,13.,49.25));
#4454=CARTESIAN_POINT('Origin',(-40.75,13.,49.25));
#4455=CARTESIAN_POINT('',(6.65,13.,-1.55000000000002));
#4456=CARTESIAN_POINT('',(-7.85,13.,-1.55000000000002));
#4457=CARTESIAN_POINT('',(6.65,13.,-1.55000000000002));
#4458=CARTESIAN_POINT('',(6.65,13.,-16.05));
#4459=CARTESIAN_POINT('',(6.65,13.,-16.05));
#4460=CARTESIAN_POINT('',(-7.85,13.,-16.05));
#4461=CARTESIAN_POINT('',(-7.85,13.,-16.05));
#4462=CARTESIAN_POINT('',(-7.85,13.,-1.55000000000002));
#4463=CARTESIAN_POINT('',(-27.25,13.,-16.05));
#4464=CARTESIAN_POINT('',(-12.75,13.,-16.05));
#4465=CARTESIAN_POINT('',(-27.25,13.,-16.05));
#4466=CARTESIAN_POINT('',(-27.25,13.,-1.55000000000002));
#4467=CARTESIAN_POINT('',(-27.25,13.,-1.55000000000002));
#4468=CARTESIAN_POINT('',(-12.75,13.,-1.55000000000002));
#4469=CARTESIAN_POINT('',(-12.75,13.,-1.55000000000002));
#4470=CARTESIAN_POINT('',(-12.75,13.,-16.05));
#4471=CARTESIAN_POINT('',(26.05,13.,17.85));
#4472=CARTESIAN_POINT('',(11.55,13.,17.85));
#4473=CARTESIAN_POINT('',(26.05,13.,17.85));
#4474=CARTESIAN_POINT('',(26.05,13.,3.34999999999998));
#4475=CARTESIAN_POINT('',(26.05,13.,3.34999999999998));
#4476=CARTESIAN_POINT('',(11.55,13.,3.34999999999998));
#4477=CARTESIAN_POINT('',(11.55,13.,3.34999999999998));
#4478=CARTESIAN_POINT('',(11.55,13.,17.85));
#4479=CARTESIAN_POINT('',(26.05,13.,37.25));
#4480=CARTESIAN_POINT('',(11.55,13.,37.25));
#4481=CARTESIAN_POINT('',(-11.6625259680766,13.,37.25));
#4482=CARTESIAN_POINT('',(26.05,13.,22.75));
#4483=CARTESIAN_POINT('',(26.05,13.,18.8489379047397));
#4484=CARTESIAN_POINT('',(11.55,13.,22.75));
#4485=CARTESIAN_POINT('',(11.55,13.,22.75));
#4486=CARTESIAN_POINT('',(11.55,13.,37.25));
#4487=CARTESIAN_POINT('',(6.65,13.,-19.7487191186425));
#4488=CARTESIAN_POINT('',(-27.25,13.,-19.7487191186425));
#4489=CARTESIAN_POINT('',(6.65,13.,-19.7487191186425));
#4490=CARTESIAN_POINT('',(6.65,13.,-40.6157391321153));
#4491=CARTESIAN_POINT('',(6.65,13.,-40.6157391321153));
#4492=CARTESIAN_POINT('',(-27.25,13.,-40.6157391321153));
#4493=CARTESIAN_POINT('',(-27.25,13.,-40.6157391321153));
#4494=CARTESIAN_POINT('',(-27.25,13.,-19.7487191186425));
#4495=CARTESIAN_POINT('',(-27.25,13.,17.85));
#4496=CARTESIAN_POINT('',(-27.25,13.,3.34999999999998));
#4497=CARTESIAN_POINT('',(-27.25,13.,16.1983284311303));
#4498=CARTESIAN_POINT('',(-12.75,13.,17.85));
#4499=CARTESIAN_POINT('',(-27.25,13.,17.85));
#4500=CARTESIAN_POINT('',(-12.75,13.,3.34999999999998));
#4501=CARTESIAN_POINT('',(-12.75,13.,17.85));
#4502=CARTESIAN_POINT('',(-12.75,13.,3.34999999999998));
#4503=CARTESIAN_POINT('Ctrl Pts',(-40.75,16.,51.75));
#4504=CARTESIAN_POINT('Ctrl Pts',(-43.25,16.,51.75));
#4505=CARTESIAN_POINT('Ctrl Pts',(-43.25,16.,49.25));
#4506=CARTESIAN_POINT('Ctrl Pts',(-40.75,16.,54.25));
#4507=CARTESIAN_POINT('Ctrl Pts',(-45.75,16.,54.25));
#4508=CARTESIAN_POINT('Ctrl Pts',(-45.75,16.,49.25));
#4509=CARTESIAN_POINT('Ctrl Pts',(-40.75,13.5,54.25));
#4510=CARTESIAN_POINT('Ctrl Pts',(-45.75,13.5,54.25));
#4511=CARTESIAN_POINT('Ctrl Pts',(-45.75,13.5,49.25));
#4512=CARTESIAN_POINT('',(-40.75,13.5,54.25));
#4513=CARTESIAN_POINT('Origin',(-40.75,13.5,49.25));
#4514=CARTESIAN_POINT('',(-40.75,16.,51.75));
#4515=CARTESIAN_POINT('Origin',(-40.75,13.5,51.75));
#4516=CARTESIAN_POINT('Origin',(-40.75,16.,49.25));
#4517=CARTESIAN_POINT('Origin',(-40.75,13.,49.25));
#4518=CARTESIAN_POINT('',(-40.75,13.,54.25));
#4519=CARTESIAN_POINT('Origin',(-22.875,13.5,51.75));
#4520=CARTESIAN_POINT('',(40.75,13.5,54.25));
#4521=CARTESIAN_POINT('',(-22.875,13.5,54.25));
#4522=CARTESIAN_POINT('',(40.75,16.,51.75));
#4523=CARTESIAN_POINT('Origin',(40.75,13.5,51.75));
#4524=CARTESIAN_POINT('',(-22.875,16.,51.75));
#4525=CARTESIAN_POINT('Origin',(-45.75,13.,54.25));
#4526=CARTESIAN_POINT('',(40.75,13.,54.25));
#4527=CARTESIAN_POINT('Ctrl Pts',(40.75,16.,-51.75));
#4528=CARTESIAN_POINT('Ctrl Pts',(43.25,16.,-51.75));
#4529=CARTESIAN_POINT('Ctrl Pts',(43.25,16.,-49.25));
#4530=CARTESIAN_POINT('Ctrl Pts',(40.75,16.,-54.25));
#4531=CARTESIAN_POINT('Ctrl Pts',(45.75,16.,-54.25));
#4532=CARTESIAN_POINT('Ctrl Pts',(45.75,16.,-49.25));
#4533=CARTESIAN_POINT('Ctrl Pts',(40.75,13.5,-54.25));
#4534=CARTESIAN_POINT('Ctrl Pts',(45.75,13.5,-54.25));
#4535=CARTESIAN_POINT('Ctrl Pts',(45.75,13.5,-49.25));
#4536=CARTESIAN_POINT('',(43.25,16.,-49.25));
#4537=CARTESIAN_POINT('',(45.75,13.5,-49.25));
#4538=CARTESIAN_POINT('Origin',(43.25,13.5,-49.25));
#4539=CARTESIAN_POINT('',(40.75,13.5,-54.25));
#4540=CARTESIAN_POINT('Origin',(40.75,13.5,-49.25));
#4541=CARTESIAN_POINT('',(40.75,16.,-51.75));
#4542=CARTESIAN_POINT('Origin',(40.75,13.5,-51.75));
#4543=CARTESIAN_POINT('Origin',(40.75,16.,-49.25));
#4544=CARTESIAN_POINT('Origin',(40.75,13.,-49.25));
#4545=CARTESIAN_POINT('',(40.75,13.,-54.25));
#4546=CARTESIAN_POINT('',(45.75,13.,-49.25));
#4547=CARTESIAN_POINT('Origin',(22.875,13.5,-51.75));
#4548=CARTESIAN_POINT('',(22.875,16.,-51.75));
#4549=CARTESIAN_POINT('',(22.875,13.5,-54.25));
#4550=CARTESIAN_POINT('Origin',(45.75,13.,-54.25));
#4551=CARTESIAN_POINT('Ctrl Pts',(43.25,16.,49.25));
#4552=CARTESIAN_POINT('Ctrl Pts',(43.25,16.,51.75));
#4553=CARTESIAN_POINT('Ctrl Pts',(40.75,16.,51.75));
#4554=CARTESIAN_POINT('Ctrl Pts',(45.75,16.,49.25));
#4555=CARTESIAN_POINT('Ctrl Pts',(45.75,16.,54.25));
#4556=CARTESIAN_POINT('Ctrl Pts',(40.75,16.,54.25));
#4557=CARTESIAN_POINT('Ctrl Pts',(45.75,13.5,49.25));
#4558=CARTESIAN_POINT('Ctrl Pts',(45.75,13.5,54.25));
#4559=CARTESIAN_POINT('Ctrl Pts',(40.75,13.5,54.25));
#4560=CARTESIAN_POINT('',(45.75,13.5,49.25));
#4561=CARTESIAN_POINT('Origin',(40.75,13.5,49.25));
#4562=CARTESIAN_POINT('',(43.25,16.,49.25));
#4563=CARTESIAN_POINT('Origin',(43.25,13.5,49.25));
#4564=CARTESIAN_POINT('Origin',(40.75,16.,49.25));
#4565=CARTESIAN_POINT('Origin',(40.75,13.,49.25));
#4566=CARTESIAN_POINT('',(45.75,13.,49.25));
#4567=CARTESIAN_POINT('Origin',(43.25,13.5,27.125));
#4568=CARTESIAN_POINT('',(43.25,16.,27.125));
#4569=CARTESIAN_POINT('',(45.75,13.5,27.125));
#4570=CARTESIAN_POINT('Origin',(0.,16.,8.88178419700125E-15));
#4571=CARTESIAN_POINT('',(-27.25,16.,17.85));
#4572=CARTESIAN_POINT('',(-27.25,16.,3.34999999999998));
#4573=CARTESIAN_POINT('',(-27.25,16.,16.1983284311303));
#4574=CARTESIAN_POINT('',(-12.75,16.,3.34999999999998));
#4575=CARTESIAN_POINT('',(-12.75,16.,3.34999999999998));
#4576=CARTESIAN_POINT('',(-12.75,16.,17.85));
#4577=CARTESIAN_POINT('',(-12.75,16.,17.85));
#4578=CARTESIAN_POINT('',(-27.25,16.,17.85));
#4579=CARTESIAN_POINT('',(6.65,16.,-19.7487191186425));
#4580=CARTESIAN_POINT('',(-27.25,16.,-19.7487191186425));
#4581=CARTESIAN_POINT('',(6.65,16.,-19.7487191186425));
#4582=CARTESIAN_POINT('',(-27.25,16.,-40.6157391321153));
#4583=CARTESIAN_POINT('',(-27.25,16.,-19.7487191186425));
#4584=CARTESIAN_POINT('',(6.65,16.,-40.6157391321153));
#4585=CARTESIAN_POINT('',(-27.25,16.,-40.6157391321153));
#4586=CARTESIAN_POINT('',(6.65,16.,-40.6157391321153));
#4587=CARTESIAN_POINT('',(26.05,16.,37.25));
#4588=CARTESIAN_POINT('',(11.55,16.,37.25));
#4589=CARTESIAN_POINT('',(-11.6625259680766,16.,37.25));
#4590=CARTESIAN_POINT('',(11.55,16.,22.75));
#4591=CARTESIAN_POINT('',(11.55,16.,37.25));
#4592=CARTESIAN_POINT('',(26.05,16.,22.75));
#4593=CARTESIAN_POINT('',(11.55,16.,22.75));
#4594=CARTESIAN_POINT('',(26.05,16.,18.8489379047397));
#4595=CARTESIAN_POINT('',(26.05,16.,17.85));
#4596=CARTESIAN_POINT('',(11.55,16.,17.85));
#4597=CARTESIAN_POINT('',(26.05,16.,17.85));
#4598=CARTESIAN_POINT('',(11.55,16.,3.34999999999998));
#4599=CARTESIAN_POINT('',(11.55,16.,17.85));
#4600=CARTESIAN_POINT('',(26.05,16.,3.34999999999998));
#4601=CARTESIAN_POINT('',(11.55,16.,3.34999999999998));
#4602=CARTESIAN_POINT('',(26.05,16.,3.34999999999998));
#4603=CARTESIAN_POINT('',(-27.25,16.,-16.05));
#4604=CARTESIAN_POINT('',(-12.75,16.,-16.05));
#4605=CARTESIAN_POINT('',(-27.25,16.,-16.05));
#4606=CARTESIAN_POINT('',(-12.75,16.,-1.55000000000002));
#4607=CARTESIAN_POINT('',(-12.75,16.,-16.05));
#4608=CARTESIAN_POINT('',(-27.25,16.,-1.55000000000002));
#4609=CARTESIAN_POINT('',(-12.75,16.,-1.55000000000002));
#4610=CARTESIAN_POINT('',(-27.25,16.,-1.55000000000002));
#4611=CARTESIAN_POINT('',(6.65,16.,-1.55000000000002));
#4612=CARTESIAN_POINT('',(-7.85,16.,-1.55000000000002));
#4613=CARTESIAN_POINT('',(6.65,16.,-1.55000000000002));
#4614=CARTESIAN_POINT('',(-7.85,16.,-16.05));
#4615=CARTESIAN_POINT('',(-7.85,16.,-1.55000000000002));
#4616=CARTESIAN_POINT('',(6.65,16.,-16.05));
#4617=CARTESIAN_POINT('',(-7.85,16.,-16.05));
#4618=CARTESIAN_POINT('',(6.65,16.,-16.05));
#4619=CARTESIAN_POINT('',(-42.2,16.,49.25));
#4620=CARTESIAN_POINT('Origin',(-40.75,16.,49.25));
#4621=CARTESIAN_POINT('',(-7.84999999999999,16.,22.75));
#4622=CARTESIAN_POINT('',(6.65000000000001,16.,22.75));
#4623=CARTESIAN_POINT('',(-7.84999999999999,16.,22.75));
#4624=CARTESIAN_POINT('',(6.65000000000001,16.,37.25));
#4625=CARTESIAN_POINT('',(6.65000000000001,16.,22.75));
#4626=CARTESIAN_POINT('',(-7.84999999999999,16.,37.25));
#4627=CARTESIAN_POINT('',(6.65000000000001,16.,37.25));
#4628=CARTESIAN_POINT('',(-7.84999999999999,16.,37.25));
#4629=CARTESIAN_POINT('',(26.05,16.,-1.55000000000002));
#4630=CARTESIAN_POINT('',(11.55,16.,-1.55000000000002));
#4631=CARTESIAN_POINT('',(26.05,16.,-1.55000000000002));
#4632=CARTESIAN_POINT('',(11.55,16.,-16.05));
#4633=CARTESIAN_POINT('',(11.55,16.,-1.55000000000002));
#4634=CARTESIAN_POINT('',(26.05,16.,-16.05));
#4635=CARTESIAN_POINT('',(11.55,16.,-16.05));
#4636=CARTESIAN_POINT('',(26.05,16.,-16.05));
#4637=CARTESIAN_POINT('',(-42.2,16.,-49.25));
#4638=CARTESIAN_POINT('Origin',(-40.75,16.,-49.25));
#4639=CARTESIAN_POINT('',(39.3,16.,49.25));
#4640=CARTESIAN_POINT('Origin',(40.75,16.,49.25));
#4641=CARTESIAN_POINT('',(-12.75,16.,22.75));
#4642=CARTESIAN_POINT('',(-12.75,16.,37.25));
#4643=CARTESIAN_POINT('',(-12.75,16.,37.25));
#4644=CARTESIAN_POINT('',(-27.25,16.,37.25));
#4645=CARTESIAN_POINT('',(-11.6625259680766,16.,37.25));
#4646=CARTESIAN_POINT('',(-27.25,16.,22.75));
#4647=CARTESIAN_POINT('',(-27.25,16.,16.1983284311303));
#4648=CARTESIAN_POINT('',(-12.75,16.,22.75));
#4649=CARTESIAN_POINT('',(6.65,16.,17.85));
#4650=CARTESIAN_POINT('',(-7.85,16.,17.85));
#4651=CARTESIAN_POINT('',(6.65,16.,17.85));
#4652=CARTESIAN_POINT('',(-7.85,16.,3.34999999999998));
#4653=CARTESIAN_POINT('',(-7.85,16.,17.85));
#4654=CARTESIAN_POINT('',(6.65,16.,3.34999999999998));
#4655=CARTESIAN_POINT('',(-7.85,16.,3.34999999999998));
#4656=CARTESIAN_POINT('',(6.65,16.,3.34999999999998));
#4657=CARTESIAN_POINT('',(39.3,16.,-49.25));
#4658=CARTESIAN_POINT('Origin',(40.75,16.,-49.25));
#4659=CARTESIAN_POINT('Origin',(-12.75,13.,17.85));
#4660=CARTESIAN_POINT('',(-27.25,13.,17.85));
#4661=CARTESIAN_POINT('',(-12.75,13.,17.85));
#4662=CARTESIAN_POINT('Origin',(-12.75,13.,3.34999999999998));
#4663=CARTESIAN_POINT('',(-12.75,13.,3.34999999999998));
#4664=CARTESIAN_POINT('Origin',(-27.25,13.,3.34999999999998));
#4665=CARTESIAN_POINT('',(-27.25,13.,3.34999999999998));
#4666=CARTESIAN_POINT('Origin',(-27.25,13.,17.85));
#4667=CARTESIAN_POINT('Origin',(6.65,13.,-40.6157391321153));
#4668=CARTESIAN_POINT('',(6.65,13.,-19.7487191186425));
#4669=CARTESIAN_POINT('',(6.65,13.,-40.6157391321153));
#4670=CARTESIAN_POINT('Origin',(-27.25,13.,-40.6157391321153));
#4671=CARTESIAN_POINT('',(-27.25,13.,-40.6157391321153));
#4672=CARTESIAN_POINT('Origin',(-27.25,13.,-19.7487191186425));
#4673=CARTESIAN_POINT('',(-27.25,13.,-19.7487191186425));
#4674=CARTESIAN_POINT('Origin',(6.65,13.,-19.7487191186425));
#4675=CARTESIAN_POINT('Origin',(26.05,13.,22.75));
#4676=CARTESIAN_POINT('',(26.05,13.,37.25));
#4677=CARTESIAN_POINT('',(26.05,13.,22.75));
#4678=CARTESIAN_POINT('Origin',(11.55,13.,22.75));
#4679=CARTESIAN_POINT('',(11.55,13.,22.75));
#4680=CARTESIAN_POINT('Origin',(11.55,13.,37.25));
#4681=CARTESIAN_POINT('',(11.55,13.,37.25));
#4682=CARTESIAN_POINT('Origin',(26.05,13.,37.25));
#4683=CARTESIAN_POINT('Origin',(26.05,13.,3.34999999999998));
#4684=CARTESIAN_POINT('',(26.05,13.,17.85));
#4685=CARTESIAN_POINT('',(26.05,13.,3.34999999999998));
#4686=CARTESIAN_POINT('Origin',(11.55,13.,3.34999999999998));
#4687=CARTESIAN_POINT('',(11.55,13.,3.34999999999998));
#4688=CARTESIAN_POINT('Origin',(11.55,13.,17.85));
#4689=CARTESIAN_POINT('',(11.55,13.,17.85));
#4690=CARTESIAN_POINT('Origin',(26.05,13.,17.85));
#4691=CARTESIAN_POINT('Origin',(-27.25,13.,-1.55000000000002));
#4692=CARTESIAN_POINT('',(-27.25,13.,-16.05));
#4693=CARTESIAN_POINT('',(-27.25,13.,-1.55000000000002));
#4694=CARTESIAN_POINT('Origin',(-12.75,13.,-1.55000000000002));
#4695=CARTESIAN_POINT('',(-12.75,13.,-1.55000000000002));
#4696=CARTESIAN_POINT('Origin',(-12.75,13.,-16.05));
#4697=CARTESIAN_POINT('',(-12.75,13.,-16.05));
#4698=CARTESIAN_POINT('Origin',(-27.25,13.,-16.05));
#4699=CARTESIAN_POINT('Origin',(6.65,13.,-16.05));
#4700=CARTESIAN_POINT('',(6.65,13.,-1.55000000000002));
#4701=CARTESIAN_POINT('',(6.65,13.,-16.05));
#4702=CARTESIAN_POINT('Origin',(-7.85,13.,-16.05));
#4703=CARTESIAN_POINT('',(-7.85,13.,-16.05));
#4704=CARTESIAN_POINT('Origin',(-7.85,13.,-1.55000000000002));
#4705=CARTESIAN_POINT('',(-7.85,13.,-1.55000000000002));
#4706=CARTESIAN_POINT('Origin',(6.65,13.,-1.55000000000002));
#4707=CARTESIAN_POINT('Origin',(-40.75,13.,49.25));
#4708=CARTESIAN_POINT('',(-42.2,13.,49.25));
#4709=CARTESIAN_POINT('Origin',(-7.84999999999999,13.,37.25));
#4710=CARTESIAN_POINT('',(-7.84999999999999,13.,22.75));
#4711=CARTESIAN_POINT('',(-7.84999999999999,13.,37.25));
#4712=CARTESIAN_POINT('Origin',(6.65000000000001,13.,37.25));
#4713=CARTESIAN_POINT('',(6.65000000000001,13.,37.25));
#4714=CARTESIAN_POINT('Origin',(6.65000000000001,13.,22.75));
#4715=CARTESIAN_POINT('',(6.65000000000001,13.,22.75));
#4716=CARTESIAN_POINT('Origin',(-7.84999999999999,13.,22.75));
#4717=CARTESIAN_POINT('Origin',(26.05,13.,-16.05));
#4718=CARTESIAN_POINT('',(26.05,13.,-1.55000000000002));
#4719=CARTESIAN_POINT('',(26.05,13.,-16.05));
#4720=CARTESIAN_POINT('Origin',(11.55,13.,-16.05));
#4721=CARTESIAN_POINT('',(11.55,13.,-16.05));
#4722=CARTESIAN_POINT('Origin',(11.55,13.,-1.55000000000002));
#4723=CARTESIAN_POINT('',(11.55,13.,-1.55000000000002));
#4724=CARTESIAN_POINT('Origin',(26.05,13.,-1.55000000000002));
#4725=CARTESIAN_POINT('Origin',(-40.75,13.,-49.25));
#4726=CARTESIAN_POINT('',(-42.2,13.,-49.25));
#4727=CARTESIAN_POINT('Origin',(40.75,13.,49.25));
#4728=CARTESIAN_POINT('',(39.3,13.,49.25));
#4729=CARTESIAN_POINT('Origin',(-27.25,13.,22.75));
#4730=CARTESIAN_POINT('',(-12.75,13.,22.75));
#4731=CARTESIAN_POINT('',(-27.25,13.,22.75));
#4732=CARTESIAN_POINT('Origin',(-27.25,13.,37.25));
#4733=CARTESIAN_POINT('',(-27.25,13.,37.25));
#4734=CARTESIAN_POINT('Origin',(-12.75,13.,37.25));
#4735=CARTESIAN_POINT('',(-12.75,13.,37.25));
#4736=CARTESIAN_POINT('Origin',(-12.75,13.,22.75));
#4737=CARTESIAN_POINT('Origin',(6.65,13.,3.34999999999998));
#4738=CARTESIAN_POINT('',(6.65,13.,17.85));
#4739=CARTESIAN_POINT('',(6.65,13.,3.34999999999998));
#4740=CARTESIAN_POINT('Origin',(-7.85,13.,3.34999999999998));
#4741=CARTESIAN_POINT('',(-7.85,13.,3.34999999999998));
#4742=CARTESIAN_POINT('Origin',(-7.85,13.,17.85));
#4743=CARTESIAN_POINT('',(-7.85,13.,17.85));
#4744=CARTESIAN_POINT('Origin',(6.65,13.,17.85));
#4745=CARTESIAN_POINT('Origin',(40.75,13.,-49.25));
#4746=CARTESIAN_POINT('',(39.3,13.,-49.25));
#4747=CARTESIAN_POINT('Origin',(45.75,13.,54.25));
#4748=CARTESIAN_POINT('Origin',(21.6750949112033,16.,-28.3990522975773));
#4749=CARTESIAN_POINT('',(21.6750949112033,16.,-28.3990522975773));
#4750=CARTESIAN_POINT('',(22.3370429698509,16.,-29.1933899679544));
#4751=CARTESIAN_POINT('',(21.6750949112033,16.,-28.3990522975773));
#4752=CARTESIAN_POINT('',(22.3370429698509,16.5,-29.1933899679544));
#4753=CARTESIAN_POINT('',(22.3370429698509,16.,-29.1933899679544));
#4754=CARTESIAN_POINT('',(21.6750949112033,16.5,-28.3990522975773));
#4755=CARTESIAN_POINT('',(21.6750949112033,16.5,-28.3990522975773));
#4756=CARTESIAN_POINT('',(21.6750949112033,16.,-28.3990522975773));
#4757=CARTESIAN_POINT('Origin',(21.476510493609,16.,-28.5945766128702));
#4758=CARTESIAN_POINT('',(21.476510493609,16.,-28.5945766128702));
#4759=CARTESIAN_POINT('',(21.6750949112033,16.,-28.3990522975773));
#4760=CARTESIAN_POINT('',(21.476510493609,16.5,-28.5945766128702));
#4761=CARTESIAN_POINT('',(21.6750949112033,16.5,-28.3990522975773));
#4762=CARTESIAN_POINT('',(21.476510493609,16.,-28.5945766128702));
#4763=CARTESIAN_POINT('Origin',(21.476510493609,16.,-30.2304419265022));
#4764=CARTESIAN_POINT('',(21.476510493609,16.,-30.2304419265022));
#4765=CARTESIAN_POINT('',(21.476510493609,16.,-30.2304419265022));
#4766=CARTESIAN_POINT('',(21.476510493609,16.5,-30.2304419265022));
#4767=CARTESIAN_POINT('',(21.476510493609,16.5,-30.2304419265022));
#4768=CARTESIAN_POINT('',(21.476510493609,16.,-30.2304419265022));
#4769=CARTESIAN_POINT('Origin',(22.3498850384543,16.,-29.7891432207372));
#4770=CARTESIAN_POINT('',(22.3498850384543,16.,-29.7891432207372));
#4771=CARTESIAN_POINT('',(22.3498850384543,16.,-29.7891432207372));
#4772=CARTESIAN_POINT('',(22.3498850384543,16.5,-29.7891432207372));
#4773=CARTESIAN_POINT('',(22.3498850384543,16.5,-29.7891432207372));
#4774=CARTESIAN_POINT('',(22.3498850384543,16.,-29.7891432207372));
#4775=CARTESIAN_POINT('Origin',(22.3498850384543,16.,-30.9962806173992));
#4776=CARTESIAN_POINT('',(22.3498850384543,16.,-30.9962806173992));
#4777=CARTESIAN_POINT('',(22.3498850384543,16.,-30.9962806173992));
#4778=CARTESIAN_POINT('',(22.3498850384543,16.5,-30.9962806173992));
#4779=CARTESIAN_POINT('',(22.3498850384543,16.5,-30.9962806173992));
#4780=CARTESIAN_POINT('',(22.3498850384543,16.,-30.9962806173992));
#4781=CARTESIAN_POINT('Origin',(23.0872507696515,16.,-30.2304419265022));
#4782=CARTESIAN_POINT('',(23.0872507696515,16.,-30.2304419265022));
#4783=CARTESIAN_POINT('',(23.0872507696515,16.,-30.2304419265022));
#4784=CARTESIAN_POINT('',(23.0872507696515,16.5,-30.2304419265022));
#4785=CARTESIAN_POINT('',(23.0872507696515,16.5,-30.2304419265022));
#4786=CARTESIAN_POINT('',(23.0872507696515,16.,-30.2304419265022));
#4787=CARTESIAN_POINT('Origin',(23.3740949283988,16.,-31.4660783026444));
#4788=CARTESIAN_POINT('',(23.3740949283988,16.,-31.4660783026444));
#4789=CARTESIAN_POINT('',(23.3740949283988,16.,-31.4660783026444));
#4790=CARTESIAN_POINT('',(23.3740949283988,16.5,-31.4660783026444));
#4791=CARTESIAN_POINT('',(23.3740949283988,16.5,-31.4660783026444));
#4792=CARTESIAN_POINT('',(23.3740949283988,16.,-31.4660783026444));
#4793=CARTESIAN_POINT('Origin',(24.2787572752171,16.,-30.526482932154));
#4794=CARTESIAN_POINT('',(24.2787572752171,16.,-30.526482932154));
#4795=CARTESIAN_POINT('',(24.2787572752171,16.,-30.526482932154));
#4796=CARTESIAN_POINT('',(24.2787572752171,16.5,-30.526482932154));
#4797=CARTESIAN_POINT('',(24.2787572752171,16.5,-30.526482932154));
#4798=CARTESIAN_POINT('',(24.2787572752171,16.,-30.526482932154));
#4799=CARTESIAN_POINT('Origin',(24.7862507868469,16.,-31.4660783026444));
#4800=CARTESIAN_POINT('',(24.7862507868469,16.,-31.4660783026444));
#4801=CARTESIAN_POINT('',(24.7862507868469,16.,-31.4660783026444));
#4802=CARTESIAN_POINT('',(24.7862507868469,16.5,-31.4660783026444));
#4803=CARTESIAN_POINT('',(24.7862507868469,16.5,-31.4660783026444));
#4804=CARTESIAN_POINT('',(24.7862507868469,16.,-31.4660783026444));
#4805=CARTESIAN_POINT('Origin',(25.3599391043415,16.,-30.526482932154));
#4806=CARTESIAN_POINT('',(25.3599391043415,16.,-30.526482932154));
#4807=CARTESIAN_POINT('',(25.3599391043415,16.,-30.526482932154));
#4808=CARTESIAN_POINT('',(25.3599391043415,16.5,-30.526482932154));
#4809=CARTESIAN_POINT('',(25.3599391043415,16.5,-30.526482932154));
#4810=CARTESIAN_POINT('',(25.3599391043415,16.,-30.526482932154));
#4811=CARTESIAN_POINT('Origin',(25.8674326159713,16.,-31.4660783026444));
#4812=CARTESIAN_POINT('',(25.8674326159713,16.,-31.4660783026444));
#4813=CARTESIAN_POINT('',(25.8674326159713,16.,-31.4660783026444));
#4814=CARTESIAN_POINT('',(25.8674326159713,16.5,-31.4660783026444));
#4815=CARTESIAN_POINT('',(25.8674326159713,16.5,-31.4660783026444));
#4816=CARTESIAN_POINT('',(25.8674326159713,16.,-31.4660783026444));
#4817=CARTESIAN_POINT('Origin',(26.1511305953353,16.,-30.526482932154));
#4818=CARTESIAN_POINT('',(26.1511305953353,16.,-30.526482932154));
#4819=CARTESIAN_POINT('',(26.1511305953353,16.,-30.526482932154));
#4820=CARTESIAN_POINT('',(26.1511305953353,16.5,-30.526482932154));
#4821=CARTESIAN_POINT('',(26.1511305953353,16.5,-30.526482932154));
#4822=CARTESIAN_POINT('',(26.1511305953353,16.,-30.526482932154));
#4823=CARTESIAN_POINT('Origin',(26.9840049277827,16.,-31.1981557809019));
#4824=CARTESIAN_POINT('',(26.9840049277827,16.,-31.1981557809019));
#4825=CARTESIAN_POINT('',(26.9840049277827,16.,-31.1981557809019));
#4826=CARTESIAN_POINT('',(26.9840049277827,16.5,-31.1981557809019));
#4827=CARTESIAN_POINT('',(26.9840049277827,16.5,-31.1981557809019));
#4828=CARTESIAN_POINT('',(26.9840049277827,16.,-31.1981557809019));
#4829=CARTESIAN_POINT('Origin',(27.0726193814156,16.,-30.3297341352994));
#4830=CARTESIAN_POINT('',(27.0726193814156,16.,-30.3297341352994));
#4831=CARTESIAN_POINT('',(27.0726193814156,16.,-30.3297341352994));
#4832=CARTESIAN_POINT('',(27.0726193814156,16.5,-30.3297341352994));
#4833=CARTESIAN_POINT('',(27.0726193814156,16.5,-30.3297341352994));
#4834=CARTESIAN_POINT('',(27.0726193814156,16.,-30.3297341352994));
#4835=CARTESIAN_POINT('Origin',(27.7429521154728,16.,-30.8703250498615));
#4836=CARTESIAN_POINT('',(27.7429521154728,16.,-30.8703250498615));
#4837=CARTESIAN_POINT('',(27.7429521154728,16.,-30.8703250498615));
#4838=CARTESIAN_POINT('',(27.7429521154728,16.5,-30.8703250498615));
#4839=CARTESIAN_POINT('',(27.7429521154728,16.5,-30.8703250498615));
#4840=CARTESIAN_POINT('',(27.7429521154728,16.,-30.8703250498615));
#4841=CARTESIAN_POINT('Origin',(27.853276791914,16.,-29.7891432207372));
#4842=CARTESIAN_POINT('',(27.853276791914,16.,-29.7891432207372));
#4843=CARTESIAN_POINT('',(27.853276791914,16.,-29.7891432207372));
#4844=CARTESIAN_POINT('',(27.853276791914,16.5,-29.7891432207372));
#4845=CARTESIAN_POINT('',(27.853276791914,16.5,-29.7891432207372));
#4846=CARTESIAN_POINT('',(27.853276791914,16.,-29.7891432207372));
#4847=CARTESIAN_POINT('Origin',(28.5372897858499,16.,-30.3407666029435));
#4848=CARTESIAN_POINT('',(28.5372897858499,16.,-30.3407666029435));
#4849=CARTESIAN_POINT('',(28.5372897858499,16.,-30.3407666029435));
#4850=CARTESIAN_POINT('',(28.5372897858499,16.5,-30.3407666029435));
#4851=CARTESIAN_POINT('',(28.5372897858499,16.5,-30.3407666029435));
#4852=CARTESIAN_POINT('',(28.5372897858499,16.,-30.3407666029435));
#4853=CARTESIAN_POINT('Origin',(28.3607703035438,16.,-29.2375198385309));
#4854=CARTESIAN_POINT('',(28.3607703035438,16.,-29.2375198385309));
#4855=CARTESIAN_POINT('',(28.3607703035438,16.,-29.2375198385309));
#4856=CARTESIAN_POINT('',(28.3607703035438,16.5,-29.2375198385309));
#4857=CARTESIAN_POINT('',(28.3607703035438,16.5,-29.2375198385309));
#4858=CARTESIAN_POINT('',(28.3607703035438,16.,-29.2375198385309));
#4859=CARTESIAN_POINT('Origin',(28.8682638151736,16.,-29.3478445149721));
#4860=CARTESIAN_POINT('',(28.8682638151736,16.,-29.3478445149721));
#4861=CARTESIAN_POINT('',(28.8682638151736,16.,-29.3478445149721));
#4862=CARTESIAN_POINT('',(28.8682638151736,16.5,-29.3478445149721));
#4863=CARTESIAN_POINT('',(28.8682638151736,16.5,-29.3478445149721));
#4864=CARTESIAN_POINT('',(28.8682638151736,16.,-29.3478445149721));
#4865=CARTESIAN_POINT('Origin',(28.2063157565261,16.,-28.3856068912827));
#4866=CARTESIAN_POINT('',(28.2063157565261,16.,-28.3856068912827));
#4867=CARTESIAN_POINT('',(28.2063157565261,16.,-28.3856068912827));
#4868=CARTESIAN_POINT('',(28.2063157565261,16.5,-28.3856068912827));
#4869=CARTESIAN_POINT('',(28.2063157565261,16.5,-28.3856068912827));
#4870=CARTESIAN_POINT('',(28.2063157565261,16.,-28.3856068912827));
#4871=CARTESIAN_POINT('Origin',(28.2063157565261,16.,-28.9065458092071));
#4872=CARTESIAN_POINT('',(28.2063157565261,16.,-28.9065458092071));
#4873=CARTESIAN_POINT('',(28.2063157565261,16.,-28.9065458092071));
#4874=CARTESIAN_POINT('',(28.2063157565261,16.5,-28.9065458092071));
#4875=CARTESIAN_POINT('',(28.2063157565261,16.5,-28.9065458092071));
#4876=CARTESIAN_POINT('',(28.2063157565261,16.,-28.9065458092071));
#4877=CARTESIAN_POINT('Origin',(27.676757309608,16.,-28.3856068912827));
#4878=CARTESIAN_POINT('',(27.676757309608,16.,-28.3856068912827));
#4879=CARTESIAN_POINT('',(27.676757309608,16.,-28.3856068912827));
#4880=CARTESIAN_POINT('',(27.676757309608,16.5,-28.3856068912827));
#4881=CARTESIAN_POINT('',(27.676757309608,16.5,-28.3856068912827));
#4882=CARTESIAN_POINT('',(27.676757309608,16.,-28.3856068912827));
#4883=CARTESIAN_POINT('Origin',(27.411978086149,16.,-29.1271951620896));
#4884=CARTESIAN_POINT('',(27.411978086149,16.,-29.1271951620896));
#4885=CARTESIAN_POINT('',(27.411978086149,16.,-29.1271951620896));
#4886=CARTESIAN_POINT('',(27.411978086149,16.5,-29.1271951620896));
#4887=CARTESIAN_POINT('',(27.411978086149,16.5,-29.1271951620896));
#4888=CARTESIAN_POINT('',(27.411978086149,16.,-29.1271951620896));
#4889=CARTESIAN_POINT('Origin',(26.8382897686544,16.,-28.3856068912827));
#4890=CARTESIAN_POINT('',(26.8382897686544,16.,-28.3856068912827));
#4891=CARTESIAN_POINT('',(26.8382897686544,16.,-28.3856068912827));
#4892=CARTESIAN_POINT('',(26.8382897686544,16.5,-28.3856068912827));
#4893=CARTESIAN_POINT('',(26.8382897686544,16.5,-28.3856068912827));
#4894=CARTESIAN_POINT('',(26.8382897686544,16.,-28.3856068912827));
#4895=CARTESIAN_POINT('Origin',(26.7024658085081,16.,-29.1271951620896));
#4896=CARTESIAN_POINT('',(26.7024658085081,16.,-29.1271951620896));
#4897=CARTESIAN_POINT('',(26.7024658085081,16.,-29.1271951620896));
#4898=CARTESIAN_POINT('',(26.7024658085081,16.5,-29.1271951620896));
#4899=CARTESIAN_POINT('',(26.7024658085081,16.5,-29.1271951620896));
#4900=CARTESIAN_POINT('',(26.7024658085081,16.,-29.1271951620896));
#4901=CARTESIAN_POINT('Origin',(26.4362546343722,16.,-28.3856068912827));
#4902=CARTESIAN_POINT('',(26.4362546343722,16.,-28.3856068912827));
#4903=CARTESIAN_POINT('',(26.4362546343722,16.,-28.3856068912827));
#4904=CARTESIAN_POINT('',(26.4362546343722,16.5,-28.3856068912827));
#4905=CARTESIAN_POINT('',(26.4362546343722,16.5,-28.3856068912827));
#4906=CARTESIAN_POINT('',(26.4362546343722,16.,-28.3856068912827));
#4907=CARTESIAN_POINT('Origin',(26.0660170335656,16.,-29.1271951620896));
#4908=CARTESIAN_POINT('',(26.0660170335656,16.,-29.1271951620896));
#4909=CARTESIAN_POINT('',(26.0660170335656,16.,-29.1271951620896));
#4910=CARTESIAN_POINT('',(26.0660170335656,16.5,-29.1271951620896));
#4911=CARTESIAN_POINT('',(26.0660170335656,16.5,-29.1271951620896));
#4912=CARTESIAN_POINT('',(26.0660170335656,16.,-29.1271951620896));
#4913=CARTESIAN_POINT('Origin',(25.75710793953,16.,-28.2666626858477));
#4914=CARTESIAN_POINT('',(25.75710793953,16.,-28.2666626858477));
#4915=CARTESIAN_POINT('',(25.75710793953,16.,-28.2666626858477));
#4916=CARTESIAN_POINT('',(25.75710793953,16.5,-28.2666626858477));
#4917=CARTESIAN_POINT('',(25.75710793953,16.5,-28.2666626858477));
#4918=CARTESIAN_POINT('',(25.75710793953,16.,-28.2666626858477));
#4919=CARTESIAN_POINT('Origin',(25.3862913140757,16.,-29.0094107467092));
#4920=CARTESIAN_POINT('',(25.3862913140757,16.,-29.0094107467092));
#4921=CARTESIAN_POINT('',(25.3862913140757,16.,-29.0094107467092));
#4922=CARTESIAN_POINT('',(25.3862913140757,16.5,-29.0094107467092));
#4923=CARTESIAN_POINT('',(25.3862913140757,16.5,-29.0094107467092));
#4924=CARTESIAN_POINT('',(25.3862913140757,16.,-29.0094107467092));
#4925=CARTESIAN_POINT('Origin',(25.0111874141754,16.,-28.2666626858477));
#4926=CARTESIAN_POINT('',(25.0111874141754,16.,-28.2666626858477));
#4927=CARTESIAN_POINT('',(25.0111874141754,16.,-28.2666626858477));
#4928=CARTESIAN_POINT('',(25.0111874141754,16.5,-28.2666626858477));
#4929=CARTESIAN_POINT('',(25.0111874141754,16.5,-28.2666626858477));
#4930=CARTESIAN_POINT('',(25.0111874141754,16.,-28.2666626858477));
#4931=CARTESIAN_POINT('Origin',(24.7862507868469,16.,-29.0094107467092));
#4932=CARTESIAN_POINT('',(24.7862507868469,16.,-29.0094107467092));
#4933=CARTESIAN_POINT('',(24.7862507868469,16.,-29.0094107467092));
#4934=CARTESIAN_POINT('',(24.7862507868469,16.5,-29.0094107467092));
#4935=CARTESIAN_POINT('',(24.7862507868469,16.5,-29.0094107467092));
#4936=CARTESIAN_POINT('',(24.7862507868469,16.,-29.0094107467092));
#4937=CARTESIAN_POINT('Origin',(24.4111468869466,16.,-28.2666626858477));
#4938=CARTESIAN_POINT('',(24.4111468869466,16.,-28.2666626858477));
#4939=CARTESIAN_POINT('',(24.4111468869466,16.,-28.2666626858477));
#4940=CARTESIAN_POINT('',(24.4111468869466,16.5,-28.2666626858477));
#4941=CARTESIAN_POINT('',(24.4111468869466,16.5,-28.2666626858477));
#4942=CARTESIAN_POINT('',(24.4111468869466,16.,-28.2666626858477));
#4943=CARTESIAN_POINT('Origin',(24.1862102596182,16.,-29.0094107467092));
#4944=CARTESIAN_POINT('',(24.1862102596182,16.,-29.0094107467092));
#4945=CARTESIAN_POINT('',(24.1862102596182,16.,-29.0094107467092));
#4946=CARTESIAN_POINT('',(24.1862102596182,16.5,-29.0094107467092));
#4947=CARTESIAN_POINT('',(24.1862102596182,16.5,-29.0094107467092));
#4948=CARTESIAN_POINT('',(24.1862102596182,16.,-29.0094107467092));
#4949=CARTESIAN_POINT('Origin',(23.6775782186749,16.,-28.3990522975773));
#4950=CARTESIAN_POINT('',(23.6775782186749,16.,-28.3990522975773));
#4951=CARTESIAN_POINT('',(23.6775782186749,16.,-28.3990522975773));
#4952=CARTESIAN_POINT('',(23.6775782186749,16.5,-28.3990522975773));
#4953=CARTESIAN_POINT('',(23.6775782186749,16.5,-28.3990522975773));
#4954=CARTESIAN_POINT('',(23.6775782186749,16.,-28.3990522975773));
#4955=CARTESIAN_POINT('Origin',(23.6775782186749,16.,-29.1868790034431));
#4956=CARTESIAN_POINT('',(23.6775782186749,16.,-29.1868790034431));
#4957=CARTESIAN_POINT('',(23.6775782186749,16.,-29.1868790034431));
#4958=CARTESIAN_POINT('',(23.6775782186749,16.5,-29.1868790034431));
#4959=CARTESIAN_POINT('',(23.6775782186749,16.5,-29.1868790034431));
#4960=CARTESIAN_POINT('',(23.6775782186749,16.,-29.1868790034431));
#4961=CARTESIAN_POINT('Origin',(23.0210559637867,16.,-28.3990522975773));
#4962=CARTESIAN_POINT('',(23.0210559637867,16.,-28.3990522975773));
#4963=CARTESIAN_POINT('',(23.0210559637867,16.,-28.3990522975773));
#4964=CARTESIAN_POINT('',(23.0210559637867,16.5,-28.3990522975773));
#4965=CARTESIAN_POINT('',(23.0210559637867,16.5,-28.3990522975773));
#4966=CARTESIAN_POINT('',(23.0210559637867,16.,-28.3990522975773));
#4967=CARTESIAN_POINT('Origin',(22.859728732007,16.,-29.0262752121646));
#4968=CARTESIAN_POINT('',(22.859728732007,16.,-29.0262752121646));
#4969=CARTESIAN_POINT('',(22.859728732007,16.,-29.0262752121646));
#4970=CARTESIAN_POINT('',(22.859728732007,16.5,-29.0262752121646));
#4971=CARTESIAN_POINT('',(22.859728732007,16.5,-29.0262752121646));
#4972=CARTESIAN_POINT('',(22.859728732007,16.,-29.0262752121646));
#4973=CARTESIAN_POINT('Origin',(22.3370429698509,16.,-28.3990522975773));
#4974=CARTESIAN_POINT('',(22.3370429698509,16.,-28.3990522975773));
#4975=CARTESIAN_POINT('',(22.3370429698509,16.,-28.3990522975773));
#4976=CARTESIAN_POINT('',(22.3370429698509,16.5,-28.3990522975773));
#4977=CARTESIAN_POINT('',(22.3370429698509,16.5,-28.3990522975773));
#4978=CARTESIAN_POINT('',(22.3370429698509,16.,-28.3990522975773));
#4979=CARTESIAN_POINT('Origin',(22.3370429698509,16.,-29.1933899679544));
#4980=CARTESIAN_POINT('',(22.3370429698509,16.,-29.1933899679544));
#4981=CARTESIAN_POINT('',(22.3370429698509,16.5,-29.1933899679544));
#4982=CARTESIAN_POINT('Origin',(25.1723871543913,16.5,-29.8663704942461));
#4983=CARTESIAN_POINT('Origin',(25.1723871543913,16.,-29.8663704942461));
#4984=CARTESIAN_POINT('Origin',(20.3741107031716,16.,-33.0945766799254));
#4985=CARTESIAN_POINT('',(20.3741107031716,16.5,-32.8892010282276));
#4986=CARTESIAN_POINT('Origin',(20.3741107031716,16.5,-33.0945766799254));
#4987=CARTESIAN_POINT('',(20.3741107031716,16.,-32.8892010282276));
#4988=CARTESIAN_POINT('',(20.3741107031716,16.,-32.8892010282276));
#4989=CARTESIAN_POINT('Origin',(20.3741107031716,16.,-33.0945766799254));
#4990=CARTESIAN_POINT('Origin',(20.3741107031716,16.5,-33.0945766799254));
#4991=CARTESIAN_POINT('Origin',(20.3741107031716,16.,-33.0945766799254));
#4992=CARTESIAN_POINT('Ctrl Pts',(20.3741107031716,16.,-28.5945766128702));
#4993=CARTESIAN_POINT('Ctrl Pts',(20.3741107031716,16.5,-28.5945766128702));
#4994=CARTESIAN_POINT('Ctrl Pts',(20.3679139245866,16.,-28.6611281135208));
#4995=CARTESIAN_POINT('Ctrl Pts',(20.3679139245866,16.5,-28.6611281135208));
#4996=CARTESIAN_POINT('Ctrl Pts',(20.3587795460532,16.,-28.7968273525382));
#4997=CARTESIAN_POINT('Ctrl Pts',(20.3587795460532,16.5,-28.7968273525382));
#4998=CARTESIAN_POINT('Ctrl Pts',(20.3533409635868,16.,-29.0065626843414));
#4999=CARTESIAN_POINT('Ctrl Pts',(20.3533409635868,16.5,-29.0065626843414));
#5000=CARTESIAN_POINT('Ctrl Pts',(20.360216452319,16.,-29.293288122515));
#5001=CARTESIAN_POINT('Ctrl Pts',(20.360216452319,16.5,-29.293288122515));
#5002=CARTESIAN_POINT('Ctrl Pts',(20.3988892483629,16.,-29.6545795993816));
#5003=CARTESIAN_POINT('Ctrl Pts',(20.3988892483629,16.5,-29.6545795993816));
#5004=CARTESIAN_POINT('Ctrl Pts',(20.4808512477264,16.,-30.0128964908104));
#5005=CARTESIAN_POINT('Ctrl Pts',(20.4808512477264,16.5,-30.0128964908104));
#5006=CARTESIAN_POINT('Ctrl Pts',(20.6203218989026,16.,-30.3641990683865));
#5007=CARTESIAN_POINT('Ctrl Pts',(20.6203218989026,16.5,-30.3641990683865));
#5008=CARTESIAN_POINT('Ctrl Pts',(20.8264733967205,16.,-30.7049728942645));
#5009=CARTESIAN_POINT('Ctrl Pts',(20.8264733967205,16.5,-30.7049728942645));
#5010=CARTESIAN_POINT('Ctrl Pts',(21.0984489167596,16.,-31.0311049542437));
#5011=CARTESIAN_POINT('Ctrl Pts',(21.0984489167596,16.5,-31.0311049542437));
#5012=CARTESIAN_POINT('Ctrl Pts',(21.4287012850716,16.,-31.3380329754827));
#5013=CARTESIAN_POINT('Ctrl Pts',(21.4287012850716,16.5,-31.3380329754827));
#5014=CARTESIAN_POINT('Ctrl Pts',(21.8054760812086,16.,-31.6207780234477));
#5015=CARTESIAN_POINT('Ctrl Pts',(21.8054760812086,16.5,-31.6207780234477));
#5016=CARTESIAN_POINT('Ctrl Pts',(22.2156971692739,16.,-31.874008092179));
#5017=CARTESIAN_POINT('Ctrl Pts',(22.2156971692739,16.5,-31.874008092179));
#5018=CARTESIAN_POINT('Ctrl Pts',(22.6474837241658,16.,-32.0921182204244));
#5019=CARTESIAN_POINT('Ctrl Pts',(22.6474837241658,16.5,-32.0921182204244));
#5020=CARTESIAN_POINT('Ctrl Pts',(23.0932906445611,16.,-32.2692306171824));
#5021=CARTESIAN_POINT('Ctrl Pts',(23.0932906445611,16.5,-32.2692306171824));
#5022=CARTESIAN_POINT('Ctrl Pts',(23.5512583295192,16.,-32.3994683342903));
#5023=CARTESIAN_POINT('Ctrl Pts',(23.5512583295192,16.5,-32.3994683342903));
#5024=CARTESIAN_POINT('Ctrl Pts',(24.0225860844466,16.,-32.4778561495915));
#5025=CARTESIAN_POINT('Ctrl Pts',(24.0225860844466,16.5,-32.4778561495915));
#5026=CARTESIAN_POINT('Ctrl Pts',(24.5097122746055,16.,-32.5010958953074));
#5027=CARTESIAN_POINT('Ctrl Pts',(24.5097122746055,16.5,-32.5010958953074));
#5028=CARTESIAN_POINT('Ctrl Pts',(25.0141754378171,16.,-32.4683958190803));
#5029=CARTESIAN_POINT('Ctrl Pts',(25.0141754378171,16.5,-32.4683958190803));
#5030=CARTESIAN_POINT('Ctrl Pts',(25.5346131470847,16.,-32.3822807078898));
#5031=CARTESIAN_POINT('Ctrl Pts',(25.5346131470847,16.5,-32.3822807078898));
#5032=CARTESIAN_POINT('Ctrl Pts',(26.0646917874786,16.,-32.2494199728239));
#5033=CARTESIAN_POINT('Ctrl Pts',(26.0646917874786,16.5,-32.2494199728239));
#5034=CARTESIAN_POINT('Ctrl Pts',(26.5910699437429,16.,-32.0814490620008));
#5035=CARTESIAN_POINT('Ctrl Pts',(26.5910699437429,16.5,-32.0814490620008));
#5036=CARTESIAN_POINT('Ctrl Pts',(27.0964779866055,16.,-31.8927161944123));
#5037=CARTESIAN_POINT('Ctrl Pts',(27.0964779866055,16.5,-31.8927161944123));
#5038=CARTESIAN_POINT('Ctrl Pts',(27.5628508984918,16.,-31.6980018872162));
#5039=CARTESIAN_POINT('Ctrl Pts',(27.5628508984918,16.5,-31.6980018872162));
#5040=CARTESIAN_POINT('Ctrl Pts',(27.9743242182535,16.,-31.5103157422533));
#5041=CARTESIAN_POINT('Ctrl Pts',(27.9743242182535,16.5,-31.5103157422533));
#5042=CARTESIAN_POINT('Ctrl Pts',(28.3205488607664,16.,-31.3385118189763));
#5043=CARTESIAN_POINT('Ctrl Pts',(28.3205488607664,16.5,-31.3385118189763));
#5044=CARTESIAN_POINT('Ctrl Pts',(28.5992756191305,16.,-31.1853180175949));
#5045=CARTESIAN_POINT('Ctrl Pts',(28.5992756191305,16.5,-31.1853180175949));
#5046=CARTESIAN_POINT('Ctrl Pts',(28.820801522413,16.,-31.0443060103356));
#5047=CARTESIAN_POINT('Ctrl Pts',(28.820801522413,16.5,-31.0443060103356));
#5048=CARTESIAN_POINT('Ctrl Pts',(29.0035576424963,16.,-30.9018551277008));
#5049=CARTESIAN_POINT('Ctrl Pts',(29.0035576424963,16.5,-30.9018551277008));
#5050=CARTESIAN_POINT('Ctrl Pts',(29.1651488804843,16.,-30.7415830139867));
#5051=CARTESIAN_POINT('Ctrl Pts',(29.1651488804843,16.5,-30.7415830139867));
#5052=CARTESIAN_POINT('Ctrl Pts',(29.3152285911407,16.,-30.5479280033596));
#5053=CARTESIAN_POINT('Ctrl Pts',(29.3152285911407,16.5,-30.5479280033596));
#5054=CARTESIAN_POINT('Ctrl Pts',(29.4465726787258,16.,-30.3102439487855));
#5055=CARTESIAN_POINT('Ctrl Pts',(29.4465726787258,16.5,-30.3102439487855));
#5056=CARTESIAN_POINT('Ctrl Pts',(29.5427003103662,16.,-30.0246594638038));
#5057=CARTESIAN_POINT('Ctrl Pts',(29.5427003103662,16.5,-30.0246594638038));
#5058=CARTESIAN_POINT('Ctrl Pts',(29.5873494071564,16.,-29.6959857766627));
#5059=CARTESIAN_POINT('Ctrl Pts',(29.5873494071564,16.5,-29.6959857766627));
#5060=CARTESIAN_POINT('Ctrl Pts',(29.5726002015227,16.,-29.339259420844));
#5061=CARTESIAN_POINT('Ctrl Pts',(29.5726002015227,16.5,-29.339259420844));
#5062=CARTESIAN_POINT('Ctrl Pts',(29.5093665109818,16.,-28.9823901401857));
#5063=CARTESIAN_POINT('Ctrl Pts',(29.5093665109818,16.5,-28.9823901401857));
#5064=CARTESIAN_POINT('Ctrl Pts',(29.4188787995345,16.,-28.6587471208213));
#5065=CARTESIAN_POINT('Ctrl Pts',(29.4188787995345,16.5,-28.6587471208213));
#5066=CARTESIAN_POINT('Ctrl Pts',(29.3198814769931,16.,-28.3972411023313));
#5067=CARTESIAN_POINT('Ctrl Pts',(29.3198814769931,16.5,-28.3972411023313));
#5068=CARTESIAN_POINT('Ctrl Pts',(29.2191943664268,16.,-28.2146328893498));
#5069=CARTESIAN_POINT('Ctrl Pts',(29.2191943664268,16.5,-28.2146328893498));
#5070=CARTESIAN_POINT('Ctrl Pts',(29.0964065041161,16.,-28.1036689055259));
#5071=CARTESIAN_POINT('Ctrl Pts',(29.0964065041161,16.5,-28.1036689055259));
#5072=CARTESIAN_POINT('Ctrl Pts',(28.9078354307164,16.,-28.0351609087574));
#5073=CARTESIAN_POINT('Ctrl Pts',(28.9078354307164,16.5,-28.0351609087574));
#5074=CARTESIAN_POINT('Ctrl Pts',(28.6105635128596,16.,-27.9747597353332));
#5075=CARTESIAN_POINT('Ctrl Pts',(28.6105635128596,16.5,-27.9747597353332));
#5076=CARTESIAN_POINT('Ctrl Pts',(28.1826151211961,16.,-27.8967291810393));
#5077=CARTESIAN_POINT('Ctrl Pts',(28.1826151211961,16.5,-27.8967291810393));
#5078=CARTESIAN_POINT('Ctrl Pts',(27.6408786154304,16.,-27.7965687142577));
#5079=CARTESIAN_POINT('Ctrl Pts',(27.6408786154304,16.5,-27.7965687142577));
#5080=CARTESIAN_POINT('Ctrl Pts',(27.026775065289,16.,-27.6835857568289));
#5081=CARTESIAN_POINT('Ctrl Pts',(27.026775065289,16.5,-27.6835857568289));
#5082=CARTESIAN_POINT('Ctrl Pts',(26.395501132433,16.,-27.5757343400783));
#5083=CARTESIAN_POINT('Ctrl Pts',(26.395501132433,16.5,-27.5757343400783));
#5084=CARTESIAN_POINT('Ctrl Pts',(25.8041149398005,16.,-27.4936859902633));
#5085=CARTESIAN_POINT('Ctrl Pts',(25.8041149398005,16.5,-27.4936859902633));
#5086=CARTESIAN_POINT('Ctrl Pts',(25.299664019437,16.,-27.4550136272397));
#5087=CARTESIAN_POINT('Ctrl Pts',(25.299664019437,16.5,-27.4550136272397));
#5088=CARTESIAN_POINT('Ctrl Pts',(24.9083566925977,16.,-27.4688424204512));
#5089=CARTESIAN_POINT('Ctrl Pts',(24.9083566925977,16.5,-27.4688424204512));
#5090=CARTESIAN_POINT('Ctrl Pts',(24.6216586593037,16.,-27.5290356614939));
#5091=CARTESIAN_POINT('Ctrl Pts',(24.6216586593037,16.5,-27.5290356614939));
#5092=CARTESIAN_POINT('Ctrl Pts',(24.3919403088367,16.,-27.6119852971786));
#5093=CARTESIAN_POINT('Ctrl Pts',(24.3919403088367,16.5,-27.6119852971786));
#5094=CARTESIAN_POINT('Ctrl Pts',(24.156834117223,16.,-27.6882758299694));
#5095=CARTESIAN_POINT('Ctrl Pts',(24.156834117223,16.5,-27.6882758299694));
#5096=CARTESIAN_POINT('Ctrl Pts',(23.8574446922516,16.,-27.7313690826522));
#5097=CARTESIAN_POINT('Ctrl Pts',(23.8574446922516,16.5,-27.7313690826522));
#5098=CARTESIAN_POINT('Ctrl Pts',(23.4610592127163,16.,-27.7284910387692));
#5099=CARTESIAN_POINT('Ctrl Pts',(23.4610592127163,16.5,-27.7284910387692));
#5100=CARTESIAN_POINT('Ctrl Pts',(22.9757372960202,16.,-27.6875203962122));
#5101=CARTESIAN_POINT('Ctrl Pts',(22.9757372960202,16.5,-27.6875203962122));
#5102=CARTESIAN_POINT('Ctrl Pts',(22.4354746075579,16.,-27.6293492940314));
#5103=CARTESIAN_POINT('Ctrl Pts',(22.4354746075579,16.5,-27.6293492940314));
#5104=CARTESIAN_POINT('Ctrl Pts',(21.8896831513196,16.,-27.5823763014661));
#5105=CARTESIAN_POINT('Ctrl Pts',(21.8896831513196,16.5,-27.5823763014661));
#5106=CARTESIAN_POINT('Ctrl Pts',(21.3909452509246,16.,-27.5761471444844));
#5107=CARTESIAN_POINT('Ctrl Pts',(21.3909452509246,16.5,-27.5761471444844));
#5108=CARTESIAN_POINT('Ctrl Pts',(20.9837045228167,16.,-27.6354556920503));
#5109=CARTESIAN_POINT('Ctrl Pts',(20.9837045228167,16.5,-27.6354556920503));
#5110=CARTESIAN_POINT('Ctrl Pts',(20.6920981972937,16.,-27.7740241875865));
#5111=CARTESIAN_POINT('Ctrl Pts',(20.6920981972937,16.5,-27.7740241875865));
#5112=CARTESIAN_POINT('Ctrl Pts',(20.5093945336875,16.,-27.9889621073761));
#5113=CARTESIAN_POINT('Ctrl Pts',(20.5093945336875,16.5,-27.9889621073761));
#5114=CARTESIAN_POINT('Ctrl Pts',(20.4307314077675,16.,-28.2111491562782));
#5115=CARTESIAN_POINT('Ctrl Pts',(20.4307314077675,16.5,-28.2111491562782));
#5116=CARTESIAN_POINT('Ctrl Pts',(20.3959602175635,16.,-28.3975183486342));
#5117=CARTESIAN_POINT('Ctrl Pts',(20.3959602175635,16.5,-28.3975183486342));
#5118=CARTESIAN_POINT('Ctrl Pts',(20.3803074817567,16.,-28.5280251122195));
#5119=CARTESIAN_POINT('Ctrl Pts',(20.3803074817567,16.5,-28.5280251122195));
#5120=CARTESIAN_POINT('Ctrl Pts',(20.3741107031716,16.,-28.5945766128702));
#5121=CARTESIAN_POINT('Ctrl Pts',(20.3741107031716,16.5,-28.5945766128702));
#5122=CARTESIAN_POINT('',(20.3741107031716,16.,-28.5945766128702));
#5123=CARTESIAN_POINT('Ctrl Pts',(20.3741107031716,16.,-28.5945766128702));
#5124=CARTESIAN_POINT('Ctrl Pts',(20.3679139245866,16.,-28.6611281135208));
#5125=CARTESIAN_POINT('Ctrl Pts',(20.3587795460532,16.,-28.7968273525382));
#5126=CARTESIAN_POINT('Ctrl Pts',(20.3533409635868,16.,-29.0065626843414));
#5127=CARTESIAN_POINT('Ctrl Pts',(20.360216452319,16.,-29.293288122515));
#5128=CARTESIAN_POINT('Ctrl Pts',(20.3988892483629,16.,-29.6545795993816));
#5129=CARTESIAN_POINT('Ctrl Pts',(20.4808512477264,16.,-30.0128964908104));
#5130=CARTESIAN_POINT('Ctrl Pts',(20.6203218989026,16.,-30.3641990683865));
#5131=CARTESIAN_POINT('Ctrl Pts',(20.8264733967205,16.,-30.7049728942645));
#5132=CARTESIAN_POINT('Ctrl Pts',(21.0984489167596,16.,-31.0311049542437));
#5133=CARTESIAN_POINT('Ctrl Pts',(21.4287012850716,16.,-31.3380329754827));
#5134=CARTESIAN_POINT('Ctrl Pts',(21.8054760812086,16.,-31.6207780234477));
#5135=CARTESIAN_POINT('Ctrl Pts',(22.2156971692739,16.,-31.874008092179));
#5136=CARTESIAN_POINT('Ctrl Pts',(22.6474837241658,16.,-32.0921182204244));
#5137=CARTESIAN_POINT('Ctrl Pts',(23.0932906445611,16.,-32.2692306171824));
#5138=CARTESIAN_POINT('Ctrl Pts',(23.5512583295192,16.,-32.3994683342903));
#5139=CARTESIAN_POINT('Ctrl Pts',(24.0225860844466,16.,-32.4778561495915));
#5140=CARTESIAN_POINT('Ctrl Pts',(24.5097122746055,16.,-32.5010958953074));
#5141=CARTESIAN_POINT('Ctrl Pts',(25.0141754378171,16.,-32.4683958190803));
#5142=CARTESIAN_POINT('Ctrl Pts',(25.5346131470847,16.,-32.3822807078898));
#5143=CARTESIAN_POINT('Ctrl Pts',(26.0646917874786,16.,-32.2494199728239));
#5144=CARTESIAN_POINT('Ctrl Pts',(26.5910699437429,16.,-32.0814490620008));
#5145=CARTESIAN_POINT('Ctrl Pts',(27.0964779866055,16.,-31.8927161944123));
#5146=CARTESIAN_POINT('Ctrl Pts',(27.5628508984918,16.,-31.6980018872162));
#5147=CARTESIAN_POINT('Ctrl Pts',(27.9743242182535,16.,-31.5103157422533));
#5148=CARTESIAN_POINT('Ctrl Pts',(28.3205488607664,16.,-31.3385118189763));
#5149=CARTESIAN_POINT('Ctrl Pts',(28.5992756191305,16.,-31.1853180175949));
#5150=CARTESIAN_POINT('Ctrl Pts',(28.820801522413,16.,-31.0443060103356));
#5151=CARTESIAN_POINT('Ctrl Pts',(29.0035576424963,16.,-30.9018551277008));
#5152=CARTESIAN_POINT('Ctrl Pts',(29.1651488804843,16.,-30.7415830139867));
#5153=CARTESIAN_POINT('Ctrl Pts',(29.3152285911407,16.,-30.5479280033596));
#5154=CARTESIAN_POINT('Ctrl Pts',(29.4465726787258,16.,-30.3102439487855));
#5155=CARTESIAN_POINT('Ctrl Pts',(29.5427003103662,16.,-30.0246594638038));
#5156=CARTESIAN_POINT('Ctrl Pts',(29.5873494071564,16.,-29.6959857766627));
#5157=CARTESIAN_POINT('Ctrl Pts',(29.5726002015227,16.,-29.339259420844));
#5158=CARTESIAN_POINT('Ctrl Pts',(29.5093665109818,16.,-28.9823901401857));
#5159=CARTESIAN_POINT('Ctrl Pts',(29.4188787995345,16.,-28.6587471208213));
#5160=CARTESIAN_POINT('Ctrl Pts',(29.3198814769931,16.,-28.3972411023313));
#5161=CARTESIAN_POINT('Ctrl Pts',(29.2191943664268,16.,-28.2146328893498));
#5162=CARTESIAN_POINT('Ctrl Pts',(29.0964065041161,16.,-28.1036689055259));
#5163=CARTESIAN_POINT('Ctrl Pts',(28.9078354307164,16.,-28.0351609087574));
#5164=CARTESIAN_POINT('Ctrl Pts',(28.6105635128596,16.,-27.9747597353332));
#5165=CARTESIAN_POINT('Ctrl Pts',(28.1826151211961,16.,-27.8967291810393));
#5166=CARTESIAN_POINT('Ctrl Pts',(27.6408786154304,16.,-27.7965687142577));
#5167=CARTESIAN_POINT('Ctrl Pts',(27.026775065289,16.,-27.6835857568289));
#5168=CARTESIAN_POINT('Ctrl Pts',(26.395501132433,16.,-27.5757343400783));
#5169=CARTESIAN_POINT('Ctrl Pts',(25.8041149398005,16.,-27.4936859902633));
#5170=CARTESIAN_POINT('Ctrl Pts',(25.299664019437,16.,-27.4550136272397));
#5171=CARTESIAN_POINT('Ctrl Pts',(24.9083566925977,16.,-27.4688424204512));
#5172=CARTESIAN_POINT('Ctrl Pts',(24.6216586593037,16.,-27.5290356614939));
#5173=CARTESIAN_POINT('Ctrl Pts',(24.3919403088367,16.,-27.6119852971786));
#5174=CARTESIAN_POINT('Ctrl Pts',(24.156834117223,16.,-27.6882758299694));
#5175=CARTESIAN_POINT('Ctrl Pts',(23.8574446922516,16.,-27.7313690826522));
#5176=CARTESIAN_POINT('Ctrl Pts',(23.4610592127163,16.,-27.7284910387692));
#5177=CARTESIAN_POINT('Ctrl Pts',(22.9757372960202,16.,-27.6875203962122));
#5178=CARTESIAN_POINT('Ctrl Pts',(22.4354746075579,16.,-27.6293492940314));
#5179=CARTESIAN_POINT('Ctrl Pts',(21.8896831513196,16.,-27.5823763014661));
#5180=CARTESIAN_POINT('Ctrl Pts',(21.3909452509246,16.,-27.5761471444844));
#5181=CARTESIAN_POINT('Ctrl Pts',(20.9837045228167,16.,-27.6354556920503));
#5182=CARTESIAN_POINT('Ctrl Pts',(20.6920981972937,16.,-27.7740241875865));
#5183=CARTESIAN_POINT('Ctrl Pts',(20.5093945336875,16.,-27.9889621073761));
#5184=CARTESIAN_POINT('Ctrl Pts',(20.4307314077675,16.,-28.2111491562782));
#5185=CARTESIAN_POINT('Ctrl Pts',(20.3959602175635,16.,-28.3975183486342));
#5186=CARTESIAN_POINT('Ctrl Pts',(20.3803074817567,16.,-28.5280251122195));
#5187=CARTESIAN_POINT('Ctrl Pts',(20.3741107031716,16.,-28.5945766128702));
#5188=CARTESIAN_POINT('',(20.3741107031716,16.5,-28.5945766128702));
#5189=CARTESIAN_POINT('',(20.3741107031716,16.,-28.5945766128702));
#5190=CARTESIAN_POINT('Ctrl Pts',(20.3741107031716,16.5,-28.5945766128702));
#5191=CARTESIAN_POINT('Ctrl Pts',(20.3679139245866,16.5,-28.6611281135208));
#5192=CARTESIAN_POINT('Ctrl Pts',(20.3587795460532,16.5,-28.7968273525382));
#5193=CARTESIAN_POINT('Ctrl Pts',(20.3533409635868,16.5,-29.0065626843414));
#5194=CARTESIAN_POINT('Ctrl Pts',(20.360216452319,16.5,-29.293288122515));
#5195=CARTESIAN_POINT('Ctrl Pts',(20.3988892483629,16.5,-29.6545795993816));
#5196=CARTESIAN_POINT('Ctrl Pts',(20.4808512477264,16.5,-30.0128964908104));
#5197=CARTESIAN_POINT('Ctrl Pts',(20.6203218989026,16.5,-30.3641990683865));
#5198=CARTESIAN_POINT('Ctrl Pts',(20.8264733967205,16.5,-30.7049728942645));
#5199=CARTESIAN_POINT('Ctrl Pts',(21.0984489167596,16.5,-31.0311049542437));
#5200=CARTESIAN_POINT('Ctrl Pts',(21.4287012850716,16.5,-31.3380329754827));
#5201=CARTESIAN_POINT('Ctrl Pts',(21.8054760812086,16.5,-31.6207780234477));
#5202=CARTESIAN_POINT('Ctrl Pts',(22.2156971692739,16.5,-31.874008092179));
#5203=CARTESIAN_POINT('Ctrl Pts',(22.6474837241658,16.5,-32.0921182204244));
#5204=CARTESIAN_POINT('Ctrl Pts',(23.0932906445611,16.5,-32.2692306171824));
#5205=CARTESIAN_POINT('Ctrl Pts',(23.5512583295192,16.5,-32.3994683342903));
#5206=CARTESIAN_POINT('Ctrl Pts',(24.0225860844466,16.5,-32.4778561495915));
#5207=CARTESIAN_POINT('Ctrl Pts',(24.5097122746055,16.5,-32.5010958953074));
#5208=CARTESIAN_POINT('Ctrl Pts',(25.0141754378171,16.5,-32.4683958190803));
#5209=CARTESIAN_POINT('Ctrl Pts',(25.5346131470847,16.5,-32.3822807078898));
#5210=CARTESIAN_POINT('Ctrl Pts',(26.0646917874786,16.5,-32.2494199728239));
#5211=CARTESIAN_POINT('Ctrl Pts',(26.5910699437429,16.5,-32.0814490620008));
#5212=CARTESIAN_POINT('Ctrl Pts',(27.0964779866055,16.5,-31.8927161944123));
#5213=CARTESIAN_POINT('Ctrl Pts',(27.5628508984918,16.5,-31.6980018872162));
#5214=CARTESIAN_POINT('Ctrl Pts',(27.9743242182535,16.5,-31.5103157422533));
#5215=CARTESIAN_POINT('Ctrl Pts',(28.3205488607664,16.5,-31.3385118189763));
#5216=CARTESIAN_POINT('Ctrl Pts',(28.5992756191305,16.5,-31.1853180175949));
#5217=CARTESIAN_POINT('Ctrl Pts',(28.820801522413,16.5,-31.0443060103356));
#5218=CARTESIAN_POINT('Ctrl Pts',(29.0035576424963,16.5,-30.9018551277008));
#5219=CARTESIAN_POINT('Ctrl Pts',(29.1651488804843,16.5,-30.7415830139867));
#5220=CARTESIAN_POINT('Ctrl Pts',(29.3152285911407,16.5,-30.5479280033596));
#5221=CARTESIAN_POINT('Ctrl Pts',(29.4465726787258,16.5,-30.3102439487855));
#5222=CARTESIAN_POINT('Ctrl Pts',(29.5427003103662,16.5,-30.0246594638038));
#5223=CARTESIAN_POINT('Ctrl Pts',(29.5873494071564,16.5,-29.6959857766627));
#5224=CARTESIAN_POINT('Ctrl Pts',(29.5726002015227,16.5,-29.339259420844));
#5225=CARTESIAN_POINT('Ctrl Pts',(29.5093665109818,16.5,-28.9823901401857));
#5226=CARTESIAN_POINT('Ctrl Pts',(29.4188787995345,16.5,-28.6587471208213));
#5227=CARTESIAN_POINT('Ctrl Pts',(29.3198814769931,16.5,-28.3972411023313));
#5228=CARTESIAN_POINT('Ctrl Pts',(29.2191943664268,16.5,-28.2146328893498));
#5229=CARTESIAN_POINT('Ctrl Pts',(29.0964065041161,16.5,-28.1036689055259));
#5230=CARTESIAN_POINT('Ctrl Pts',(28.9078354307164,16.5,-28.0351609087574));
#5231=CARTESIAN_POINT('Ctrl Pts',(28.6105635128596,16.5,-27.9747597353332));
#5232=CARTESIAN_POINT('Ctrl Pts',(28.1826151211961,16.5,-27.8967291810393));
#5233=CARTESIAN_POINT('Ctrl Pts',(27.6408786154304,16.5,-27.7965687142577));
#5234=CARTESIAN_POINT('Ctrl Pts',(27.026775065289,16.5,-27.6835857568289));
#5235=CARTESIAN_POINT('Ctrl Pts',(26.395501132433,16.5,-27.5757343400783));
#5236=CARTESIAN_POINT('Ctrl Pts',(25.8041149398005,16.5,-27.4936859902633));
#5237=CARTESIAN_POINT('Ctrl Pts',(25.299664019437,16.5,-27.4550136272397));
#5238=CARTESIAN_POINT('Ctrl Pts',(24.9083566925977,16.5,-27.4688424204512));
#5239=CARTESIAN_POINT('Ctrl Pts',(24.6216586593037,16.5,-27.5290356614939));
#5240=CARTESIAN_POINT('Ctrl Pts',(24.3919403088367,16.5,-27.6119852971786));
#5241=CARTESIAN_POINT('Ctrl Pts',(24.156834117223,16.5,-27.6882758299694));
#5242=CARTESIAN_POINT('Ctrl Pts',(23.8574446922516,16.5,-27.7313690826522));
#5243=CARTESIAN_POINT('Ctrl Pts',(23.4610592127163,16.5,-27.7284910387692));
#5244=CARTESIAN_POINT('Ctrl Pts',(22.9757372960202,16.5,-27.6875203962122));
#5245=CARTESIAN_POINT('Ctrl Pts',(22.4354746075579,16.5,-27.6293492940314));
#5246=CARTESIAN_POINT('Ctrl Pts',(21.8896831513196,16.5,-27.5823763014661));
#5247=CARTESIAN_POINT('Ctrl Pts',(21.3909452509246,16.5,-27.5761471444844));
#5248=CARTESIAN_POINT('Ctrl Pts',(20.9837045228167,16.5,-27.6354556920503));
#5249=CARTESIAN_POINT('Ctrl Pts',(20.6920981972937,16.5,-27.7740241875865));
#5250=CARTESIAN_POINT('Ctrl Pts',(20.5093945336875,16.5,-27.9889621073761));
#5251=CARTESIAN_POINT('Ctrl Pts',(20.4307314077675,16.5,-28.2111491562782));
#5252=CARTESIAN_POINT('Ctrl Pts',(20.3959602175635,16.5,-28.3975183486342));
#5253=CARTESIAN_POINT('Ctrl Pts',(20.3803074817567,16.5,-28.5280251122195));
#5254=CARTESIAN_POINT('Ctrl Pts',(20.3741107031716,16.5,-28.5945766128702));
#5255=CARTESIAN_POINT('Origin',(23.7893665896261,16.,-37.6195697185117));
#5256=CARTESIAN_POINT('',(23.7893665896261,16.,-37.6195697185117));
#5257=CARTESIAN_POINT('',(22.3741107329739,16.,-37.09457673953));
#5258=CARTESIAN_POINT('',(22.3741107329739,16.,-37.09457673953));
#5259=CARTESIAN_POINT('',(22.3741107329739,16.5,-37.09457673953));
#5260=CARTESIAN_POINT('',(22.3741107329739,16.,-37.09457673953));
#5261=CARTESIAN_POINT('',(23.7893665896261,16.5,-37.6195697185117));
#5262=CARTESIAN_POINT('',(22.3741107329739,16.5,-37.09457673953));
#5263=CARTESIAN_POINT('',(23.7893665896261,16.,-37.6195697185117));
#5264=CARTESIAN_POINT('Origin',(22.6896821766898,16.,-37.8098104819311));
#5265=CARTESIAN_POINT('',(22.6896821766898,16.,-37.8098104819311));
#5266=CARTESIAN_POINT('',(22.6896821766898,16.,-37.8098104819311));
#5267=CARTESIAN_POINT('',(22.6896821766898,16.5,-37.8098104819311));
#5268=CARTESIAN_POINT('',(22.6896821766898,16.5,-37.8098104819311));
#5269=CARTESIAN_POINT('',(22.6896821766898,16.,-37.8098104819311));
#5270=CARTESIAN_POINT('Origin',(22.4649323031775,16.,-37.6195697185117));
#5271=CARTESIAN_POINT('',(22.4649323031775,16.,-37.6195697185117));
#5272=CARTESIAN_POINT('',(22.4649323031775,16.,-37.6195697185117));
#5273=CARTESIAN_POINT('',(22.4649323031775,16.5,-37.6195697185117));
#5274=CARTESIAN_POINT('',(22.4649323031775,16.5,-37.6195697185117));
#5275=CARTESIAN_POINT('',(22.4649323031775,16.,-37.6195697185117));
#5276=CARTESIAN_POINT('Origin',(22.3741107329739,16.,-37.09457673953));
#5277=CARTESIAN_POINT('',(22.3741107329739,16.,-37.09457673953));
#5278=CARTESIAN_POINT('',(22.3741107329739,16.5,-37.09457673953));
#5279=CARTESIAN_POINT('Origin',(27.2584988191927,16.,-37.9711170636032));
#5280=CARTESIAN_POINT('',(27.2584988191927,16.,-37.9711170636032));
#5281=CARTESIAN_POINT('',(27.4755528291136,16.,-37.7146901002214));
#5282=CARTESIAN_POINT('',(27.4755528291136,16.,-37.7146901002214));
#5283=CARTESIAN_POINT('',(27.4755528291136,16.5,-37.7146901002214));
#5284=CARTESIAN_POINT('',(27.4755528291136,16.,-37.7146901002214));
#5285=CARTESIAN_POINT('',(27.2584988191927,16.5,-37.9711170636032));
#5286=CARTESIAN_POINT('',(27.4755528291136,16.5,-37.7146901002214));
#5287=CARTESIAN_POINT('',(27.2584988191927,16.,-37.9711170636032));
#5288=CARTESIAN_POINT('Origin',(26.9690285459468,16.,-38.0211941994812));
#5289=CARTESIAN_POINT('',(26.9690285459468,16.,-38.0211941994812));
#5290=CARTESIAN_POINT('',(27.2584988191927,16.,-37.9711170636032));
#5291=CARTESIAN_POINT('',(26.9690285459468,16.5,-38.0211941994812));
#5292=CARTESIAN_POINT('',(27.2584988191927,16.5,-37.9711170636032));
#5293=CARTESIAN_POINT('',(26.9690285459468,16.,-38.0211941994812));
#5294=CARTESIAN_POINT('Origin',(26.8356697057543,16.,-37.7146901002214));
#5295=CARTESIAN_POINT('',(26.8356697057543,16.,-37.7146901002214));
#5296=CARTESIAN_POINT('',(26.9690285459468,16.,-38.0211941994812));
#5297=CARTESIAN_POINT('',(26.8356697057543,16.5,-37.7146901002214));
#5298=CARTESIAN_POINT('',(26.9690285459468,16.5,-38.0211941994812));
#5299=CARTESIAN_POINT('',(26.8356697057543,16.,-37.7146901002214));
#5300=CARTESIAN_POINT('Origin',(27.1137636825698,16.,-37.6665810156246));
#5301=CARTESIAN_POINT('',(27.1137636825698,16.,-37.6665810156246));
#5302=CARTESIAN_POINT('',(26.8356697057543,16.,-37.7146901002214));
#5303=CARTESIAN_POINT('',(27.1137636825698,16.5,-37.6665810156246));
#5304=CARTESIAN_POINT('',(26.8356697057543,16.5,-37.7146901002214));
#5305=CARTESIAN_POINT('',(27.1137636825698,16.,-37.6665810156246));
#5306=CARTESIAN_POINT('Origin',(27.4755528291136,16.,-37.7146901002214));
#5307=CARTESIAN_POINT('',(27.1137636825698,16.,-37.6665810156246));
#5308=CARTESIAN_POINT('',(27.1137636825698,16.5,-37.6665810156246));
#5309=CARTESIAN_POINT('Origin',(21.0568769653592,16.,-36.3535247529064));
#5310=CARTESIAN_POINT('',(20.0477356915903,16.,-33.7255526857999));
#5311=CARTESIAN_POINT('',(21.0568769653592,16.,-36.3535247529064));
#5312=CARTESIAN_POINT('',(19.997760071523,16.,-33.5954078418748));
#5313=CARTESIAN_POINT('',(20.0477356915903,16.5,-33.7255526857999));
#5314=CARTESIAN_POINT('',(20.0477356915903,16.,-33.7255526857999));
#5315=CARTESIAN_POINT('',(21.0568769653592,16.5,-36.3535247529064));
#5316=CARTESIAN_POINT('',(19.997760071523,16.5,-33.5954078418748));
#5317=CARTESIAN_POINT('',(21.0568769653592,16.,-36.3535247529064));
#5318=CARTESIAN_POINT('Origin',(22.4249029532308,16.,-38.4496936052904));
#5319=CARTESIAN_POINT('',(22.4249029532308,16.,-38.4496936052904));
#5320=CARTESIAN_POINT('',(21.0568769653592,16.,-36.3535247529064));
#5321=CARTESIAN_POINT('',(22.4249029532308,16.5,-38.4496936052904));
#5322=CARTESIAN_POINT('',(21.0568769653592,16.5,-36.3535247529064));
#5323=CARTESIAN_POINT('',(22.4249029532308,16.,-38.4496936052904));
#5324=CARTESIAN_POINT('Origin',(23.1089159471666,16.,-39.1778364698027));
#5325=CARTESIAN_POINT('',(23.1089159471666,16.,-39.1778364698027));
#5326=CARTESIAN_POINT('',(22.4249029532308,16.,-38.4496936052904));
#5327=CARTESIAN_POINT('',(23.1089159471666,16.5,-39.1778364698027));
#5328=CARTESIAN_POINT('',(22.4249029532308,16.5,-38.4496936052904));
#5329=CARTESIAN_POINT('',(23.1089159471666,16.,-39.1778364698027));
#5330=CARTESIAN_POINT('Origin',(23.748799070526,16.,-39.7073949167208));
#5331=CARTESIAN_POINT('',(23.748799070526,16.,-39.7073949167208));
#5332=CARTESIAN_POINT('',(23.1089159471666,16.,-39.1778364698027));
#5333=CARTESIAN_POINT('',(23.748799070526,16.5,-39.7073949167208));
#5334=CARTESIAN_POINT('',(23.1089159471666,16.5,-39.1778364698027));
#5335=CARTESIAN_POINT('',(23.748799070526,16.,-39.7073949167208));
#5336=CARTESIAN_POINT('Origin',(24.5431367409031,16.,-40.1486936224858));
#5337=CARTESIAN_POINT('',(24.5431367409031,16.,-40.1486936224858));
#5338=CARTESIAN_POINT('',(23.748799070526,16.,-39.7073949167208));
#5339=CARTESIAN_POINT('',(24.5431367409031,16.5,-40.1486936224858));
#5340=CARTESIAN_POINT('',(23.748799070526,16.5,-39.7073949167208));
#5341=CARTESIAN_POINT('',(24.5431367409031,16.,-40.1486936224858));
#5342=CARTESIAN_POINT('Origin',(25.0726951878211,16.,-40.2590182989271));
#5343=CARTESIAN_POINT('',(25.0726951878211,16.,-40.2590182989271));
#5344=CARTESIAN_POINT('',(24.5431367409031,16.,-40.1486936224858));
#5345=CARTESIAN_POINT('',(25.0726951878211,16.5,-40.2590182989271));
#5346=CARTESIAN_POINT('',(24.5431367409031,16.5,-40.1486936224858));
#5347=CARTESIAN_POINT('',(25.0726951878211,16.,-40.2590182989271));
#5348=CARTESIAN_POINT('Origin',(25.874110785128,16.,-40.2590182989271));
#5349=CARTESIAN_POINT('',(25.874110785128,16.,-40.2590182989271));
#5350=CARTESIAN_POINT('',(25.0726951878211,16.,-40.2590182989271));
#5351=CARTESIAN_POINT('',(25.874110785128,16.5,-40.2590182989271));
#5352=CARTESIAN_POINT('',(25.0726951878211,16.5,-40.2590182989271));
#5353=CARTESIAN_POINT('',(25.874110785128,16.,-40.2590182989271));
#5354=CARTESIAN_POINT('Origin',(26.286266628675,16.,-40.1486936224858));
#5355=CARTESIAN_POINT('',(26.286266628675,16.,-40.1486936224858));
#5356=CARTESIAN_POINT('',(25.874110785128,16.,-40.2590182989271));
#5357=CARTESIAN_POINT('',(26.286266628675,16.5,-40.1486936224858));
#5358=CARTESIAN_POINT('',(25.874110785128,16.5,-40.2590182989271));
#5359=CARTESIAN_POINT('',(26.286266628675,16.,-40.1486936224858));
#5360=CARTESIAN_POINT('Origin',(26.8741108000292,16.,-39.5945767767829));
#5361=CARTESIAN_POINT('',(26.8741108000292,16.,-39.5945767767829));
#5362=CARTESIAN_POINT('',(26.286266628675,16.,-40.1486936224858));
#5363=CARTESIAN_POINT('',(26.8741108000292,16.5,-39.5945767767829));
#5364=CARTESIAN_POINT('',(26.286266628675,16.5,-40.1486936224858));
#5365=CARTESIAN_POINT('',(26.8741108000292,16.,-39.5945767767829));
#5366=CARTESIAN_POINT('Origin',(27.5764160179516,16.,-38.3304273845225));
#5367=CARTESIAN_POINT('',(27.5764160179516,16.,-38.3304273845225));
#5368=CARTESIAN_POINT('',(26.8741108000292,16.,-39.5945767767829));
#5369=CARTESIAN_POINT('',(27.5764160179516,16.5,-38.3304273845225));
#5370=CARTESIAN_POINT('',(26.8741108000292,16.5,-39.5945767767829));
#5371=CARTESIAN_POINT('',(27.5764160179516,16.,-38.3304273845225));
#5372=CARTESIAN_POINT('Origin',(28.558954963365,16.,-36.1770052706004));
#5373=CARTESIAN_POINT('',(28.558954963365,16.,-36.1770052706004));
#5374=CARTESIAN_POINT('',(27.5764160179516,16.,-38.3304273845225));
#5375=CARTESIAN_POINT('',(28.558954963365,16.5,-36.1770052706004));
#5376=CARTESIAN_POINT('',(27.5764160179516,16.5,-38.3304273845225));
#5377=CARTESIAN_POINT('',(28.558954963365,16.,-36.1770052706004));
#5378=CARTESIAN_POINT('Origin',(29.1767731514361,16.,-34.2352909652341));
#5379=CARTESIAN_POINT('',(29.1767731514361,16.,-34.2352909652341));
#5380=CARTESIAN_POINT('',(28.558954963365,16.,-36.1770052706004));
#5381=CARTESIAN_POINT('',(29.1767731514361,16.5,-34.2352909652341));
#5382=CARTESIAN_POINT('',(28.558954963365,16.5,-36.1770052706004));
#5383=CARTESIAN_POINT('',(29.1767731514361,16.,-34.2352909652341));
#5384=CARTESIAN_POINT('Ctrl Pts',(29.6842666630659,16.,-32.6907454950565));
#5385=CARTESIAN_POINT('Ctrl Pts',(29.6842666630659,16.5,-32.6907454950565));
#5386=CARTESIAN_POINT('Ctrl Pts',(29.6547875921176,16.,-32.6692374328619));
#5387=CARTESIAN_POINT('Ctrl Pts',(29.6547875921176,16.5,-32.6692374328619));
#5388=CARTESIAN_POINT('Ctrl Pts',(29.5902647439954,16.,-32.6264782867868));
#5389=CARTESIAN_POINT('Ctrl Pts',(29.5902647439954,16.5,-32.6264782867868));
#5390=CARTESIAN_POINT('Ctrl Pts',(29.4766123315016,16.,-32.5637380782325));
#5391=CARTESIAN_POINT('Ctrl Pts',(29.4766123315016,16.5,-32.5637380782325));
#5392=CARTESIAN_POINT('Ctrl Pts',(29.2936273757937,16.,-32.4865051117495));
#5393=CARTESIAN_POINT('Ctrl Pts',(29.2936273757937,16.5,-32.4865051117495));
#5394=CARTESIAN_POINT('Ctrl Pts',(29.028942444551,16.,-32.4129464502046));
#5395=CARTESIAN_POINT('Ctrl Pts',(29.028942444551,16.5,-32.4129464502046));
#5396=CARTESIAN_POINT('Ctrl Pts',(28.7514007543629,16.,-32.3755716910224));
#5397=CARTESIAN_POINT('Ctrl Pts',(28.7514007543629,16.5,-32.3755716910224));
#5398=CARTESIAN_POINT('Ctrl Pts',(28.4866013822869,16.,-32.3861387178078));
#5399=CARTESIAN_POINT('Ctrl Pts',(28.4866013822869,16.5,-32.3861387178078));
#5400=CARTESIAN_POINT('Ctrl Pts',(28.258716372054,16.,-32.4527310838626));
#5401=CARTESIAN_POINT('Ctrl Pts',(28.258716372054,16.5,-32.4527310838626));
#5402=CARTESIAN_POINT('Ctrl Pts',(28.0860889492315,16.,-32.5771514658398));
#5403=CARTESIAN_POINT('Ctrl Pts',(28.0860889492315,16.5,-32.5771514658398));
#5404=CARTESIAN_POINT('Ctrl Pts',(27.9781634825718,16.,-32.7532989383273));
#5405=CARTESIAN_POINT('Ctrl Pts',(27.9781634825718,16.5,-32.7532989383273));
#5406=CARTESIAN_POINT('Ctrl Pts',(27.9376935665919,16.,-32.9694912019948));
#5407=CARTESIAN_POINT('Ctrl Pts',(27.9376935665919,16.5,-32.9694912019948));
#5408=CARTESIAN_POINT('Ctrl Pts',(27.9620997426026,16.,-33.2101466318027));
#5409=CARTESIAN_POINT('Ctrl Pts',(27.9620997426026,16.5,-33.2101466318027));
#5410=CARTESIAN_POINT('Ctrl Pts',(28.0450931941356,16.,-33.4576667622116));
#5411=CARTESIAN_POINT('Ctrl Pts',(28.0450931941356,16.5,-33.4576667622116));
#5412=CARTESIAN_POINT('Ctrl Pts',(28.1781612105423,16.,-33.694225217999));
#5413=CARTESIAN_POINT('Ctrl Pts',(28.1781612105423,16.5,-33.694225217999));
#5414=CARTESIAN_POINT('Ctrl Pts',(28.3520155886314,16.,-33.9035378325));
#5415=CARTESIAN_POINT('Ctrl Pts',(28.3520155886314,16.5,-33.9035378325));
#5416=CARTESIAN_POINT('Ctrl Pts',(28.5566319111246,16.,-34.0716663185791));
#5417=CARTESIAN_POINT('Ctrl Pts',(28.5566319111246,16.5,-34.0716663185791));
#5418=CARTESIAN_POINT('Ctrl Pts',(28.7682612508054,16.,-34.1810866884779));
#5419=CARTESIAN_POINT('Ctrl Pts',(28.7682612508054,16.5,-34.1810866884779));
#5420=CARTESIAN_POINT('Ctrl Pts',(28.9410738860747,16.,-34.2269975254989));
#5421=CARTESIAN_POINT('Ctrl Pts',(28.9410738860747,16.5,-34.2269975254989));
#5422=CARTESIAN_POINT('Ctrl Pts',(29.0667025240039,16.,-34.2384753099729));
#5423=CARTESIAN_POINT('Ctrl Pts',(29.0667025240039,16.5,-34.2384753099729));
#5424=CARTESIAN_POINT('Ctrl Pts',(29.1447114672536,16.,-34.2372315620565));
#5425=CARTESIAN_POINT('Ctrl Pts',(29.1447114672536,16.5,-34.2372315620565));
#5426=CARTESIAN_POINT('Ctrl Pts',(29.1767731514361,16.,-34.2352909652341));
#5427=CARTESIAN_POINT('Ctrl Pts',(29.1767731514361,16.5,-34.2352909652341));
#5428=CARTESIAN_POINT('',(29.6842666630659,16.,-32.6907454950565));
#5429=CARTESIAN_POINT('Ctrl Pts',(29.1767731514361,16.,-34.2352909652341));
#5430=CARTESIAN_POINT('Ctrl Pts',(29.1447114672536,16.,-34.2372315620564));
#5431=CARTESIAN_POINT('Ctrl Pts',(29.0667025240039,16.,-34.2384753099729));
#5432=CARTESIAN_POINT('Ctrl Pts',(28.9410738860747,16.,-34.2269975254989));
#5433=CARTESIAN_POINT('Ctrl Pts',(28.7682612508055,16.,-34.1810866884779));
#5434=CARTESIAN_POINT('Ctrl Pts',(28.5566319111246,16.,-34.0716663185791));
#5435=CARTESIAN_POINT('Ctrl Pts',(28.3520155886314,16.,-33.9035378325));
#5436=CARTESIAN_POINT('Ctrl Pts',(28.1781612105423,16.,-33.694225217999));
#5437=CARTESIAN_POINT('Ctrl Pts',(28.0450931941356,16.,-33.4576667622116));
#5438=CARTESIAN_POINT('Ctrl Pts',(27.9620997426026,16.,-33.2101466318027));
#5439=CARTESIAN_POINT('Ctrl Pts',(27.9376935665919,16.,-32.9694912019948));
#5440=CARTESIAN_POINT('Ctrl Pts',(27.9781634825718,16.,-32.7532989383273));
#5441=CARTESIAN_POINT('Ctrl Pts',(28.0860889492315,16.,-32.5771514658398));
#5442=CARTESIAN_POINT('Ctrl Pts',(28.258716372054,16.,-32.4527310838626));
#5443=CARTESIAN_POINT('Ctrl Pts',(28.4866013822869,16.,-32.3861387178078));
#5444=CARTESIAN_POINT('Ctrl Pts',(28.7514007543629,16.,-32.3755716910224));
#5445=CARTESIAN_POINT('Ctrl Pts',(29.028942444551,16.,-32.4129464502046));
#5446=CARTESIAN_POINT('Ctrl Pts',(29.2936273757937,16.,-32.4865051117495));
#5447=CARTESIAN_POINT('Ctrl Pts',(29.4766123315016,16.,-32.5637380782325));
#5448=CARTESIAN_POINT('Ctrl Pts',(29.5902647439954,16.,-32.6264782867868));
#5449=CARTESIAN_POINT('Ctrl Pts',(29.6547875921176,16.,-32.6692374328619));
#5450=CARTESIAN_POINT('Ctrl Pts',(29.6842666630659,16.,-32.6907454950565));
#5451=CARTESIAN_POINT('',(29.6842666630659,16.5,-32.6907454950565));
#5452=CARTESIAN_POINT('Ctrl Pts',(29.6842666630659,16.5,-32.6907454950565));
#5453=CARTESIAN_POINT('Ctrl Pts',(29.6547875921176,16.5,-32.6692374328619));
#5454=CARTESIAN_POINT('Ctrl Pts',(29.5902647439954,16.5,-32.6264782867868));
#5455=CARTESIAN_POINT('Ctrl Pts',(29.4766123315016,16.5,-32.5637380782325));
#5456=CARTESIAN_POINT('Ctrl Pts',(29.2936273757937,16.5,-32.4865051117495));
#5457=CARTESIAN_POINT('Ctrl Pts',(29.028942444551,16.5,-32.4129464502046));
#5458=CARTESIAN_POINT('Ctrl Pts',(28.7514007543629,16.5,-32.3755716910224));
#5459=CARTESIAN_POINT('Ctrl Pts',(28.4866013822869,16.5,-32.3861387178078));
#5460=CARTESIAN_POINT('Ctrl Pts',(28.258716372054,16.5,-32.4527310838626));
#5461=CARTESIAN_POINT('Ctrl Pts',(28.0860889492315,16.5,-32.5771514658398));
#5462=CARTESIAN_POINT('Ctrl Pts',(27.9781634825718,16.5,-32.7532989383273));
#5463=CARTESIAN_POINT('Ctrl Pts',(27.9376935665919,16.5,-32.9694912019948));
#5464=CARTESIAN_POINT('Ctrl Pts',(27.9620997426026,16.5,-33.2101466318027));
#5465=CARTESIAN_POINT('Ctrl Pts',(28.0450931941356,16.5,-33.4576667622116));
#5466=CARTESIAN_POINT('Ctrl Pts',(28.1781612105423,16.5,-33.694225217999));
#5467=CARTESIAN_POINT('Ctrl Pts',(28.3520155886314,16.5,-33.9035378325));
#5468=CARTESIAN_POINT('Ctrl Pts',(28.5566319111246,16.5,-34.0716663185791));
#5469=CARTESIAN_POINT('Ctrl Pts',(28.7682612508055,16.5,-34.1810866884779));
#5470=CARTESIAN_POINT('Ctrl Pts',(28.9410738860747,16.5,-34.2269975254989));
#5471=CARTESIAN_POINT('Ctrl Pts',(29.0667025240039,16.5,-34.2384753099729));
#5472=CARTESIAN_POINT('Ctrl Pts',(29.1447114672536,16.5,-34.2372315620564));
#5473=CARTESIAN_POINT('Ctrl Pts',(29.1767731514361,16.5,-34.2352909652341));
#5474=CARTESIAN_POINT('',(29.6842666630659,16.,-32.6907454950565));
#5475=CARTESIAN_POINT('Origin',(30.213825109984,16.,-31.3668493777613));
#5476=CARTESIAN_POINT('',(30.213825109984,16.,-31.3668493777613));
#5477=CARTESIAN_POINT('',(29.6842666630659,16.,-32.6907454950565));
#5478=CARTESIAN_POINT('',(30.213825109984,16.5,-31.3668493777613));
#5479=CARTESIAN_POINT('',(29.6842666630659,16.5,-32.6907454950565));
#5480=CARTESIAN_POINT('',(30.213825109984,16.,-31.3668493777613));
#5481=CARTESIAN_POINT('Origin',(30.5447991393077,16.,-29.9105636487367));
#5482=CARTESIAN_POINT('',(30.5447991393077,16.,-29.9105636487367));
#5483=CARTESIAN_POINT('',(30.213825109984,16.,-31.3668493777613));
#5484=CARTESIAN_POINT('',(30.5447991393077,16.5,-29.9105636487367));
#5485=CARTESIAN_POINT('',(30.213825109984,16.5,-31.3668493777613));
#5486=CARTESIAN_POINT('',(30.5447991393077,16.,-29.9105636487367));
#5487=CARTESIAN_POINT('Origin',(30.655123815749,16.,-28.277758437406));
#5488=CARTESIAN_POINT('',(30.655123815749,16.,-28.277758437406));
#5489=CARTESIAN_POINT('',(30.5447991393077,16.,-29.9105636487367));
#5490=CARTESIAN_POINT('',(30.655123815749,16.5,-28.277758437406));
#5491=CARTESIAN_POINT('',(30.5447991393077,16.5,-29.9105636487367));
#5492=CARTESIAN_POINT('',(30.655123815749,16.,-28.277758437406));
#5493=CARTESIAN_POINT('Origin',(30.5999614775284,16.,-27.4392908964524));
#5494=CARTESIAN_POINT('',(30.5999614775284,16.,-27.4392908964524));
#5495=CARTESIAN_POINT('',(30.655123815749,16.,-28.277758437406));
#5496=CARTESIAN_POINT('',(30.5999614775284,16.5,-27.4392908964524));
#5497=CARTESIAN_POINT('',(30.655123815749,16.5,-28.277758437406));
#5498=CARTESIAN_POINT('',(30.5999614775284,16.,-27.4392908964524));
#5499=CARTESIAN_POINT('Ctrl Pts',(18.6738639542279,16.,-27.1303818024168));
#5500=CARTESIAN_POINT('Ctrl Pts',(18.6738639542279,16.5,-27.1303818024168));
#5501=CARTESIAN_POINT('Ctrl Pts',(18.9239557183303,16.,-27.0465262456418));
#5502=CARTESIAN_POINT('Ctrl Pts',(18.9239557183303,16.5,-27.0465262456418));
#5503=CARTESIAN_POINT('Ctrl Pts',(19.4231354569076,16.,-26.8866264016455));
#5504=CARTESIAN_POINT('Ctrl Pts',(19.4231354569076,16.5,-26.8866264016455));
#5505=CARTESIAN_POINT('Ctrl Pts',(20.1688938191151,16.,-26.6702094854147));
#5506=CARTESIAN_POINT('Ctrl Pts',(20.1688938191151,16.5,-26.6702094854147));
#5507=CARTESIAN_POINT('Ctrl Pts',(21.157115663752,16.,-26.42929861842));
#5508=CARTESIAN_POINT('Ctrl Pts',(21.157115663752,16.5,-26.42929861842));
#5509=CARTESIAN_POINT('Ctrl Pts',(22.3814902932541,16.,-26.2130022576439));
#5510=CARTESIAN_POINT('Ctrl Pts',(22.3814902932541,16.5,-26.2130022576439));
#5511=CARTESIAN_POINT('Ctrl Pts',(23.5939658727617,16.,-26.0893016802711));
#5512=CARTESIAN_POINT('Ctrl Pts',(23.5939658727617,16.5,-26.0893016802711));
#5513=CARTESIAN_POINT('Ctrl Pts',(24.7935364322646,16.,-26.0660251231002));
#5514=CARTESIAN_POINT('Ctrl Pts',(24.7935364322646,16.5,-26.0660251231002));
#5515=CARTESIAN_POINT('Ctrl Pts',(25.979590408441,16.,-26.1479316370487));
#5516=CARTESIAN_POINT('Ctrl Pts',(25.979590408441,16.5,-26.1479316370487));
#5517=CARTESIAN_POINT('Ctrl Pts',(27.1525814577282,16.,-26.3314909677438));
#5518=CARTESIAN_POINT('Ctrl Pts',(27.1525814577282,16.5,-26.3314909677438));
#5519=CARTESIAN_POINT('Ctrl Pts',(28.3134620149074,16.,-26.6092914777198));
#5520=CARTESIAN_POINT('Ctrl Pts',(28.3134620149074,16.5,-26.6092914777198));
#5521=CARTESIAN_POINT('Ctrl Pts',(29.233255929309,16.,-26.9008716758698));
#5522=CARTESIAN_POINT('Ctrl Pts',(29.233255929309,16.5,-26.9008716758698));
#5523=CARTESIAN_POINT('Ctrl Pts',(29.9184052636293,16.,-27.1561008507362));
#5524=CARTESIAN_POINT('Ctrl Pts',(29.9184052636293,16.5,-27.1561008507362));
#5525=CARTESIAN_POINT('Ctrl Pts',(30.3731182805007,16.,-27.3422312304175));
#5526=CARTESIAN_POINT('Ctrl Pts',(30.3731182805007,16.5,-27.3422312304175));
#5527=CARTESIAN_POINT('Ctrl Pts',(30.5999614775284,16.,-27.4392908964524));
#5528=CARTESIAN_POINT('Ctrl Pts',(30.5999614775284,16.5,-27.4392908964524));
#5529=CARTESIAN_POINT('',(18.6738639542279,16.,-27.1303818024168));
#5530=CARTESIAN_POINT('Ctrl Pts',(18.6738639542279,16.,-27.1303818024168));
#5531=CARTESIAN_POINT('Ctrl Pts',(18.9239557183303,16.,-27.0465262456418));
#5532=CARTESIAN_POINT('Ctrl Pts',(19.4231354569076,16.,-26.8866264016455));
#5533=CARTESIAN_POINT('Ctrl Pts',(20.1688938191151,16.,-26.6702094854147));
#5534=CARTESIAN_POINT('Ctrl Pts',(21.157115663752,16.,-26.42929861842));
#5535=CARTESIAN_POINT('Ctrl Pts',(22.3814902932541,16.,-26.2130022576439));
#5536=CARTESIAN_POINT('Ctrl Pts',(23.5939658727617,16.,-26.0893016802711));
#5537=CARTESIAN_POINT('Ctrl Pts',(24.7935364322646,16.,-26.0660251231002));
#5538=CARTESIAN_POINT('Ctrl Pts',(25.979590408441,16.,-26.1479316370487));
#5539=CARTESIAN_POINT('Ctrl Pts',(27.1525814577282,16.,-26.3314909677438));
#5540=CARTESIAN_POINT('Ctrl Pts',(28.3134620149074,16.,-26.6092914777198));
#5541=CARTESIAN_POINT('Ctrl Pts',(29.233255929309,16.,-26.9008716758698));
#5542=CARTESIAN_POINT('Ctrl Pts',(29.9184052636293,16.,-27.1561008507362));
#5543=CARTESIAN_POINT('Ctrl Pts',(30.3731182805007,16.,-27.3422312304175));
#5544=CARTESIAN_POINT('Ctrl Pts',(30.5999614775284,16.,-27.4392908964524));
#5545=CARTESIAN_POINT('',(18.6738639542279,16.5,-27.1303818024168));
#5546=CARTESIAN_POINT('Ctrl Pts',(18.6738639542279,16.5,-27.1303818024168));
#5547=CARTESIAN_POINT('Ctrl Pts',(18.9239557183303,16.5,-27.0465262456418));
#5548=CARTESIAN_POINT('Ctrl Pts',(19.4231354569076,16.5,-26.8866264016455));
#5549=CARTESIAN_POINT('Ctrl Pts',(20.1688938191151,16.5,-26.6702094854147));
#5550=CARTESIAN_POINT('Ctrl Pts',(21.157115663752,16.5,-26.42929861842));
#5551=CARTESIAN_POINT('Ctrl Pts',(22.3814902932541,16.5,-26.2130022576439));
#5552=CARTESIAN_POINT('Ctrl Pts',(23.5939658727617,16.5,-26.0893016802711));
#5553=CARTESIAN_POINT('Ctrl Pts',(24.7935364322646,16.5,-26.0660251231002));
#5554=CARTESIAN_POINT('Ctrl Pts',(25.979590408441,16.5,-26.1479316370487));
#5555=CARTESIAN_POINT('Ctrl Pts',(27.1525814577282,16.5,-26.3314909677438));
#5556=CARTESIAN_POINT('Ctrl Pts',(28.3134620149074,16.5,-26.6092914777198));
#5557=CARTESIAN_POINT('Ctrl Pts',(29.233255929309,16.5,-26.9008716758698));
#5558=CARTESIAN_POINT('Ctrl Pts',(29.9184052636293,16.5,-27.1561008507362));
#5559=CARTESIAN_POINT('Ctrl Pts',(30.3731182805007,16.5,-27.3422312304175));
#5560=CARTESIAN_POINT('Ctrl Pts',(30.5999614775284,16.5,-27.4392908964524));
#5561=CARTESIAN_POINT('',(18.6738639542279,16.,-27.1303818024168));
#5562=CARTESIAN_POINT('Origin',(19.5785263010462,16.,-32.3597714657327));
#5563=CARTESIAN_POINT('',(19.5785263010462,16.,-32.3597714657327));
#5564=CARTESIAN_POINT('',(18.6738639542279,16.,-27.1303818024168));
#5565=CARTESIAN_POINT('',(19.5785263010462,16.5,-32.3597714657327));
#5566=CARTESIAN_POINT('',(18.6738639542279,16.5,-27.1303818024168));
#5567=CARTESIAN_POINT('',(19.5785263010462,16.,-32.3597714657327));
#5568=CARTESIAN_POINT('Ctrl Pts',(20.0477356915903,16.,-33.7255526858));
#5569=CARTESIAN_POINT('Ctrl Pts',(20.0477356915903,16.5,-33.7255526858));
#5570=CARTESIAN_POINT('Ctrl Pts',(20.0625645393915,16.,-33.7372969593199));
#5571=CARTESIAN_POINT('Ctrl Pts',(20.0625645393915,16.5,-33.7372969593199));
#5572=CARTESIAN_POINT('Ctrl Pts',(20.1000564401067,16.,-33.7639046325743));
#5573=CARTESIAN_POINT('Ctrl Pts',(20.1000564401067,16.5,-33.7639046325743));
#5574=CARTESIAN_POINT('Ctrl Pts',(20.1732389585039,16.,-33.8051144057199));
#5575=CARTESIAN_POINT('Ctrl Pts',(20.1732389585039,16.5,-33.8051144057199));
#5576=CARTESIAN_POINT('Ctrl Pts',(20.3032834511503,16.,-33.8561613778707));
#5577=CARTESIAN_POINT('Ctrl Pts',(20.3032834511503,16.5,-33.8561613778707));
#5578=CARTESIAN_POINT('Ctrl Pts',(20.5108420782696,16.,-33.9035485441719));
#5579=CARTESIAN_POINT('Ctrl Pts',(20.5108420782696,16.5,-33.9035485441719));
#5580=CARTESIAN_POINT('Ctrl Pts',(20.7568016602541,16.,-33.927421821077));
#5581=CARTESIAN_POINT('Ctrl Pts',(20.7568016602541,16.5,-33.927421821077));
#5582=CARTESIAN_POINT('Ctrl Pts',(21.0116031493262,16.,-33.9222795289638));
#5583=CARTESIAN_POINT('Ctrl Pts',(21.0116031493262,16.5,-33.9222795289638));
#5584=CARTESIAN_POINT('Ctrl Pts',(21.2535112430182,16.,-33.8871958613721));
#5585=CARTESIAN_POINT('Ctrl Pts',(21.2535112430182,16.5,-33.8871958613721));
#5586=CARTESIAN_POINT('Ctrl Pts',(21.4631138250657,16.,-33.8234645379193));
#5587=CARTESIAN_POINT('Ctrl Pts',(21.4631138250657,16.5,-33.8234645379193));
#5588=CARTESIAN_POINT('Ctrl Pts',(21.6262887690442,16.,-33.7341333638425));
#5589=CARTESIAN_POINT('Ctrl Pts',(21.6262887690442,16.5,-33.7341333638425));
#5590=CARTESIAN_POINT('Ctrl Pts',(21.7372334691748,16.,-33.6235637214949));
#5591=CARTESIAN_POINT('Ctrl Pts',(21.7372334691748,16.5,-33.6235637214949));
#5592=CARTESIAN_POINT('Ctrl Pts',(21.7963376648834,16.,-33.4969670641211));
#5593=CARTESIAN_POINT('Ctrl Pts',(21.7963376648834,16.5,-33.4969670641211));
#5594=CARTESIAN_POINT('Ctrl Pts',(21.8080298315467,16.,-33.3599522180157));
#5595=CARTESIAN_POINT('Ctrl Pts',(21.8080298315467,16.5,-33.3599522180157));
#5596=CARTESIAN_POINT('Ctrl Pts',(21.7786056676045,16.,-33.2180614446568));
#5597=CARTESIAN_POINT('Ctrl Pts',(21.7786056676045,16.5,-33.2180614446568));
#5598=CARTESIAN_POINT('Ctrl Pts',(21.7141785055395,16.,-33.0763337484766));
#5599=CARTESIAN_POINT('Ctrl Pts',(21.7141785055395,16.5,-33.0763337484766));
#5600=CARTESIAN_POINT('Ctrl Pts',(21.6183063596432,16.,-32.9387980240772));
#5601=CARTESIAN_POINT('Ctrl Pts',(21.6183063596432,16.5,-32.9387980240772));
#5602=CARTESIAN_POINT('Ctrl Pts',(21.4926882286629,16.,-32.8086077740259));
#5603=CARTESIAN_POINT('Ctrl Pts',(21.4926882286629,16.5,-32.8086077740259));
#5604=CARTESIAN_POINT('Ctrl Pts',(21.3383413192723,16.,-32.6882744329753));
#5605=CARTESIAN_POINT('Ctrl Pts',(21.3383413192723,16.5,-32.6882744329753));
#5606=CARTESIAN_POINT('Ctrl Pts',(21.1565754422955,16.,-32.5798574531778));
#5607=CARTESIAN_POINT('Ctrl Pts',(21.1565754422955,16.5,-32.5798574531778));
#5608=CARTESIAN_POINT('Ctrl Pts',(20.9501250121914,16.,-32.4851839237238));
#5609=CARTESIAN_POINT('Ctrl Pts',(20.9501250121914,16.5,-32.4851839237238));
#5610=CARTESIAN_POINT('Ctrl Pts',(20.7240531900493,16.,-32.4060226492091));
#5611=CARTESIAN_POINT('Ctrl Pts',(20.7240531900493,16.5,-32.4060226492091));
#5612=CARTESIAN_POINT('Ctrl Pts',(20.487170542116,16.,-32.3443543582721));
#5613=CARTESIAN_POINT('Ctrl Pts',(20.487170542116,16.5,-32.3443543582721));
#5614=CARTESIAN_POINT('Ctrl Pts',(20.2516201020546,16.,-32.3022919829242));
#5615=CARTESIAN_POINT('Ctrl Pts',(20.2516201020546,16.5,-32.3022919829242));
#5616=CARTESIAN_POINT('Ctrl Pts',(20.0306704356949,16.,-32.2816589012833));
#5617=CARTESIAN_POINT('Ctrl Pts',(20.0306704356949,16.5,-32.2816589012833));
#5618=CARTESIAN_POINT('Ctrl Pts',(19.8370021188112,16.,-32.2836592561326));
#5619=CARTESIAN_POINT('Ctrl Pts',(19.8370021188112,16.5,-32.2836592561326));
#5620=CARTESIAN_POINT('Ctrl Pts',(19.7120326542235,16.,-32.3035376478074));
#5621=CARTESIAN_POINT('Ctrl Pts',(19.7120326542235,16.5,-32.3035376478074));
#5622=CARTESIAN_POINT('Ctrl Pts',(19.637786823524,16.,-32.3282188192883));
#5623=CARTESIAN_POINT('Ctrl Pts',(19.637786823524,16.5,-32.3282188192883));
#5624=CARTESIAN_POINT('Ctrl Pts',(19.5968950050105,16.,-32.3486365103984));
#5625=CARTESIAN_POINT('Ctrl Pts',(19.5968950050105,16.5,-32.3486365103984));
#5626=CARTESIAN_POINT('Ctrl Pts',(19.5785263010462,16.,-32.3597714657327));
#5627=CARTESIAN_POINT('Ctrl Pts',(19.5785263010462,16.5,-32.3597714657327));
#5628=CARTESIAN_POINT('Ctrl Pts',(20.0477356915903,16.,-33.7255526857999));
#5629=CARTESIAN_POINT('Ctrl Pts',(20.0625645393915,16.,-33.7372969593198));
#5630=CARTESIAN_POINT('Ctrl Pts',(20.1000564401066,16.,-33.7639046325742));
#5631=CARTESIAN_POINT('Ctrl Pts',(20.1732389585038,16.,-33.8051144057199));
#5632=CARTESIAN_POINT('Ctrl Pts',(20.3032834511502,16.,-33.8561613778707));
#5633=CARTESIAN_POINT('Ctrl Pts',(20.5108420782696,16.,-33.9035485441719));
#5634=CARTESIAN_POINT('Ctrl Pts',(20.7568016602541,16.,-33.927421821077));
#5635=CARTESIAN_POINT('Ctrl Pts',(21.0116031493262,16.,-33.9222795289638));
#5636=CARTESIAN_POINT('Ctrl Pts',(21.2535112430182,16.,-33.8871958613721));
#5637=CARTESIAN_POINT('Ctrl Pts',(21.4631138250657,16.,-33.8234645379193));
#5638=CARTESIAN_POINT('Ctrl Pts',(21.6262887690442,16.,-33.7341333638425));
#5639=CARTESIAN_POINT('Ctrl Pts',(21.7372334691748,16.,-33.6235637214949));
#5640=CARTESIAN_POINT('Ctrl Pts',(21.7963376648834,16.,-33.4969670641211));
#5641=CARTESIAN_POINT('Ctrl Pts',(21.8080298315467,16.,-33.3599522180157));
#5642=CARTESIAN_POINT('Ctrl Pts',(21.7786056676045,16.,-33.2180614446568));
#5643=CARTESIAN_POINT('Ctrl Pts',(21.7141785055395,16.,-33.0763337484766));
#5644=CARTESIAN_POINT('Ctrl Pts',(21.6183063596432,16.,-32.9387980240772));
#5645=CARTESIAN_POINT('Ctrl Pts',(21.4926882286629,16.,-32.8086077740259));
#5646=CARTESIAN_POINT('Ctrl Pts',(21.3383413192723,16.,-32.6882744329753));
#5647=CARTESIAN_POINT('Ctrl Pts',(21.1565754422955,16.,-32.5798574531778));
#5648=CARTESIAN_POINT('Ctrl Pts',(20.9501250121914,16.,-32.4851839237238));
#5649=CARTESIAN_POINT('Ctrl Pts',(20.7240531900493,16.,-32.4060226492091));
#5650=CARTESIAN_POINT('Ctrl Pts',(20.487170542116,16.,-32.3443543582721));
#5651=CARTESIAN_POINT('Ctrl Pts',(20.2516201020546,16.,-32.3022919829242));
#5652=CARTESIAN_POINT('Ctrl Pts',(20.0306704356949,16.,-32.2816589012833));
#5653=CARTESIAN_POINT('Ctrl Pts',(19.8370021188112,16.,-32.2836592561326));
#5654=CARTESIAN_POINT('Ctrl Pts',(19.7120326542235,16.,-32.3035376478074));
#5655=CARTESIAN_POINT('Ctrl Pts',(19.637786823524,16.,-32.3282188192883));
#5656=CARTESIAN_POINT('Ctrl Pts',(19.5968950050105,16.,-32.3486365103984));
#5657=CARTESIAN_POINT('Ctrl Pts',(19.5785263010462,16.,-32.3597714657327));
#5658=CARTESIAN_POINT('Ctrl Pts',(20.0477356915903,16.5,-33.7255526858));
#5659=CARTESIAN_POINT('Ctrl Pts',(20.0625645393915,16.5,-33.7372969593199));
#5660=CARTESIAN_POINT('Ctrl Pts',(20.1000564401067,16.5,-33.7639046325743));
#5661=CARTESIAN_POINT('Ctrl Pts',(20.1732389585039,16.5,-33.8051144057199));
#5662=CARTESIAN_POINT('Ctrl Pts',(20.3032834511503,16.5,-33.8561613778707));
#5663=CARTESIAN_POINT('Ctrl Pts',(20.5108420782696,16.5,-33.9035485441719));
#5664=CARTESIAN_POINT('Ctrl Pts',(20.7568016602541,16.5,-33.927421821077));
#5665=CARTESIAN_POINT('Ctrl Pts',(21.0116031493262,16.5,-33.9222795289638));
#5666=CARTESIAN_POINT('Ctrl Pts',(21.2535112430182,16.5,-33.8871958613721));
#5667=CARTESIAN_POINT('Ctrl Pts',(21.4631138250657,16.5,-33.8234645379193));
#5668=CARTESIAN_POINT('Ctrl Pts',(21.6262887690442,16.5,-33.7341333638425));
#5669=CARTESIAN_POINT('Ctrl Pts',(21.7372334691748,16.5,-33.6235637214949));
#5670=CARTESIAN_POINT('Ctrl Pts',(21.7963376648834,16.5,-33.4969670641211));
#5671=CARTESIAN_POINT('Ctrl Pts',(21.8080298315467,16.5,-33.3599522180157));
#5672=CARTESIAN_POINT('Ctrl Pts',(21.7786056676045,16.5,-33.2180614446568));
#5673=CARTESIAN_POINT('Ctrl Pts',(21.7141785055395,16.5,-33.0763337484766));
#5674=CARTESIAN_POINT('Ctrl Pts',(21.6183063596432,16.5,-32.9387980240772));
#5675=CARTESIAN_POINT('Ctrl Pts',(21.4926882286629,16.5,-32.8086077740259));
#5676=CARTESIAN_POINT('Ctrl Pts',(21.3383413192723,16.5,-32.6882744329753));
#5677=CARTESIAN_POINT('Ctrl Pts',(21.1565754422955,16.5,-32.5798574531778));
#5678=CARTESIAN_POINT('Ctrl Pts',(20.9501250121914,16.5,-32.4851839237238));
#5679=CARTESIAN_POINT('Ctrl Pts',(20.7240531900493,16.5,-32.4060226492091));
#5680=CARTESIAN_POINT('Ctrl Pts',(20.487170542116,16.5,-32.3443543582721));
#5681=CARTESIAN_POINT('Ctrl Pts',(20.2516201020546,16.5,-32.3022919829242));
#5682=CARTESIAN_POINT('Ctrl Pts',(20.0306704356949,16.5,-32.2816589012833));
#5683=CARTESIAN_POINT('Ctrl Pts',(19.8370021188112,16.5,-32.2836592561326));
#5684=CARTESIAN_POINT('Ctrl Pts',(19.7120326542235,16.5,-32.3035376478074));
#5685=CARTESIAN_POINT('Ctrl Pts',(19.637786823524,16.5,-32.3282188192883));
#5686=CARTESIAN_POINT('Ctrl Pts',(19.5968950050105,16.5,-32.3486365103984));
#5687=CARTESIAN_POINT('Ctrl Pts',(19.5785263010462,16.5,-32.3597714657327));
#5688=CARTESIAN_POINT('Origin',(24.6644938849884,16.5,-33.1625217110136));
#5689=CARTESIAN_POINT('Origin',(24.6644938849884,16.,-33.1625217110136));
#5690=CARTESIAN_POINT('Origin',(29.1898255589816,16.,-33.2187542739007));
#5691=CARTESIAN_POINT('',(29.1898255589816,16.5,-32.991581861088));
#5692=CARTESIAN_POINT('Origin',(29.1898255589816,16.5,-33.2187542739007));
#5693=CARTESIAN_POINT('',(29.1898255589816,16.,-32.991581861088));
#5694=CARTESIAN_POINT('',(29.1898255589816,16.,-32.991581861088));
#5695=CARTESIAN_POINT('Origin',(29.1898255589816,16.,-33.2187542739007));
#5696=CARTESIAN_POINT('Origin',(29.1898255589816,16.5,-33.2187542739007));
#5697=CARTESIAN_POINT('Origin',(29.1898255589816,16.,-33.2187542739007));
#5698=CARTESIAN_POINT('Origin',(0.,8.,0.));
#5699=CARTESIAN_POINT('',(35.5,8.,44.));
#5700=CARTESIAN_POINT('',(35.5,8.,-44.));
#5701=CARTESIAN_POINT('',(35.5,8.,22.));
#5702=CARTESIAN_POINT('',(-35.5,8.,44.));
#5703=CARTESIAN_POINT('',(-17.75,8.,44.));
#5704=CARTESIAN_POINT('',(-35.5,8.,-44.));
#5705=CARTESIAN_POINT('',(-35.5,8.,-22.));
#5706=CARTESIAN_POINT('',(17.75,8.,-44.));
#5707=CARTESIAN_POINT('Origin',(-35.5,0.,44.));
#5708=CARTESIAN_POINT('',(35.5,12.,44.));
#5709=CARTESIAN_POINT('',(35.5,0.,44.));
#5710=CARTESIAN_POINT('',(-35.5,12.,44.));
#5711=CARTESIAN_POINT('',(-35.5,12.,44.));
#5712=CARTESIAN_POINT('',(-35.5,0.,44.));
#5713=CARTESIAN_POINT('Origin',(35.5,0.,44.));
#5714=CARTESIAN_POINT('',(35.5,12.,-44.));
#5715=CARTESIAN_POINT('',(35.5,0.,-44.));
#5716=CARTESIAN_POINT('',(35.5,12.,44.));
#5717=CARTESIAN_POINT('Origin',(-35.5,0.,-44.));
#5718=CARTESIAN_POINT('',(-35.5,12.,-44.));
#5719=CARTESIAN_POINT('',(-35.5,12.,-44.));
#5720=CARTESIAN_POINT('',(-35.5,0.,-44.));
#5721=CARTESIAN_POINT('Origin',(35.5,0.,-44.));
#5722=CARTESIAN_POINT('',(35.5,12.,-44.));
#5723=CARTESIAN_POINT('Origin',(0.,12.,0.));
#5724=UNCERTAINTY_MEASURE_WITH_UNIT(LENGTH_MEASURE(0.01),#5728,
'DISTANCE_ACCURACY_VALUE',
'Maximum model space distance between geometric entities at asserted c
onnectivities');
#5725=UNCERTAINTY_MEASURE_WITH_UNIT(LENGTH_MEASURE(0.01),#5728,
'DISTANCE_ACCURACY_VALUE',
'Maximum model space distance between geometric entities at asserted c
onnectivities');
#5726=(
GEOMETRIC_REPRESENTATION_CONTEXT(3)
GLOBAL_UNCERTAINTY_ASSIGNED_CONTEXT((#5724))
GLOBAL_UNIT_ASSIGNED_CONTEXT((#5728,#5730,#5731))
REPRESENTATION_CONTEXT('','3D')
);
#5727=(
GEOMETRIC_REPRESENTATION_CONTEXT(3)
GLOBAL_UNCERTAINTY_ASSIGNED_CONTEXT((#5725))
GLOBAL_UNIT_ASSIGNED_CONTEXT((#5728,#5730,#5731))
REPRESENTATION_CONTEXT('','3D')
);
#5728=(
LENGTH_UNIT()
NAMED_UNIT(*)
SI_UNIT(.MILLI.,.METRE.)
);
#5729=(
LENGTH_UNIT()
NAMED_UNIT(*)
SI_UNIT($,.METRE.)
);
#5730=(
NAMED_UNIT(*)
PLANE_ANGLE_UNIT()
SI_UNIT($,.RADIAN.)
);
#5731=(
NAMED_UNIT(*)
SI_UNIT($,.STERADIAN.)
SOLID_ANGLE_UNIT()
);
#5732=SHAPE_DEFINITION_REPRESENTATION(#5733,#5734);
#5733=PRODUCT_DEFINITION_SHAPE('',$,#5736);
#5734=SHAPE_REPRESENTATION('',(#3260),#5726);
#5735=PRODUCT_DEFINITION_CONTEXT('part definition',#5740,'design');
#5736=PRODUCT_DEFINITION('HackPad','HackPad v3',#5737,#5735);
#5737=PRODUCT_DEFINITION_FORMATION('',$,#5742);
#5738=PRODUCT_RELATED_PRODUCT_CATEGORY('HackPad v3','HackPad v3',(#5742));
#5739=APPLICATION_PROTOCOL_DEFINITION('international standard',
'automotive_design',2009,#5740);
#5740=APPLICATION_CONTEXT(
'Core Data for Automotive Mechanical Design Process');
#5741=PRODUCT_CONTEXT('part definition',#5740,'mechanical');
#5742=PRODUCT('HackPad','HackPad v3',$,(#5741));
#5743=PRESENTATION_STYLE_ASSIGNMENT((#5746));
#5744=PRESENTATION_STYLE_ASSIGNMENT((#5747));
#5745=PRESENTATION_STYLE_ASSIGNMENT((#5748));
#5746=SURFACE_STYLE_USAGE(.BOTH.,#5749);
#5747=SURFACE_STYLE_USAGE(.BOTH.,#5750);
#5748=SURFACE_STYLE_USAGE(.BOTH.,#5751);
#5749=SURFACE_SIDE_STYLE('',(#5752));
#5750=SURFACE_SIDE_STYLE('',(#5753));
#5751=SURFACE_SIDE_STYLE('',(#5754));
#5752=SURFACE_STYLE_FILL_AREA(#5755);
#5753=SURFACE_STYLE_FILL_AREA(#5756);
#5754=SURFACE_STYLE_FILL_AREA(#5757);
#5755=FILL_AREA_STYLE('Steel - Satin',(#5758));
#5756=FILL_AREA_STYLE('ABS (White)',(#5759));
#5757=FILL_AREA_STYLE('Paint - Enamel Glossy (Green)',(#5760));
#5758=FILL_AREA_STYLE_COLOUR('Steel - Satin',#5761);
#5759=FILL_AREA_STYLE_COLOUR('ABS (White)',#5762);
#5760=FILL_AREA_STYLE_COLOUR('Paint - Enamel Glossy (Green)',#5763);
#5761=COLOUR_RGB('Steel - Satin',0.627450980392157,0.627450980392157,0.627450980392157);
#5762=COLOUR_RGB('ABS (White)',0.964705882352941,0.964705882352941,0.952941176470588);
#5763=COLOUR_RGB('Paint - Enamel Glossy (Green)',0.266666666666667,0.588235294117647,
0.282352941176471);
ENDSEC;
END-ISO-10303-21;
